chrom,window_start,variant_count,chrom_label,chrom_length,window_end,window_mid,window_width,window_size,variants_per_mb,window_size_label
scaffold_1,1,1,Chr1,45697135,100000,50000.5,100000,100000,10,100 kb
scaffold_1,100001,92,Chr1,45697135,200000,150000.5,100000,100000,920,100 kb
scaffold_1,200001,85,Chr1,45697135,300000,250000.5,100000,100000,850,100 kb
scaffold_1,300001,139,Chr1,45697135,400000,350000.5,100000,100000,1390,100 kb
scaffold_1,400001,58,Chr1,45697135,500000,450000.5,100000,100000,580,100 kb
scaffold_1,500001,65,Chr1,45697135,600000,550000.5,100000,100000,650,100 kb
scaffold_1,600001,75,Chr1,45697135,700000,650000.5,100000,100000,750,100 kb
scaffold_1,700001,78,Chr1,45697135,800000,750000.5,100000,100000,780,100 kb
scaffold_1,800001,12,Chr1,45697135,900000,850000.5,100000,100000,120,100 kb
scaffold_1,900001,71,Chr1,45697135,1000000,950000.5,100000,100000,710,100 kb
scaffold_1,1000001,89,Chr1,45697135,1100000,1050000.5,100000,100000,890,100 kb
scaffold_1,1100001,39,Chr1,45697135,1200000,1150000.5,100000,100000,390,100 kb
scaffold_1,1200001,104,Chr1,45697135,1300000,1250000.5,100000,100000,1040,100 kb
scaffold_1,1300001,93,Chr1,45697135,1400000,1350000.5,100000,100000,930,100 kb
scaffold_1,1400001,134,Chr1,45697135,1500000,1450000.5,100000,100000,1340,100 kb
scaffold_1,1500001,66,Chr1,45697135,1600000,1550000.5,100000,100000,660,100 kb
scaffold_1,1600001,79,Chr1,45697135,1700000,1650000.5,100000,100000,790,100 kb
scaffold_1,1700001,69,Chr1,45697135,1800000,1750000.5,100000,100000,690,100 kb
scaffold_1,1800001,93,Chr1,45697135,1900000,1850000.5,100000,100000,930,100 kb
scaffold_1,1900001,88,Chr1,45697135,2000000,1950000.5,100000,100000,880,100 kb
scaffold_1,2000001,28,Chr1,45697135,2100000,2050000.5,100000,100000,280,100 kb
scaffold_1,2100001,117,Chr1,45697135,2200000,2150000.5,100000,100000,1170,100 kb
scaffold_1,2200001,90,Chr1,45697135,2300000,2250000.5,100000,100000,900,100 kb
scaffold_1,2300001,101,Chr1,45697135,2400000,2350000.5,100000,100000,1010,100 kb
scaffold_1,2400001,42,Chr1,45697135,2500000,2450000.5,100000,100000,420,100 kb
scaffold_1,2500001,46,Chr1,45697135,2600000,2550000.5,100000,100000,460,100 kb
scaffold_1,2600001,144,Chr1,45697135,2700000,2650000.5,100000,100000,1440,100 kb
scaffold_1,2700001,117,Chr1,45697135,2800000,2750000.5,100000,100000,1170,100 kb
scaffold_1,2800001,86,Chr1,45697135,2900000,2850000.5,100000,100000,860,100 kb
scaffold_1,2900001,117,Chr1,45697135,3000000,2950000.5,100000,100000,1170,100 kb
scaffold_1,3000001,119,Chr1,45697135,3100000,3050000.5,100000,100000,1190,100 kb
scaffold_1,3100001,120,Chr1,45697135,3200000,3150000.5,100000,100000,1200,100 kb
scaffold_1,3200001,100,Chr1,45697135,3300000,3250000.5,100000,100000,1000,100 kb
scaffold_1,3300001,76,Chr1,45697135,3400000,3350000.5,100000,100000,760,100 kb
scaffold_1,3400001,56,Chr1,45697135,3500000,3450000.5,100000,100000,560,100 kb
scaffold_1,3500001,59,Chr1,45697135,3600000,3550000.5,100000,100000,590,100 kb
scaffold_1,3600001,101,Chr1,45697135,3700000,3650000.5,100000,100000,1010,100 kb
scaffold_1,3700001,101,Chr1,45697135,3800000,3750000.5,100000,100000,1010,100 kb
scaffold_1,3800001,84,Chr1,45697135,3900000,3850000.5,100000,100000,840,100 kb
scaffold_1,3900001,90,Chr1,45697135,4000000,3950000.5,100000,100000,900,100 kb
scaffold_1,4000001,135,Chr1,45697135,4100000,4050000.5,100000,100000,1350,100 kb
scaffold_1,4100001,24,Chr1,45697135,4200000,4150000.5,100000,100000,240,100 kb
scaffold_1,4200001,91,Chr1,45697135,4300000,4250000.5,100000,100000,910,100 kb
scaffold_1,4300001,138,Chr1,45697135,4400000,4350000.5,100000,100000,1380,100 kb
scaffold_1,4400001,125,Chr1,45697135,4500000,4450000.5,100000,100000,1250,100 kb
scaffold_1,4500001,104,Chr1,45697135,4600000,4550000.5,100000,100000,1040,100 kb
scaffold_1,4600001,129,Chr1,45697135,4700000,4650000.5,100000,100000,1290,100 kb
scaffold_1,4700001,61,Chr1,45697135,4800000,4750000.5,100000,100000,610,100 kb
scaffold_1,4800001,36,Chr1,45697135,4900000,4850000.5,100000,100000,360,100 kb
scaffold_1,4900001,56,Chr1,45697135,5000000,4950000.5,100000,100000,560,100 kb
scaffold_1,5000001,63,Chr1,45697135,5100000,5050000.5,100000,100000,630,100 kb
scaffold_1,5100001,80,Chr1,45697135,5200000,5150000.5,100000,100000,800,100 kb
scaffold_1,5200001,47,Chr1,45697135,5300000,5250000.5,100000,100000,470,100 kb
scaffold_1,5300001,59,Chr1,45697135,5400000,5350000.5,100000,100000,590,100 kb
scaffold_1,5400001,82,Chr1,45697135,5500000,5450000.5,100000,100000,820,100 kb
scaffold_1,5500001,80,Chr1,45697135,5600000,5550000.5,100000,100000,800,100 kb
scaffold_1,5600001,96,Chr1,45697135,5700000,5650000.5,100000,100000,960,100 kb
scaffold_1,5700001,73,Chr1,45697135,5800000,5750000.5,100000,100000,730,100 kb
scaffold_1,5800001,89,Chr1,45697135,5900000,5850000.5,100000,100000,890,100 kb
scaffold_1,5900001,71,Chr1,45697135,6000000,5950000.5,100000,100000,710,100 kb
scaffold_1,6000001,119,Chr1,45697135,6100000,6050000.5,100000,100000,1190,100 kb
scaffold_1,6100001,60,Chr1,45697135,6200000,6150000.5,100000,100000,600,100 kb
scaffold_1,6200001,58,Chr1,45697135,6300000,6250000.5,100000,100000,580,100 kb
scaffold_1,6300001,60,Chr1,45697135,6400000,6350000.5,100000,100000,600,100 kb
scaffold_1,6400001,102,Chr1,45697135,6500000,6450000.5,100000,100000,1020,100 kb
scaffold_1,6500001,77,Chr1,45697135,6600000,6550000.5,100000,100000,770,100 kb
scaffold_1,6600001,95,Chr1,45697135,6700000,6650000.5,100000,100000,950,100 kb
scaffold_1,6700001,71,Chr1,45697135,6800000,6750000.5,100000,100000,710,100 kb
scaffold_1,6800001,63,Chr1,45697135,6900000,6850000.5,100000,100000,630,100 kb
scaffold_1,6900001,52,Chr1,45697135,7000000,6950000.5,100000,100000,520,100 kb
scaffold_1,7000001,43,Chr1,45697135,7100000,7050000.5,100000,100000,430,100 kb
scaffold_1,7100001,69,Chr1,45697135,7200000,7150000.5,100000,100000,690,100 kb
scaffold_1,7200001,40,Chr1,45697135,7300000,7250000.5,100000,100000,400,100 kb
scaffold_1,7300001,16,Chr1,45697135,7400000,7350000.5,100000,100000,160,100 kb
scaffold_1,7400001,25,Chr1,45697135,7500000,7450000.5,100000,100000,250,100 kb
scaffold_1,7500001,30,Chr1,45697135,7600000,7550000.5,100000,100000,300,100 kb
scaffold_1,7600001,66,Chr1,45697135,7700000,7650000.5,100000,100000,660,100 kb
scaffold_1,7700001,12,Chr1,45697135,7800000,7750000.5,100000,100000,120,100 kb
scaffold_1,7800001,15,Chr1,45697135,7900000,7850000.5,100000,100000,150,100 kb
scaffold_1,7900001,27,Chr1,45697135,8000000,7950000.5,100000,100000,270,100 kb
scaffold_1,8000001,52,Chr1,45697135,8100000,8050000.5,100000,100000,520,100 kb
scaffold_1,8100001,54,Chr1,45697135,8200000,8150000.5,100000,100000,540,100 kb
scaffold_1,8200001,34,Chr1,45697135,8300000,8250000.5,100000,100000,340,100 kb
scaffold_1,8300001,20,Chr1,45697135,8400000,8350000.5,100000,100000,200,100 kb
scaffold_1,8400001,29,Chr1,45697135,8500000,8450000.5,100000,100000,290,100 kb
scaffold_1,8500001,30,Chr1,45697135,8600000,8550000.5,100000,100000,300,100 kb
scaffold_1,8600001,39,Chr1,45697135,8700000,8650000.5,100000,100000,390,100 kb
scaffold_1,8700001,62,Chr1,45697135,8800000,8750000.5,100000,100000,620,100 kb
scaffold_1,8800001,30,Chr1,45697135,8900000,8850000.5,100000,100000,300,100 kb
scaffold_1,8900001,55,Chr1,45697135,9000000,8950000.5,100000,100000,550,100 kb
scaffold_1,9000001,26,Chr1,45697135,9100000,9050000.5,100000,100000,260,100 kb
scaffold_1,9100001,23,Chr1,45697135,9200000,9150000.5,100000,100000,230,100 kb
scaffold_1,9200001,33,Chr1,45697135,9300000,9250000.5,100000,100000,330,100 kb
scaffold_1,9300001,82,Chr1,45697135,9400000,9350000.5,100000,100000,820,100 kb
scaffold_1,9400001,92,Chr1,45697135,9500000,9450000.5,100000,100000,920,100 kb
scaffold_1,9500001,90,Chr1,45697135,9600000,9550000.5,100000,100000,900,100 kb
scaffold_1,9600001,53,Chr1,45697135,9700000,9650000.5,100000,100000,530,100 kb
scaffold_1,9700001,60,Chr1,45697135,9800000,9750000.5,100000,100000,600,100 kb
scaffold_1,9800001,86,Chr1,45697135,9900000,9850000.5,100000,100000,860,100 kb
scaffold_1,9900001,42,Chr1,45697135,10000000,9950000.5,100000,100000,420,100 kb
scaffold_1,10000001,60,Chr1,45697135,10100000,10050000.5,100000,100000,600,100 kb
scaffold_1,10100001,16,Chr1,45697135,10200000,10150000.5,100000,100000,160,100 kb
scaffold_1,10200001,13,Chr1,45697135,10300000,10250000.5,100000,100000,130,100 kb
scaffold_1,10300001,60,Chr1,45697135,10400000,10350000.5,100000,100000,600,100 kb
scaffold_1,10400001,74,Chr1,45697135,10500000,10450000.5,100000,100000,740,100 kb
scaffold_1,10500001,48,Chr1,45697135,10600000,10550000.5,100000,100000,480,100 kb
scaffold_1,10600001,42,Chr1,45697135,10700000,10650000.5,100000,100000,420,100 kb
scaffold_1,10700001,39,Chr1,45697135,10800000,10750000.5,100000,100000,390,100 kb
scaffold_1,10800001,30,Chr1,45697135,10900000,10850000.5,100000,100000,300,100 kb
scaffold_1,10900001,48,Chr1,45697135,11000000,10950000.5,100000,100000,480,100 kb
scaffold_1,11000001,26,Chr1,45697135,11100000,11050000.5,100000,100000,260,100 kb
scaffold_1,11100001,6,Chr1,45697135,11200000,11150000.5,100000,100000,60,100 kb
scaffold_1,11200001,49,Chr1,45697135,11300000,11250000.5,100000,100000,490,100 kb
scaffold_1,11300001,37,Chr1,45697135,11400000,11350000.5,100000,100000,370,100 kb
scaffold_1,11400001,62,Chr1,45697135,11500000,11450000.5,100000,100000,620,100 kb
scaffold_1,11500001,83,Chr1,45697135,11600000,11550000.5,100000,100000,830,100 kb
scaffold_1,11600001,46,Chr1,45697135,11700000,11650000.5,100000,100000,460,100 kb
scaffold_1,11700001,49,Chr1,45697135,11800000,11750000.5,100000,100000,490,100 kb
scaffold_1,11800001,35,Chr1,45697135,11900000,11850000.5,100000,100000,350,100 kb
scaffold_1,11900001,35,Chr1,45697135,12000000,11950000.5,100000,100000,350,100 kb
scaffold_1,12000001,62,Chr1,45697135,12100000,12050000.5,100000,100000,620,100 kb
scaffold_1,12100001,45,Chr1,45697135,12200000,12150000.5,100000,100000,450,100 kb
scaffold_1,12200001,77,Chr1,45697135,12300000,12250000.5,100000,100000,770,100 kb
scaffold_1,12300001,64,Chr1,45697135,12400000,12350000.5,100000,100000,640,100 kb
scaffold_1,12400001,26,Chr1,45697135,12500000,12450000.5,100000,100000,260,100 kb
scaffold_1,12500001,24,Chr1,45697135,12600000,12550000.5,100000,100000,240,100 kb
scaffold_1,12600001,39,Chr1,45697135,12700000,12650000.5,100000,100000,390,100 kb
scaffold_1,12700001,14,Chr1,45697135,12800000,12750000.5,100000,100000,140,100 kb
scaffold_1,12800001,29,Chr1,45697135,12900000,12850000.5,100000,100000,290,100 kb
scaffold_1,12900001,54,Chr1,45697135,13000000,12950000.5,100000,100000,540,100 kb
scaffold_1,13000001,33,Chr1,45697135,13100000,13050000.5,100000,100000,330,100 kb
scaffold_1,13100001,23,Chr1,45697135,13200000,13150000.5,100000,100000,230,100 kb
scaffold_1,13200001,48,Chr1,45697135,13300000,13250000.5,100000,100000,480,100 kb
scaffold_1,13300001,49,Chr1,45697135,13400000,13350000.5,100000,100000,490,100 kb
scaffold_1,13400001,44,Chr1,45697135,13500000,13450000.5,100000,100000,440,100 kb
scaffold_1,13500001,39,Chr1,45697135,13600000,13550000.5,100000,100000,390,100 kb
scaffold_1,13600001,48,Chr1,45697135,13700000,13650000.5,100000,100000,480,100 kb
scaffold_1,13700001,44,Chr1,45697135,13800000,13750000.5,100000,100000,440,100 kb
scaffold_1,13800001,28,Chr1,45697135,13900000,13850000.5,100000,100000,280,100 kb
scaffold_1,13900001,44,Chr1,45697135,14000000,13950000.5,100000,100000,440,100 kb
scaffold_1,14000001,39,Chr1,45697135,14100000,14050000.5,100000,100000,390,100 kb
scaffold_1,14100001,50,Chr1,45697135,14200000,14150000.5,100000,100000,500,100 kb
scaffold_1,14200001,19,Chr1,45697135,14300000,14250000.5,100000,100000,190,100 kb
scaffold_1,14300001,8,Chr1,45697135,14400000,14350000.5,100000,100000,80,100 kb
scaffold_1,14400001,45,Chr1,45697135,14500000,14450000.5,100000,100000,450,100 kb
scaffold_1,14500001,34,Chr1,45697135,14600000,14550000.5,100000,100000,340,100 kb
scaffold_1,14600001,15,Chr1,45697135,14700000,14650000.5,100000,100000,150,100 kb
scaffold_1,14700001,20,Chr1,45697135,14800000,14750000.5,100000,100000,200,100 kb
scaffold_1,14800001,22,Chr1,45697135,14900000,14850000.5,100000,100000,220,100 kb
scaffold_1,14900001,21,Chr1,45697135,15000000,14950000.5,100000,100000,210,100 kb
scaffold_1,15000001,26,Chr1,45697135,15100000,15050000.5,100000,100000,260,100 kb
scaffold_1,15100001,36,Chr1,45697135,15200000,15150000.5,100000,100000,360,100 kb
scaffold_1,15200001,46,Chr1,45697135,15300000,15250000.5,100000,100000,460,100 kb
scaffold_1,15300001,12,Chr1,45697135,15400000,15350000.5,100000,100000,120,100 kb
scaffold_1,15400001,15,Chr1,45697135,15500000,15450000.5,100000,100000,150,100 kb
scaffold_1,15500001,33,Chr1,45697135,15600000,15550000.5,100000,100000,330,100 kb
scaffold_1,15600001,13,Chr1,45697135,15700000,15650000.5,100000,100000,130,100 kb
scaffold_1,15700001,31,Chr1,45697135,15800000,15750000.5,100000,100000,310,100 kb
scaffold_1,15800001,35,Chr1,45697135,15900000,15850000.5,100000,100000,350,100 kb
scaffold_1,15900001,14,Chr1,45697135,16000000,15950000.5,100000,100000,140,100 kb
scaffold_1,16000001,9,Chr1,45697135,16100000,16050000.5,100000,100000,90,100 kb
scaffold_1,16100001,18,Chr1,45697135,16200000,16150000.5,100000,100000,180,100 kb
scaffold_1,16200001,34,Chr1,45697135,16300000,16250000.5,100000,100000,340,100 kb
scaffold_1,16300001,36,Chr1,45697135,16400000,16350000.5,100000,100000,360,100 kb
scaffold_1,16400001,18,Chr1,45697135,16500000,16450000.5,100000,100000,180,100 kb
scaffold_1,16500001,38,Chr1,45697135,16600000,16550000.5,100000,100000,380,100 kb
scaffold_1,16600001,37,Chr1,45697135,16700000,16650000.5,100000,100000,370,100 kb
scaffold_1,16700001,12,Chr1,45697135,16800000,16750000.5,100000,100000,120,100 kb
scaffold_1,16800001,32,Chr1,45697135,16900000,16850000.5,100000,100000,320,100 kb
scaffold_1,16900001,73,Chr1,45697135,17000000,16950000.5,100000,100000,730,100 kb
scaffold_1,17000001,68,Chr1,45697135,17100000,17050000.5,100000,100000,680,100 kb
scaffold_1,17100001,92,Chr1,45697135,17200000,17150000.5,100000,100000,920,100 kb
scaffold_1,17200001,67,Chr1,45697135,17300000,17250000.5,100000,100000,670,100 kb
scaffold_1,17300001,57,Chr1,45697135,17400000,17350000.5,100000,100000,570,100 kb
scaffold_1,17400001,61,Chr1,45697135,17500000,17450000.5,100000,100000,610,100 kb
scaffold_1,17500001,52,Chr1,45697135,17600000,17550000.5,100000,100000,520,100 kb
scaffold_1,17600001,62,Chr1,45697135,17700000,17650000.5,100000,100000,620,100 kb
scaffold_1,17700001,28,Chr1,45697135,17800000,17750000.5,100000,100000,280,100 kb
scaffold_1,17800001,2,Chr1,45697135,17900000,17850000.5,100000,100000,20,100 kb
scaffold_1,17900001,27,Chr1,45697135,18000000,17950000.5,100000,100000,270,100 kb
scaffold_1,18000001,73,Chr1,45697135,18100000,18050000.5,100000,100000,730,100 kb
scaffold_1,18100001,64,Chr1,45697135,18200000,18150000.5,100000,100000,640,100 kb
scaffold_1,18200001,38,Chr1,45697135,18300000,18250000.5,100000,100000,380,100 kb
scaffold_1,18300001,51,Chr1,45697135,18400000,18350000.5,100000,100000,510,100 kb
scaffold_1,18400001,61,Chr1,45697135,18500000,18450000.5,100000,100000,610,100 kb
scaffold_1,18500001,56,Chr1,45697135,18600000,18550000.5,100000,100000,560,100 kb
scaffold_1,18600001,46,Chr1,45697135,18700000,18650000.5,100000,100000,460,100 kb
scaffold_1,18700001,38,Chr1,45697135,18800000,18750000.5,100000,100000,380,100 kb
scaffold_1,18800001,33,Chr1,45697135,18900000,18850000.5,100000,100000,330,100 kb
scaffold_1,18900001,32,Chr1,45697135,19000000,18950000.5,100000,100000,320,100 kb
scaffold_1,19000001,92,Chr1,45697135,19100000,19050000.5,100000,100000,920,100 kb
scaffold_1,19100001,81,Chr1,45697135,19200000,19150000.5,100000,100000,810,100 kb
scaffold_1,19200001,58,Chr1,45697135,19300000,19250000.5,100000,100000,580,100 kb
scaffold_1,19300001,62,Chr1,45697135,19400000,19350000.5,100000,100000,620,100 kb
scaffold_1,19400001,53,Chr1,45697135,19500000,19450000.5,100000,100000,530,100 kb
scaffold_1,19500001,75,Chr1,45697135,19600000,19550000.5,100000,100000,750,100 kb
scaffold_1,19600001,99,Chr1,45697135,19700000,19650000.5,100000,100000,990,100 kb
scaffold_1,19700001,31,Chr1,45697135,19800000,19750000.5,100000,100000,310,100 kb
scaffold_1,19800001,71,Chr1,45697135,19900000,19850000.5,100000,100000,710,100 kb
scaffold_1,19900001,52,Chr1,45697135,20000000,19950000.5,100000,100000,520,100 kb
scaffold_1,20000001,67,Chr1,45697135,20100000,20050000.5,100000,100000,670,100 kb
scaffold_1,20100001,55,Chr1,45697135,20200000,20150000.5,100000,100000,550,100 kb
scaffold_1,20200001,75,Chr1,45697135,20300000,20250000.5,100000,100000,750,100 kb
scaffold_1,20300001,30,Chr1,45697135,20400000,20350000.5,100000,100000,300,100 kb
scaffold_1,20400001,57,Chr1,45697135,20500000,20450000.5,100000,100000,570,100 kb
scaffold_1,20500001,62,Chr1,45697135,20600000,20550000.5,100000,100000,620,100 kb
scaffold_1,20600001,54,Chr1,45697135,20700000,20650000.5,100000,100000,540,100 kb
scaffold_1,20700001,20,Chr1,45697135,20800000,20750000.5,100000,100000,200,100 kb
scaffold_1,20800001,72,Chr1,45697135,20900000,20850000.5,100000,100000,720,100 kb
scaffold_1,20900001,81,Chr1,45697135,21000000,20950000.5,100000,100000,810,100 kb
scaffold_1,21000001,59,Chr1,45697135,21100000,21050000.5,100000,100000,590,100 kb
scaffold_1,21100001,143,Chr1,45697135,21200000,21150000.5,100000,100000,1430,100 kb
scaffold_1,21200001,49,Chr1,45697135,21300000,21250000.5,100000,100000,490,100 kb
scaffold_1,21300001,40,Chr1,45697135,21400000,21350000.5,100000,100000,400,100 kb
scaffold_1,21400001,38,Chr1,45697135,21500000,21450000.5,100000,100000,380,100 kb
scaffold_1,21500001,72,Chr1,45697135,21600000,21550000.5,100000,100000,720,100 kb
scaffold_1,21600001,48,Chr1,45697135,21700000,21650000.5,100000,100000,480,100 kb
scaffold_1,21700001,21,Chr1,45697135,21800000,21750000.5,100000,100000,210,100 kb
scaffold_1,21800001,89,Chr1,45697135,21900000,21850000.5,100000,100000,890,100 kb
scaffold_1,21900001,40,Chr1,45697135,22000000,21950000.5,100000,100000,400,100 kb
scaffold_1,22000001,59,Chr1,45697135,22100000,22050000.5,100000,100000,590,100 kb
scaffold_1,22100001,11,Chr1,45697135,22200000,22150000.5,100000,100000,110,100 kb
scaffold_1,22200001,20,Chr1,45697135,22300000,22250000.5,100000,100000,200,100 kb
scaffold_1,22300001,57,Chr1,45697135,22400000,22350000.5,100000,100000,570,100 kb
scaffold_1,22400001,91,Chr1,45697135,22500000,22450000.5,100000,100000,910,100 kb
scaffold_1,22500001,49,Chr1,45697135,22600000,22550000.5,100000,100000,490,100 kb
scaffold_1,22600001,63,Chr1,45697135,22700000,22650000.5,100000,100000,630,100 kb
scaffold_1,22700001,17,Chr1,45697135,22800000,22750000.5,100000,100000,170,100 kb
scaffold_1,22800001,48,Chr1,45697135,22900000,22850000.5,100000,100000,480,100 kb
scaffold_1,22900001,58,Chr1,45697135,23000000,22950000.5,100000,100000,580,100 kb
scaffold_1,23000001,71,Chr1,45697135,23100000,23050000.5,100000,100000,710,100 kb
scaffold_1,23100001,27,Chr1,45697135,23200000,23150000.5,100000,100000,270,100 kb
scaffold_1,23200001,73,Chr1,45697135,23300000,23250000.5,100000,100000,730,100 kb
scaffold_1,23300001,76,Chr1,45697135,23400000,23350000.5,100000,100000,760,100 kb
scaffold_1,23400001,46,Chr1,45697135,23500000,23450000.5,100000,100000,460,100 kb
scaffold_1,23500001,36,Chr1,45697135,23600000,23550000.5,100000,100000,360,100 kb
scaffold_1,23600001,20,Chr1,45697135,23700000,23650000.5,100000,100000,200,100 kb
scaffold_1,23700001,82,Chr1,45697135,23800000,23750000.5,100000,100000,820,100 kb
scaffold_1,23800001,16,Chr1,45697135,23900000,23850000.5,100000,100000,160,100 kb
scaffold_1,23900001,36,Chr1,45697135,24000000,23950000.5,100000,100000,360,100 kb
scaffold_1,24000001,31,Chr1,45697135,24100000,24050000.5,100000,100000,310,100 kb
scaffold_1,24100001,40,Chr1,45697135,24200000,24150000.5,100000,100000,400,100 kb
scaffold_1,24200001,61,Chr1,45697135,24300000,24250000.5,100000,100000,610,100 kb
scaffold_1,24300001,45,Chr1,45697135,24400000,24350000.5,100000,100000,450,100 kb
scaffold_1,24400001,123,Chr1,45697135,24500000,24450000.5,100000,100000,1230,100 kb
scaffold_1,24500001,60,Chr1,45697135,24600000,24550000.5,100000,100000,600,100 kb
scaffold_1,24600001,58,Chr1,45697135,24700000,24650000.5,100000,100000,580,100 kb
scaffold_1,24700001,91,Chr1,45697135,24800000,24750000.5,100000,100000,910,100 kb
scaffold_1,24800001,71,Chr1,45697135,24900000,24850000.5,100000,100000,710,100 kb
scaffold_1,24900001,55,Chr1,45697135,25000000,24950000.5,100000,100000,550,100 kb
scaffold_1,25000001,42,Chr1,45697135,25100000,25050000.5,100000,100000,420,100 kb
scaffold_1,25100001,25,Chr1,45697135,25200000,25150000.5,100000,100000,250,100 kb
scaffold_1,25200001,40,Chr1,45697135,25300000,25250000.5,100000,100000,400,100 kb
scaffold_1,25300001,77,Chr1,45697135,25400000,25350000.5,100000,100000,770,100 kb
scaffold_1,25400001,39,Chr1,45697135,25500000,25450000.5,100000,100000,390,100 kb
scaffold_1,25500001,41,Chr1,45697135,25600000,25550000.5,100000,100000,410,100 kb
scaffold_1,25600001,55,Chr1,45697135,25700000,25650000.5,100000,100000,550,100 kb
scaffold_1,25700001,71,Chr1,45697135,25800000,25750000.5,100000,100000,710,100 kb
scaffold_1,25800001,29,Chr1,45697135,25900000,25850000.5,100000,100000,290,100 kb
scaffold_1,25900001,30,Chr1,45697135,26000000,25950000.5,100000,100000,300,100 kb
scaffold_1,26000001,20,Chr1,45697135,26100000,26050000.5,100000,100000,200,100 kb
scaffold_1,26100001,41,Chr1,45697135,26200000,26150000.5,100000,100000,410,100 kb
scaffold_1,26200001,69,Chr1,45697135,26300000,26250000.5,100000,100000,690,100 kb
scaffold_1,26300001,80,Chr1,45697135,26400000,26350000.5,100000,100000,800,100 kb
scaffold_1,26400001,47,Chr1,45697135,26500000,26450000.5,100000,100000,470,100 kb
scaffold_1,26500001,34,Chr1,45697135,26600000,26550000.5,100000,100000,340,100 kb
scaffold_1,26600001,17,Chr1,45697135,26700000,26650000.5,100000,100000,170,100 kb
scaffold_1,26700001,21,Chr1,45697135,26800000,26750000.5,100000,100000,210,100 kb
scaffold_1,26800001,25,Chr1,45697135,26900000,26850000.5,100000,100000,250,100 kb
scaffold_1,26900001,25,Chr1,45697135,27000000,26950000.5,100000,100000,250,100 kb
scaffold_1,27000001,28,Chr1,45697135,27100000,27050000.5,100000,100000,280,100 kb
scaffold_1,27100001,43,Chr1,45697135,27200000,27150000.5,100000,100000,430,100 kb
scaffold_1,27200001,23,Chr1,45697135,27300000,27250000.5,100000,100000,230,100 kb
scaffold_1,27300001,30,Chr1,45697135,27400000,27350000.5,100000,100000,300,100 kb
scaffold_1,27400001,34,Chr1,45697135,27500000,27450000.5,100000,100000,340,100 kb
scaffold_1,27500001,47,Chr1,45697135,27600000,27550000.5,100000,100000,470,100 kb
scaffold_1,27600001,33,Chr1,45697135,27700000,27650000.5,100000,100000,330,100 kb
scaffold_1,27700001,16,Chr1,45697135,27800000,27750000.5,100000,100000,160,100 kb
scaffold_1,27800001,13,Chr1,45697135,27900000,27850000.5,100000,100000,130,100 kb
scaffold_1,27900001,31,Chr1,45697135,28000000,27950000.5,100000,100000,310,100 kb
scaffold_1,28000001,47,Chr1,45697135,28100000,28050000.5,100000,100000,470,100 kb
scaffold_1,28100001,31,Chr1,45697135,28200000,28150000.5,100000,100000,310,100 kb
scaffold_1,28200001,25,Chr1,45697135,28300000,28250000.5,100000,100000,250,100 kb
scaffold_1,28300001,14,Chr1,45697135,28400000,28350000.5,100000,100000,140,100 kb
scaffold_1,28400001,59,Chr1,45697135,28500000,28450000.5,100000,100000,590,100 kb
scaffold_1,28500001,33,Chr1,45697135,28600000,28550000.5,100000,100000,330,100 kb
scaffold_1,28600001,24,Chr1,45697135,28700000,28650000.5,100000,100000,240,100 kb
scaffold_1,28700001,39,Chr1,45697135,28800000,28750000.5,100000,100000,390,100 kb
scaffold_1,28800001,40,Chr1,45697135,28900000,28850000.5,100000,100000,400,100 kb
scaffold_1,28900001,28,Chr1,45697135,29000000,28950000.5,100000,100000,280,100 kb
scaffold_1,29000001,71,Chr1,45697135,29100000,29050000.5,100000,100000,710,100 kb
scaffold_1,29100001,15,Chr1,45697135,29200000,29150000.5,100000,100000,150,100 kb
scaffold_1,29200001,51,Chr1,45697135,29300000,29250000.5,100000,100000,510,100 kb
scaffold_1,29300001,48,Chr1,45697135,29400000,29350000.5,100000,100000,480,100 kb
scaffold_1,29400001,53,Chr1,45697135,29500000,29450000.5,100000,100000,530,100 kb
scaffold_1,29500001,24,Chr1,45697135,29600000,29550000.5,100000,100000,240,100 kb
scaffold_1,29600001,73,Chr1,45697135,29700000,29650000.5,100000,100000,730,100 kb
scaffold_1,29700001,42,Chr1,45697135,29800000,29750000.5,100000,100000,420,100 kb
scaffold_1,29800001,43,Chr1,45697135,29900000,29850000.5,100000,100000,430,100 kb
scaffold_1,29900001,58,Chr1,45697135,30000000,29950000.5,100000,100000,580,100 kb
scaffold_1,30000001,21,Chr1,45697135,30100000,30050000.5,100000,100000,210,100 kb
scaffold_1,30100001,26,Chr1,45697135,30200000,30150000.5,100000,100000,260,100 kb
scaffold_1,30200001,21,Chr1,45697135,30300000,30250000.5,100000,100000,210,100 kb
scaffold_1,30300001,56,Chr1,45697135,30400000,30350000.5,100000,100000,560,100 kb
scaffold_1,30400001,41,Chr1,45697135,30500000,30450000.5,100000,100000,410,100 kb
scaffold_1,30500001,30,Chr1,45697135,30600000,30550000.5,100000,100000,300,100 kb
scaffold_1,30600001,38,Chr1,45697135,30700000,30650000.5,100000,100000,380,100 kb
scaffold_1,30700001,19,Chr1,45697135,30800000,30750000.5,100000,100000,190,100 kb
scaffold_1,30800001,29,Chr1,45697135,30900000,30850000.5,100000,100000,290,100 kb
scaffold_1,30900001,18,Chr1,45697135,31000000,30950000.5,100000,100000,180,100 kb
scaffold_1,31000001,27,Chr1,45697135,31100000,31050000.5,100000,100000,270,100 kb
scaffold_1,31100001,44,Chr1,45697135,31200000,31150000.5,100000,100000,440,100 kb
scaffold_1,31200001,10,Chr1,45697135,31300000,31250000.5,100000,100000,100,100 kb
scaffold_1,31300001,43,Chr1,45697135,31400000,31350000.5,100000,100000,430,100 kb
scaffold_1,31400001,10,Chr1,45697135,31500000,31450000.5,100000,100000,100,100 kb
scaffold_1,31500001,18,Chr1,45697135,31600000,31550000.5,100000,100000,180,100 kb
scaffold_1,31600001,21,Chr1,45697135,31700000,31650000.5,100000,100000,210,100 kb
scaffold_1,31700001,15,Chr1,45697135,31800000,31750000.5,100000,100000,150,100 kb
scaffold_1,31800001,4,Chr1,45697135,31900000,31850000.5,100000,100000,40,100 kb
scaffold_1,31900001,18,Chr1,45697135,32000000,31950000.5,100000,100000,180,100 kb
scaffold_1,32000001,14,Chr1,45697135,32100000,32050000.5,100000,100000,140,100 kb
scaffold_1,32100001,16,Chr1,45697135,32200000,32150000.5,100000,100000,160,100 kb
scaffold_1,32200001,9,Chr1,45697135,32300000,32250000.5,100000,100000,90,100 kb
scaffold_1,32300001,28,Chr1,45697135,32400000,32350000.5,100000,100000,280,100 kb
scaffold_1,32400001,34,Chr1,45697135,32500000,32450000.5,100000,100000,340,100 kb
scaffold_1,32500001,36,Chr1,45697135,32600000,32550000.5,100000,100000,360,100 kb
scaffold_1,32600001,25,Chr1,45697135,32700000,32650000.5,100000,100000,250,100 kb
scaffold_1,32700001,22,Chr1,45697135,32800000,32750000.5,100000,100000,220,100 kb
scaffold_1,32800001,19,Chr1,45697135,32900000,32850000.5,100000,100000,190,100 kb
scaffold_1,32900001,23,Chr1,45697135,33000000,32950000.5,100000,100000,230,100 kb
scaffold_1,33000001,13,Chr1,45697135,33100000,33050000.5,100000,100000,130,100 kb
scaffold_1,33100001,22,Chr1,45697135,33200000,33150000.5,100000,100000,220,100 kb
scaffold_1,33200001,61,Chr1,45697135,33300000,33250000.5,100000,100000,610,100 kb
scaffold_1,33300001,12,Chr1,45697135,33400000,33350000.5,100000,100000,120,100 kb
scaffold_1,33400001,19,Chr1,45697135,33500000,33450000.5,100000,100000,190,100 kb
scaffold_1,33500001,17,Chr1,45697135,33600000,33550000.5,100000,100000,170,100 kb
scaffold_1,33600001,26,Chr1,45697135,33700000,33650000.5,100000,100000,260,100 kb
scaffold_1,33700001,54,Chr1,45697135,33800000,33750000.5,100000,100000,540,100 kb
scaffold_1,33800001,39,Chr1,45697135,33900000,33850000.5,100000,100000,390,100 kb
scaffold_1,33900001,32,Chr1,45697135,34000000,33950000.5,100000,100000,320,100 kb
scaffold_1,34000001,65,Chr1,45697135,34100000,34050000.5,100000,100000,650,100 kb
scaffold_1,34100001,37,Chr1,45697135,34200000,34150000.5,100000,100000,370,100 kb
scaffold_1,34200001,37,Chr1,45697135,34300000,34250000.5,100000,100000,370,100 kb
scaffold_1,34300001,30,Chr1,45697135,34400000,34350000.5,100000,100000,300,100 kb
scaffold_1,34400001,37,Chr1,45697135,34500000,34450000.5,100000,100000,370,100 kb
scaffold_1,34500001,35,Chr1,45697135,34600000,34550000.5,100000,100000,350,100 kb
scaffold_1,34600001,91,Chr1,45697135,34700000,34650000.5,100000,100000,910,100 kb
scaffold_1,34700001,78,Chr1,45697135,34800000,34750000.5,100000,100000,780,100 kb
scaffold_1,34800001,37,Chr1,45697135,34900000,34850000.5,100000,100000,370,100 kb
scaffold_1,34900001,42,Chr1,45697135,35000000,34950000.5,100000,100000,420,100 kb
scaffold_1,35000001,33,Chr1,45697135,35100000,35050000.5,100000,100000,330,100 kb
scaffold_1,35100001,70,Chr1,45697135,35200000,35150000.5,100000,100000,700,100 kb
scaffold_1,35200001,27,Chr1,45697135,35300000,35250000.5,100000,100000,270,100 kb
scaffold_1,35300001,69,Chr1,45697135,35400000,35350000.5,100000,100000,690,100 kb
scaffold_1,35400001,71,Chr1,45697135,35500000,35450000.5,100000,100000,710,100 kb
scaffold_1,35500001,56,Chr1,45697135,35600000,35550000.5,100000,100000,560,100 kb
scaffold_1,35600001,55,Chr1,45697135,35700000,35650000.5,100000,100000,550,100 kb
scaffold_1,35700001,1,Chr1,45697135,35800000,35750000.5,100000,100000,10,100 kb
scaffold_1,35800001,3,Chr1,45697135,35900000,35850000.5,100000,100000,30,100 kb
scaffold_1,35900001,56,Chr1,45697135,36000000,35950000.5,100000,100000,560,100 kb
scaffold_1,36000001,79,Chr1,45697135,36100000,36050000.5,100000,100000,790,100 kb
scaffold_1,36100001,69,Chr1,45697135,36200000,36150000.5,100000,100000,690,100 kb
scaffold_1,36200001,17,Chr1,45697135,36300000,36250000.5,100000,100000,170,100 kb
scaffold_1,36300001,108,Chr1,45697135,36400000,36350000.5,100000,100000,1080,100 kb
scaffold_1,36400001,33,Chr1,45697135,36500000,36450000.5,100000,100000,330,100 kb
scaffold_1,36500001,68,Chr1,45697135,36600000,36550000.5,100000,100000,680,100 kb
scaffold_1,36600001,37,Chr1,45697135,36700000,36650000.5,100000,100000,370,100 kb
scaffold_1,36700001,21,Chr1,45697135,36800000,36750000.5,100000,100000,210,100 kb
scaffold_1,36800001,108,Chr1,45697135,36900000,36850000.5,100000,100000,1080,100 kb
scaffold_1,36900001,55,Chr1,45697135,37000000,36950000.5,100000,100000,550,100 kb
scaffold_1,37000001,67,Chr1,45697135,37100000,37050000.5,100000,100000,670,100 kb
scaffold_1,37100001,87,Chr1,45697135,37200000,37150000.5,100000,100000,870,100 kb
scaffold_1,37200001,51,Chr1,45697135,37300000,37250000.5,100000,100000,510,100 kb
scaffold_1,37300001,118,Chr1,45697135,37400000,37350000.5,100000,100000,1180,100 kb
scaffold_1,37400001,36,Chr1,45697135,37500000,37450000.5,100000,100000,360,100 kb
scaffold_1,37500001,117,Chr1,45697135,37600000,37550000.5,100000,100000,1170,100 kb
scaffold_1,37600001,23,Chr1,45697135,37700000,37650000.5,100000,100000,230,100 kb
scaffold_1,37700001,98,Chr1,45697135,37800000,37750000.5,100000,100000,980,100 kb
scaffold_1,37800001,78,Chr1,45697135,37900000,37850000.5,100000,100000,780,100 kb
scaffold_1,37900001,61,Chr1,45697135,38000000,37950000.5,100000,100000,610,100 kb
scaffold_1,38000001,82,Chr1,45697135,38100000,38050000.5,100000,100000,820,100 kb
scaffold_1,38100001,52,Chr1,45697135,38200000,38150000.5,100000,100000,520,100 kb
scaffold_1,38200001,59,Chr1,45697135,38300000,38250000.5,100000,100000,590,100 kb
scaffold_1,38300001,37,Chr1,45697135,38400000,38350000.5,100000,100000,370,100 kb
scaffold_1,38400001,34,Chr1,45697135,38500000,38450000.5,100000,100000,340,100 kb
scaffold_1,38500001,47,Chr1,45697135,38600000,38550000.5,100000,100000,470,100 kb
scaffold_1,38600001,69,Chr1,45697135,38700000,38650000.5,100000,100000,690,100 kb
scaffold_1,38700001,66,Chr1,45697135,38800000,38750000.5,100000,100000,660,100 kb
scaffold_1,38800001,98,Chr1,45697135,38900000,38850000.5,100000,100000,980,100 kb
scaffold_1,38900001,125,Chr1,45697135,39000000,38950000.5,100000,100000,1250,100 kb
scaffold_1,39000001,82,Chr1,45697135,39100000,39050000.5,100000,100000,820,100 kb
scaffold_1,39100001,51,Chr1,45697135,39200000,39150000.5,100000,100000,510,100 kb
scaffold_1,39200001,110,Chr1,45697135,39300000,39250000.5,100000,100000,1100,100 kb
scaffold_1,39300001,42,Chr1,45697135,39400000,39350000.5,100000,100000,420,100 kb
scaffold_1,39400001,7,Chr1,45697135,39500000,39450000.5,100000,100000,70,100 kb
scaffold_1,39500001,24,Chr1,45697135,39600000,39550000.5,100000,100000,240,100 kb
scaffold_1,39600001,36,Chr1,45697135,39700000,39650000.5,100000,100000,360,100 kb
scaffold_1,39700001,49,Chr1,45697135,39800000,39750000.5,100000,100000,490,100 kb
scaffold_1,39800001,100,Chr1,45697135,39900000,39850000.5,100000,100000,1000,100 kb
scaffold_1,39900001,102,Chr1,45697135,40000000,39950000.5,100000,100000,1020,100 kb
scaffold_1,40000001,115,Chr1,45697135,40100000,40050000.5,100000,100000,1150,100 kb
scaffold_1,40100001,122,Chr1,45697135,40200000,40150000.5,100000,100000,1220,100 kb
scaffold_1,40200001,91,Chr1,45697135,40300000,40250000.5,100000,100000,910,100 kb
scaffold_1,40300001,82,Chr1,45697135,40400000,40350000.5,100000,100000,820,100 kb
scaffold_1,40400001,92,Chr1,45697135,40500000,40450000.5,100000,100000,920,100 kb
scaffold_1,40500001,111,Chr1,45697135,40600000,40550000.5,100000,100000,1110,100 kb
scaffold_1,40600001,60,Chr1,45697135,40700000,40650000.5,100000,100000,600,100 kb
scaffold_1,40700001,97,Chr1,45697135,40800000,40750000.5,100000,100000,970,100 kb
scaffold_1,40800001,26,Chr1,45697135,40900000,40850000.5,100000,100000,260,100 kb
scaffold_1,40900001,104,Chr1,45697135,41000000,40950000.5,100000,100000,1040,100 kb
scaffold_1,41000001,102,Chr1,45697135,41100000,41050000.5,100000,100000,1020,100 kb
scaffold_1,41100001,141,Chr1,45697135,41200000,41150000.5,100000,100000,1410,100 kb
scaffold_1,41200001,102,Chr1,45697135,41300000,41250000.5,100000,100000,1020,100 kb
scaffold_1,41300001,62,Chr1,45697135,41400000,41350000.5,100000,100000,620,100 kb
scaffold_1,41400001,73,Chr1,45697135,41500000,41450000.5,100000,100000,730,100 kb
scaffold_1,41500001,50,Chr1,45697135,41600000,41550000.5,100000,100000,500,100 kb
scaffold_1,41600001,20,Chr1,45697135,41700000,41650000.5,100000,100000,200,100 kb
scaffold_1,41700001,69,Chr1,45697135,41800000,41750000.5,100000,100000,690,100 kb
scaffold_1,41800001,56,Chr1,45697135,41900000,41850000.5,100000,100000,560,100 kb
scaffold_1,41900001,116,Chr1,45697135,42000000,41950000.5,100000,100000,1160,100 kb
scaffold_1,42000001,127,Chr1,45697135,42100000,42050000.5,100000,100000,1270,100 kb
scaffold_1,42100001,138,Chr1,45697135,42200000,42150000.5,100000,100000,1380,100 kb
scaffold_1,42200001,100,Chr1,45697135,42300000,42250000.5,100000,100000,1000,100 kb
scaffold_1,42300001,45,Chr1,45697135,42400000,42350000.5,100000,100000,450,100 kb
scaffold_1,42400001,94,Chr1,45697135,42500000,42450000.5,100000,100000,940,100 kb
scaffold_1,42500001,103,Chr1,45697135,42600000,42550000.5,100000,100000,1030,100 kb
scaffold_1,42600001,68,Chr1,45697135,42700000,42650000.5,100000,100000,680,100 kb
scaffold_1,42700001,79,Chr1,45697135,42800000,42750000.5,100000,100000,790,100 kb
scaffold_1,42800001,87,Chr1,45697135,42900000,42850000.5,100000,100000,870,100 kb
scaffold_1,42900001,105,Chr1,45697135,43000000,42950000.5,100000,100000,1050,100 kb
scaffold_1,43000001,165,Chr1,45697135,43100000,43050000.5,100000,100000,1650,100 kb
scaffold_1,43100001,136,Chr1,45697135,43200000,43150000.5,100000,100000,1360,100 kb
scaffold_1,43200001,73,Chr1,45697135,43300000,43250000.5,100000,100000,730,100 kb
scaffold_1,43300001,117,Chr1,45697135,43400000,43350000.5,100000,100000,1170,100 kb
scaffold_1,43400001,52,Chr1,45697135,43500000,43450000.5,100000,100000,520,100 kb
scaffold_1,43500001,78,Chr1,45697135,43600000,43550000.5,100000,100000,780,100 kb
scaffold_1,43600001,172,Chr1,45697135,43700000,43650000.5,100000,100000,1720,100 kb
scaffold_1,43700001,39,Chr1,45697135,43800000,43750000.5,100000,100000,390,100 kb
scaffold_1,43800001,52,Chr1,45697135,43900000,43850000.5,100000,100000,520,100 kb
scaffold_1,43900001,123,Chr1,45697135,44000000,43950000.5,100000,100000,1230,100 kb
scaffold_1,44000001,76,Chr1,45697135,44100000,44050000.5,100000,100000,760,100 kb
scaffold_1,44100001,104,Chr1,45697135,44200000,44150000.5,100000,100000,1040,100 kb
scaffold_1,44200001,112,Chr1,45697135,44300000,44250000.5,100000,100000,1120,100 kb
scaffold_1,44300001,101,Chr1,45697135,44400000,44350000.5,100000,100000,1010,100 kb
scaffold_1,44400001,36,Chr1,45697135,44500000,44450000.5,100000,100000,360,100 kb
scaffold_1,44500001,67,Chr1,45697135,44600000,44550000.5,100000,100000,670,100 kb
scaffold_1,44600001,162,Chr1,45697135,44700000,44650000.5,100000,100000,1620,100 kb
scaffold_1,44700001,83,Chr1,45697135,44800000,44750000.5,100000,100000,830,100 kb
scaffold_1,44800001,73,Chr1,45697135,44900000,44850000.5,100000,100000,730,100 kb
scaffold_1,44900001,105,Chr1,45697135,45000000,44950000.5,100000,100000,1050,100 kb
scaffold_1,45000001,139,Chr1,45697135,45100000,45050000.5,100000,100000,1390,100 kb
scaffold_1,45100001,82,Chr1,45697135,45200000,45150000.5,100000,100000,820,100 kb
scaffold_1,45200001,67,Chr1,45697135,45300000,45250000.5,100000,100000,670,100 kb
scaffold_1,45300001,44,Chr1,45697135,45400000,45350000.5,100000,100000,440,100 kb
scaffold_1,45400001,88,Chr1,45697135,45500000,45450000.5,100000,100000,880,100 kb
scaffold_1,45500001,96,Chr1,45697135,45600000,45550000.5,100000,100000,960,100 kb
scaffold_1,45600001,60,Chr1,45697135,45697135,45648568,97135,100000,617.6970196118804,100 kb
scaffold_2,1,14,Chr2,40817374,100000,50000.5,100000,100000,140,100 kb
scaffold_2,100001,12,Chr2,40817374,200000,150000.5,100000,100000,120,100 kb
scaffold_2,200001,22,Chr2,40817374,300000,250000.5,100000,100000,220,100 kb
scaffold_2,300001,10,Chr2,40817374,400000,350000.5,100000,100000,100,100 kb
scaffold_2,400001,10,Chr2,40817374,500000,450000.5,100000,100000,100,100 kb
scaffold_2,500001,27,Chr2,40817374,600000,550000.5,100000,100000,270,100 kb
scaffold_2,600001,32,Chr2,40817374,700000,650000.5,100000,100000,320,100 kb
scaffold_2,700001,3,Chr2,40817374,800000,750000.5,100000,100000,30,100 kb
scaffold_2,800001,14,Chr2,40817374,900000,850000.5,100000,100000,140,100 kb
scaffold_2,900001,25,Chr2,40817374,1000000,950000.5,100000,100000,250,100 kb
scaffold_2,1000001,17,Chr2,40817374,1100000,1050000.5,100000,100000,170,100 kb
scaffold_2,1100001,8,Chr2,40817374,1200000,1150000.5,100000,100000,80,100 kb
scaffold_2,1200001,23,Chr2,40817374,1300000,1250000.5,100000,100000,230,100 kb
scaffold_2,1300001,44,Chr2,40817374,1400000,1350000.5,100000,100000,440,100 kb
scaffold_2,1400001,97,Chr2,40817374,1500000,1450000.5,100000,100000,970,100 kb
scaffold_2,1500001,7,Chr2,40817374,1600000,1550000.5,100000,100000,70,100 kb
scaffold_2,1600001,15,Chr2,40817374,1700000,1650000.5,100000,100000,150,100 kb
scaffold_2,1700001,16,Chr2,40817374,1800000,1750000.5,100000,100000,160,100 kb
scaffold_2,1800001,19,Chr2,40817374,1900000,1850000.5,100000,100000,190,100 kb
scaffold_2,1900001,13,Chr2,40817374,2000000,1950000.5,100000,100000,130,100 kb
scaffold_2,2000001,10,Chr2,40817374,2100000,2050000.5,100000,100000,100,100 kb
scaffold_2,2100001,22,Chr2,40817374,2200000,2150000.5,100000,100000,220,100 kb
scaffold_2,2200001,16,Chr2,40817374,2300000,2250000.5,100000,100000,160,100 kb
scaffold_2,2300001,19,Chr2,40817374,2400000,2350000.5,100000,100000,190,100 kb
scaffold_2,2400001,12,Chr2,40817374,2500000,2450000.5,100000,100000,120,100 kb
scaffold_2,2500001,12,Chr2,40817374,2600000,2550000.5,100000,100000,120,100 kb
scaffold_2,2600001,15,Chr2,40817374,2700000,2650000.5,100000,100000,150,100 kb
scaffold_2,2700001,14,Chr2,40817374,2800000,2750000.5,100000,100000,140,100 kb
scaffold_2,2800001,13,Chr2,40817374,2900000,2850000.5,100000,100000,130,100 kb
scaffold_2,2900001,15,Chr2,40817374,3000000,2950000.5,100000,100000,150,100 kb
scaffold_2,3000001,10,Chr2,40817374,3100000,3050000.5,100000,100000,100,100 kb
scaffold_2,3100001,13,Chr2,40817374,3200000,3150000.5,100000,100000,130,100 kb
scaffold_2,3200001,9,Chr2,40817374,3300000,3250000.5,100000,100000,90,100 kb
scaffold_2,3300001,13,Chr2,40817374,3400000,3350000.5,100000,100000,130,100 kb
scaffold_2,3400001,17,Chr2,40817374,3500000,3450000.5,100000,100000,170,100 kb
scaffold_2,3500001,11,Chr2,40817374,3600000,3550000.5,100000,100000,110,100 kb
scaffold_2,3600001,12,Chr2,40817374,3700000,3650000.5,100000,100000,120,100 kb
scaffold_2,3700001,18,Chr2,40817374,3800000,3750000.5,100000,100000,180,100 kb
scaffold_2,3800001,13,Chr2,40817374,3900000,3850000.5,100000,100000,130,100 kb
scaffold_2,3900001,27,Chr2,40817374,4000000,3950000.5,100000,100000,270,100 kb
scaffold_2,4000001,19,Chr2,40817374,4100000,4050000.5,100000,100000,190,100 kb
scaffold_2,4100001,8,Chr2,40817374,4200000,4150000.5,100000,100000,80,100 kb
scaffold_2,4200001,5,Chr2,40817374,4300000,4250000.5,100000,100000,50,100 kb
scaffold_2,4300001,11,Chr2,40817374,4400000,4350000.5,100000,100000,110,100 kb
scaffold_2,4400001,18,Chr2,40817374,4500000,4450000.5,100000,100000,180,100 kb
scaffold_2,4500001,5,Chr2,40817374,4600000,4550000.5,100000,100000,50,100 kb
scaffold_2,4600001,13,Chr2,40817374,4700000,4650000.5,100000,100000,130,100 kb
scaffold_2,4700001,6,Chr2,40817374,4800000,4750000.5,100000,100000,60,100 kb
scaffold_2,4800001,30,Chr2,40817374,4900000,4850000.5,100000,100000,300,100 kb
scaffold_2,4900001,10,Chr2,40817374,5000000,4950000.5,100000,100000,100,100 kb
scaffold_2,5000001,7,Chr2,40817374,5100000,5050000.5,100000,100000,70,100 kb
scaffold_2,5100001,8,Chr2,40817374,5200000,5150000.5,100000,100000,80,100 kb
scaffold_2,5200001,9,Chr2,40817374,5300000,5250000.5,100000,100000,90,100 kb
scaffold_2,5300001,16,Chr2,40817374,5400000,5350000.5,100000,100000,160,100 kb
scaffold_2,5400001,8,Chr2,40817374,5500000,5450000.5,100000,100000,80,100 kb
scaffold_2,5500001,32,Chr2,40817374,5600000,5550000.5,100000,100000,320,100 kb
scaffold_2,5600001,11,Chr2,40817374,5700000,5650000.5,100000,100000,110,100 kb
scaffold_2,5700001,16,Chr2,40817374,5800000,5750000.5,100000,100000,160,100 kb
scaffold_2,5800001,17,Chr2,40817374,5900000,5850000.5,100000,100000,170,100 kb
scaffold_2,5900001,24,Chr2,40817374,6000000,5950000.5,100000,100000,240,100 kb
scaffold_2,6000001,48,Chr2,40817374,6100000,6050000.5,100000,100000,480,100 kb
scaffold_2,6100001,13,Chr2,40817374,6200000,6150000.5,100000,100000,130,100 kb
scaffold_2,6200001,32,Chr2,40817374,6300000,6250000.5,100000,100000,320,100 kb
scaffold_2,6300001,11,Chr2,40817374,6400000,6350000.5,100000,100000,110,100 kb
scaffold_2,6400001,7,Chr2,40817374,6500000,6450000.5,100000,100000,70,100 kb
scaffold_2,6500001,24,Chr2,40817374,6600000,6550000.5,100000,100000,240,100 kb
scaffold_2,6600001,17,Chr2,40817374,6700000,6650000.5,100000,100000,170,100 kb
scaffold_2,6700001,9,Chr2,40817374,6800000,6750000.5,100000,100000,90,100 kb
scaffold_2,6800001,11,Chr2,40817374,6900000,6850000.5,100000,100000,110,100 kb
scaffold_2,6900001,12,Chr2,40817374,7000000,6950000.5,100000,100000,120,100 kb
scaffold_2,7000001,14,Chr2,40817374,7100000,7050000.5,100000,100000,140,100 kb
scaffold_2,7100001,22,Chr2,40817374,7200000,7150000.5,100000,100000,220,100 kb
scaffold_2,7200001,11,Chr2,40817374,7300000,7250000.5,100000,100000,110,100 kb
scaffold_2,7300001,11,Chr2,40817374,7400000,7350000.5,100000,100000,110,100 kb
scaffold_2,7400001,4,Chr2,40817374,7500000,7450000.5,100000,100000,40,100 kb
scaffold_2,7500001,9,Chr2,40817374,7600000,7550000.5,100000,100000,90,100 kb
scaffold_2,7600001,21,Chr2,40817374,7700000,7650000.5,100000,100000,210,100 kb
scaffold_2,7700001,20,Chr2,40817374,7800000,7750000.5,100000,100000,200,100 kb
scaffold_2,7800001,8,Chr2,40817374,7900000,7850000.5,100000,100000,80,100 kb
scaffold_2,7900001,20,Chr2,40817374,8000000,7950000.5,100000,100000,200,100 kb
scaffold_2,8000001,28,Chr2,40817374,8100000,8050000.5,100000,100000,280,100 kb
scaffold_2,8100001,13,Chr2,40817374,8200000,8150000.5,100000,100000,130,100 kb
scaffold_2,8200001,3,Chr2,40817374,8300000,8250000.5,100000,100000,30,100 kb
scaffold_2,8300001,2,Chr2,40817374,8400000,8350000.5,100000,100000,20,100 kb
scaffold_2,8400001,17,Chr2,40817374,8500000,8450000.5,100000,100000,170,100 kb
scaffold_2,8500001,19,Chr2,40817374,8600000,8550000.5,100000,100000,190,100 kb
scaffold_2,8600001,27,Chr2,40817374,8700000,8650000.5,100000,100000,270,100 kb
scaffold_2,8700001,3,Chr2,40817374,8800000,8750000.5,100000,100000,30,100 kb
scaffold_2,8800001,11,Chr2,40817374,8900000,8850000.5,100000,100000,110,100 kb
scaffold_2,8900001,33,Chr2,40817374,9000000,8950000.5,100000,100000,330,100 kb
scaffold_2,9000001,15,Chr2,40817374,9100000,9050000.5,100000,100000,150,100 kb
scaffold_2,9100001,16,Chr2,40817374,9200000,9150000.5,100000,100000,160,100 kb
scaffold_2,9200001,28,Chr2,40817374,9300000,9250000.5,100000,100000,280,100 kb
scaffold_2,9300001,24,Chr2,40817374,9400000,9350000.5,100000,100000,240,100 kb
scaffold_2,9400001,12,Chr2,40817374,9500000,9450000.5,100000,100000,120,100 kb
scaffold_2,9500001,33,Chr2,40817374,9600000,9550000.5,100000,100000,330,100 kb
scaffold_2,9600001,6,Chr2,40817374,9700000,9650000.5,100000,100000,60,100 kb
scaffold_2,9700001,25,Chr2,40817374,9800000,9750000.5,100000,100000,250,100 kb
scaffold_2,9800001,18,Chr2,40817374,9900000,9850000.5,100000,100000,180,100 kb
scaffold_2,9900001,14,Chr2,40817374,10000000,9950000.5,100000,100000,140,100 kb
scaffold_2,10000001,16,Chr2,40817374,10100000,10050000.5,100000,100000,160,100 kb
scaffold_2,10100001,22,Chr2,40817374,10200000,10150000.5,100000,100000,220,100 kb
scaffold_2,10200001,18,Chr2,40817374,10300000,10250000.5,100000,100000,180,100 kb
scaffold_2,10300001,7,Chr2,40817374,10400000,10350000.5,100000,100000,70,100 kb
scaffold_2,10400001,9,Chr2,40817374,10500000,10450000.5,100000,100000,90,100 kb
scaffold_2,10500001,19,Chr2,40817374,10600000,10550000.5,100000,100000,190,100 kb
scaffold_2,10600001,28,Chr2,40817374,10700000,10650000.5,100000,100000,280,100 kb
scaffold_2,10700001,11,Chr2,40817374,10800000,10750000.5,100000,100000,110,100 kb
scaffold_2,10800001,25,Chr2,40817374,10900000,10850000.5,100000,100000,250,100 kb
scaffold_2,10900001,17,Chr2,40817374,11000000,10950000.5,100000,100000,170,100 kb
scaffold_2,11000001,11,Chr2,40817374,11100000,11050000.5,100000,100000,110,100 kb
scaffold_2,11100001,14,Chr2,40817374,11200000,11150000.5,100000,100000,140,100 kb
scaffold_2,11200001,10,Chr2,40817374,11300000,11250000.5,100000,100000,100,100 kb
scaffold_2,11300001,11,Chr2,40817374,11400000,11350000.5,100000,100000,110,100 kb
scaffold_2,11400001,23,Chr2,40817374,11500000,11450000.5,100000,100000,230,100 kb
scaffold_2,11500001,8,Chr2,40817374,11600000,11550000.5,100000,100000,80,100 kb
scaffold_2,11600001,33,Chr2,40817374,11700000,11650000.5,100000,100000,330,100 kb
scaffold_2,11700001,14,Chr2,40817374,11800000,11750000.5,100000,100000,140,100 kb
scaffold_2,11800001,16,Chr2,40817374,11900000,11850000.5,100000,100000,160,100 kb
scaffold_2,11900001,18,Chr2,40817374,12000000,11950000.5,100000,100000,180,100 kb
scaffold_2,12000001,13,Chr2,40817374,12100000,12050000.5,100000,100000,130,100 kb
scaffold_2,12100001,20,Chr2,40817374,12200000,12150000.5,100000,100000,200,100 kb
scaffold_2,12200001,29,Chr2,40817374,12300000,12250000.5,100000,100000,290,100 kb
scaffold_2,12300001,30,Chr2,40817374,12400000,12350000.5,100000,100000,300,100 kb
scaffold_2,12400001,9,Chr2,40817374,12500000,12450000.5,100000,100000,90,100 kb
scaffold_2,12500001,12,Chr2,40817374,12600000,12550000.5,100000,100000,120,100 kb
scaffold_2,12600001,25,Chr2,40817374,12700000,12650000.5,100000,100000,250,100 kb
scaffold_2,12700001,20,Chr2,40817374,12800000,12750000.5,100000,100000,200,100 kb
scaffold_2,12800001,7,Chr2,40817374,12900000,12850000.5,100000,100000,70,100 kb
scaffold_2,12900001,10,Chr2,40817374,13000000,12950000.5,100000,100000,100,100 kb
scaffold_2,13000001,13,Chr2,40817374,13100000,13050000.5,100000,100000,130,100 kb
scaffold_2,13100001,14,Chr2,40817374,13200000,13150000.5,100000,100000,140,100 kb
scaffold_2,13200001,11,Chr2,40817374,13300000,13250000.5,100000,100000,110,100 kb
scaffold_2,13300001,13,Chr2,40817374,13400000,13350000.5,100000,100000,130,100 kb
scaffold_2,13400001,14,Chr2,40817374,13500000,13450000.5,100000,100000,140,100 kb
scaffold_2,13500001,13,Chr2,40817374,13600000,13550000.5,100000,100000,130,100 kb
scaffold_2,13600001,27,Chr2,40817374,13700000,13650000.5,100000,100000,270,100 kb
scaffold_2,13700001,27,Chr2,40817374,13800000,13750000.5,100000,100000,270,100 kb
scaffold_2,13800001,20,Chr2,40817374,13900000,13850000.5,100000,100000,200,100 kb
scaffold_2,13900001,6,Chr2,40817374,14000000,13950000.5,100000,100000,60,100 kb
scaffold_2,14000001,4,Chr2,40817374,14100000,14050000.5,100000,100000,40,100 kb
scaffold_2,14100001,11,Chr2,40817374,14200000,14150000.5,100000,100000,110,100 kb
scaffold_2,14200001,22,Chr2,40817374,14300000,14250000.5,100000,100000,220,100 kb
scaffold_2,14300001,9,Chr2,40817374,14400000,14350000.5,100000,100000,90,100 kb
scaffold_2,14400001,18,Chr2,40817374,14500000,14450000.5,100000,100000,180,100 kb
scaffold_2,14500001,16,Chr2,40817374,14600000,14550000.5,100000,100000,160,100 kb
scaffold_2,14600001,12,Chr2,40817374,14700000,14650000.5,100000,100000,120,100 kb
scaffold_2,14700001,4,Chr2,40817374,14800000,14750000.5,100000,100000,40,100 kb
scaffold_2,14800001,5,Chr2,40817374,14900000,14850000.5,100000,100000,50,100 kb
scaffold_2,14900001,16,Chr2,40817374,15000000,14950000.5,100000,100000,160,100 kb
scaffold_2,15000001,6,Chr2,40817374,15100000,15050000.5,100000,100000,60,100 kb
scaffold_2,15100001,5,Chr2,40817374,15200000,15150000.5,100000,100000,50,100 kb
scaffold_2,15300001,5,Chr2,40817374,15400000,15350000.5,100000,100000,50,100 kb
scaffold_2,15400001,11,Chr2,40817374,15500000,15450000.5,100000,100000,110,100 kb
scaffold_2,15500001,4,Chr2,40817374,15600000,15550000.5,100000,100000,40,100 kb
scaffold_2,15600001,15,Chr2,40817374,15700000,15650000.5,100000,100000,150,100 kb
scaffold_2,15700001,26,Chr2,40817374,15800000,15750000.5,100000,100000,260,100 kb
scaffold_2,15800001,19,Chr2,40817374,15900000,15850000.5,100000,100000,190,100 kb
scaffold_2,15900001,9,Chr2,40817374,16000000,15950000.5,100000,100000,90,100 kb
scaffold_2,16000001,25,Chr2,40817374,16100000,16050000.5,100000,100000,250,100 kb
scaffold_2,16100001,18,Chr2,40817374,16200000,16150000.5,100000,100000,180,100 kb
scaffold_2,16200001,17,Chr2,40817374,16300000,16250000.5,100000,100000,170,100 kb
scaffold_2,16300001,15,Chr2,40817374,16400000,16350000.5,100000,100000,150,100 kb
scaffold_2,16400001,28,Chr2,40817374,16500000,16450000.5,100000,100000,280,100 kb
scaffold_2,16500001,17,Chr2,40817374,16600000,16550000.5,100000,100000,170,100 kb
scaffold_2,16600001,31,Chr2,40817374,16700000,16650000.5,100000,100000,310,100 kb
scaffold_2,16700001,25,Chr2,40817374,16800000,16750000.5,100000,100000,250,100 kb
scaffold_2,16800001,13,Chr2,40817374,16900000,16850000.5,100000,100000,130,100 kb
scaffold_2,16900001,18,Chr2,40817374,17000000,16950000.5,100000,100000,180,100 kb
scaffold_2,17000001,10,Chr2,40817374,17100000,17050000.5,100000,100000,100,100 kb
scaffold_2,17100001,27,Chr2,40817374,17200000,17150000.5,100000,100000,270,100 kb
scaffold_2,17200001,2,Chr2,40817374,17300000,17250000.5,100000,100000,20,100 kb
scaffold_2,17300001,21,Chr2,40817374,17400000,17350000.5,100000,100000,210,100 kb
scaffold_2,17400001,21,Chr2,40817374,17500000,17450000.5,100000,100000,210,100 kb
scaffold_2,17500001,7,Chr2,40817374,17600000,17550000.5,100000,100000,70,100 kb
scaffold_2,17600001,7,Chr2,40817374,17700000,17650000.5,100000,100000,70,100 kb
scaffold_2,17700001,15,Chr2,40817374,17800000,17750000.5,100000,100000,150,100 kb
scaffold_2,17800001,6,Chr2,40817374,17900000,17850000.5,100000,100000,60,100 kb
scaffold_2,17900001,5,Chr2,40817374,18000000,17950000.5,100000,100000,50,100 kb
scaffold_2,18000001,17,Chr2,40817374,18100000,18050000.5,100000,100000,170,100 kb
scaffold_2,18100001,9,Chr2,40817374,18200000,18150000.5,100000,100000,90,100 kb
scaffold_2,18200001,31,Chr2,40817374,18300000,18250000.5,100000,100000,310,100 kb
scaffold_2,18300001,21,Chr2,40817374,18400000,18350000.5,100000,100000,210,100 kb
scaffold_2,18400001,17,Chr2,40817374,18500000,18450000.5,100000,100000,170,100 kb
scaffold_2,18500001,14,Chr2,40817374,18600000,18550000.5,100000,100000,140,100 kb
scaffold_2,18600001,31,Chr2,40817374,18700000,18650000.5,100000,100000,310,100 kb
scaffold_2,18700001,22,Chr2,40817374,18800000,18750000.5,100000,100000,220,100 kb
scaffold_2,18800001,11,Chr2,40817374,18900000,18850000.5,100000,100000,110,100 kb
scaffold_2,18900001,15,Chr2,40817374,19000000,18950000.5,100000,100000,150,100 kb
scaffold_2,19000001,27,Chr2,40817374,19100000,19050000.5,100000,100000,270,100 kb
scaffold_2,19100001,48,Chr2,40817374,19200000,19150000.5,100000,100000,480,100 kb
scaffold_2,19200001,34,Chr2,40817374,19300000,19250000.5,100000,100000,340,100 kb
scaffold_2,19300001,37,Chr2,40817374,19400000,19350000.5,100000,100000,370,100 kb
scaffold_2,19400001,42,Chr2,40817374,19500000,19450000.5,100000,100000,420,100 kb
scaffold_2,19500001,55,Chr2,40817374,19600000,19550000.5,100000,100000,550,100 kb
scaffold_2,19600001,38,Chr2,40817374,19700000,19650000.5,100000,100000,380,100 kb
scaffold_2,19700001,29,Chr2,40817374,19800000,19750000.5,100000,100000,290,100 kb
scaffold_2,19800001,47,Chr2,40817374,19900000,19850000.5,100000,100000,470,100 kb
scaffold_2,19900001,32,Chr2,40817374,20000000,19950000.5,100000,100000,320,100 kb
scaffold_2,20000001,30,Chr2,40817374,20100000,20050000.5,100000,100000,300,100 kb
scaffold_2,20100001,42,Chr2,40817374,20200000,20150000.5,100000,100000,420,100 kb
scaffold_2,20200001,54,Chr2,40817374,20300000,20250000.5,100000,100000,540,100 kb
scaffold_2,20300001,52,Chr2,40817374,20400000,20350000.5,100000,100000,520,100 kb
scaffold_2,20400001,25,Chr2,40817374,20500000,20450000.5,100000,100000,250,100 kb
scaffold_2,20500001,11,Chr2,40817374,20600000,20550000.5,100000,100000,110,100 kb
scaffold_2,20600001,37,Chr2,40817374,20700000,20650000.5,100000,100000,370,100 kb
scaffold_2,20700001,31,Chr2,40817374,20800000,20750000.5,100000,100000,310,100 kb
scaffold_2,20800001,15,Chr2,40817374,20900000,20850000.5,100000,100000,150,100 kb
scaffold_2,20900001,18,Chr2,40817374,21000000,20950000.5,100000,100000,180,100 kb
scaffold_2,21000001,32,Chr2,40817374,21100000,21050000.5,100000,100000,320,100 kb
scaffold_2,21100001,8,Chr2,40817374,21200000,21150000.5,100000,100000,80,100 kb
scaffold_2,21200001,25,Chr2,40817374,21300000,21250000.5,100000,100000,250,100 kb
scaffold_2,21300001,33,Chr2,40817374,21400000,21350000.5,100000,100000,330,100 kb
scaffold_2,21400001,32,Chr2,40817374,21500000,21450000.5,100000,100000,320,100 kb
scaffold_2,21500001,22,Chr2,40817374,21600000,21550000.5,100000,100000,220,100 kb
scaffold_2,21600001,46,Chr2,40817374,21700000,21650000.5,100000,100000,460,100 kb
scaffold_2,21700001,45,Chr2,40817374,21800000,21750000.5,100000,100000,450,100 kb
scaffold_2,21800001,19,Chr2,40817374,21900000,21850000.5,100000,100000,190,100 kb
scaffold_2,21900001,32,Chr2,40817374,22000000,21950000.5,100000,100000,320,100 kb
scaffold_2,22000001,62,Chr2,40817374,22100000,22050000.5,100000,100000,620,100 kb
scaffold_2,22100001,9,Chr2,40817374,22200000,22150000.5,100000,100000,90,100 kb
scaffold_2,22200001,31,Chr2,40817374,22300000,22250000.5,100000,100000,310,100 kb
scaffold_2,22300001,41,Chr2,40817374,22400000,22350000.5,100000,100000,410,100 kb
scaffold_2,22400001,18,Chr2,40817374,22500000,22450000.5,100000,100000,180,100 kb
scaffold_2,22500001,30,Chr2,40817374,22600000,22550000.5,100000,100000,300,100 kb
scaffold_2,22600001,13,Chr2,40817374,22700000,22650000.5,100000,100000,130,100 kb
scaffold_2,22700001,32,Chr2,40817374,22800000,22750000.5,100000,100000,320,100 kb
scaffold_2,22800001,26,Chr2,40817374,22900000,22850000.5,100000,100000,260,100 kb
scaffold_2,22900001,53,Chr2,40817374,23000000,22950000.5,100000,100000,530,100 kb
scaffold_2,23000001,42,Chr2,40817374,23100000,23050000.5,100000,100000,420,100 kb
scaffold_2,23100001,31,Chr2,40817374,23200000,23150000.5,100000,100000,310,100 kb
scaffold_2,23200001,28,Chr2,40817374,23300000,23250000.5,100000,100000,280,100 kb
scaffold_2,23300001,23,Chr2,40817374,23400000,23350000.5,100000,100000,230,100 kb
scaffold_2,23400001,53,Chr2,40817374,23500000,23450000.5,100000,100000,530,100 kb
scaffold_2,23500001,46,Chr2,40817374,23600000,23550000.5,100000,100000,460,100 kb
scaffold_2,23600001,21,Chr2,40817374,23700000,23650000.5,100000,100000,210,100 kb
scaffold_2,23700001,14,Chr2,40817374,23800000,23750000.5,100000,100000,140,100 kb
scaffold_2,23800001,20,Chr2,40817374,23900000,23850000.5,100000,100000,200,100 kb
scaffold_2,23900001,32,Chr2,40817374,24000000,23950000.5,100000,100000,320,100 kb
scaffold_2,24000001,65,Chr2,40817374,24100000,24050000.5,100000,100000,650,100 kb
scaffold_2,24100001,15,Chr2,40817374,24200000,24150000.5,100000,100000,150,100 kb
scaffold_2,24200001,51,Chr2,40817374,24300000,24250000.5,100000,100000,510,100 kb
scaffold_2,24300001,39,Chr2,40817374,24400000,24350000.5,100000,100000,390,100 kb
scaffold_2,24400001,51,Chr2,40817374,24500000,24450000.5,100000,100000,510,100 kb
scaffold_2,24500001,62,Chr2,40817374,24600000,24550000.5,100000,100000,620,100 kb
scaffold_2,24600001,58,Chr2,40817374,24700000,24650000.5,100000,100000,580,100 kb
scaffold_2,24700001,14,Chr2,40817374,24800000,24750000.5,100000,100000,140,100 kb
scaffold_2,24800001,29,Chr2,40817374,24900000,24850000.5,100000,100000,290,100 kb
scaffold_2,24900001,29,Chr2,40817374,25000000,24950000.5,100000,100000,290,100 kb
scaffold_2,25000001,57,Chr2,40817374,25100000,25050000.5,100000,100000,570,100 kb
scaffold_2,25100001,36,Chr2,40817374,25200000,25150000.5,100000,100000,360,100 kb
scaffold_2,25200001,54,Chr2,40817374,25300000,25250000.5,100000,100000,540,100 kb
scaffold_2,25300001,27,Chr2,40817374,25400000,25350000.5,100000,100000,270,100 kb
scaffold_2,25400001,42,Chr2,40817374,25500000,25450000.5,100000,100000,420,100 kb
scaffold_2,25500001,42,Chr2,40817374,25600000,25550000.5,100000,100000,420,100 kb
scaffold_2,25600001,74,Chr2,40817374,25700000,25650000.5,100000,100000,740,100 kb
scaffold_2,25700001,62,Chr2,40817374,25800000,25750000.5,100000,100000,620,100 kb
scaffold_2,25800001,81,Chr2,40817374,25900000,25850000.5,100000,100000,810,100 kb
scaffold_2,25900001,65,Chr2,40817374,26000000,25950000.5,100000,100000,650,100 kb
scaffold_2,26000001,59,Chr2,40817374,26100000,26050000.5,100000,100000,590,100 kb
scaffold_2,26100001,34,Chr2,40817374,26200000,26150000.5,100000,100000,340,100 kb
scaffold_2,26200001,77,Chr2,40817374,26300000,26250000.5,100000,100000,770,100 kb
scaffold_2,26300001,35,Chr2,40817374,26400000,26350000.5,100000,100000,350,100 kb
scaffold_2,26400001,63,Chr2,40817374,26500000,26450000.5,100000,100000,630,100 kb
scaffold_2,26500001,96,Chr2,40817374,26600000,26550000.5,100000,100000,960,100 kb
scaffold_2,26600001,41,Chr2,40817374,26700000,26650000.5,100000,100000,410,100 kb
scaffold_2,26700001,68,Chr2,40817374,26800000,26750000.5,100000,100000,680,100 kb
scaffold_2,26800001,56,Chr2,40817374,26900000,26850000.5,100000,100000,560,100 kb
scaffold_2,26900001,28,Chr2,40817374,27000000,26950000.5,100000,100000,280,100 kb
scaffold_2,27000001,55,Chr2,40817374,27100000,27050000.5,100000,100000,550,100 kb
scaffold_2,27100001,70,Chr2,40817374,27200000,27150000.5,100000,100000,700,100 kb
scaffold_2,27200001,90,Chr2,40817374,27300000,27250000.5,100000,100000,900,100 kb
scaffold_2,27300001,44,Chr2,40817374,27400000,27350000.5,100000,100000,440,100 kb
scaffold_2,27400001,34,Chr2,40817374,27500000,27450000.5,100000,100000,340,100 kb
scaffold_2,27500001,49,Chr2,40817374,27600000,27550000.5,100000,100000,490,100 kb
scaffold_2,27600001,54,Chr2,40817374,27700000,27650000.5,100000,100000,540,100 kb
scaffold_2,27700001,57,Chr2,40817374,27800000,27750000.5,100000,100000,570,100 kb
scaffold_2,27800001,43,Chr2,40817374,27900000,27850000.5,100000,100000,430,100 kb
scaffold_2,27900001,59,Chr2,40817374,28000000,27950000.5,100000,100000,590,100 kb
scaffold_2,28000001,54,Chr2,40817374,28100000,28050000.5,100000,100000,540,100 kb
scaffold_2,28100001,26,Chr2,40817374,28200000,28150000.5,100000,100000,260,100 kb
scaffold_2,28200001,46,Chr2,40817374,28300000,28250000.5,100000,100000,460,100 kb
scaffold_2,28300001,79,Chr2,40817374,28400000,28350000.5,100000,100000,790,100 kb
scaffold_2,28400001,22,Chr2,40817374,28500000,28450000.5,100000,100000,220,100 kb
scaffold_2,28500001,33,Chr2,40817374,28600000,28550000.5,100000,100000,330,100 kb
scaffold_2,28600001,83,Chr2,40817374,28700000,28650000.5,100000,100000,830,100 kb
scaffold_2,28700001,40,Chr2,40817374,28800000,28750000.5,100000,100000,400,100 kb
scaffold_2,28800001,36,Chr2,40817374,28900000,28850000.5,100000,100000,360,100 kb
scaffold_2,28900001,55,Chr2,40817374,29000000,28950000.5,100000,100000,550,100 kb
scaffold_2,29000001,32,Chr2,40817374,29100000,29050000.5,100000,100000,320,100 kb
scaffold_2,29100001,52,Chr2,40817374,29200000,29150000.5,100000,100000,520,100 kb
scaffold_2,29200001,63,Chr2,40817374,29300000,29250000.5,100000,100000,630,100 kb
scaffold_2,29300001,59,Chr2,40817374,29400000,29350000.5,100000,100000,590,100 kb
scaffold_2,29400001,50,Chr2,40817374,29500000,29450000.5,100000,100000,500,100 kb
scaffold_2,29500001,39,Chr2,40817374,29600000,29550000.5,100000,100000,390,100 kb
scaffold_2,29600001,93,Chr2,40817374,29700000,29650000.5,100000,100000,930,100 kb
scaffold_2,29700001,74,Chr2,40817374,29800000,29750000.5,100000,100000,740,100 kb
scaffold_2,29800001,69,Chr2,40817374,29900000,29850000.5,100000,100000,690,100 kb
scaffold_2,29900001,43,Chr2,40817374,30000000,29950000.5,100000,100000,430,100 kb
scaffold_2,30000001,46,Chr2,40817374,30100000,30050000.5,100000,100000,460,100 kb
scaffold_2,30100001,74,Chr2,40817374,30200000,30150000.5,100000,100000,740,100 kb
scaffold_2,30200001,126,Chr2,40817374,30300000,30250000.5,100000,100000,1260,100 kb
scaffold_2,30300001,127,Chr2,40817374,30400000,30350000.5,100000,100000,1270,100 kb
scaffold_2,30400001,76,Chr2,40817374,30500000,30450000.5,100000,100000,760,100 kb
scaffold_2,30500001,82,Chr2,40817374,30600000,30550000.5,100000,100000,820,100 kb
scaffold_2,30600001,40,Chr2,40817374,30700000,30650000.5,100000,100000,400,100 kb
scaffold_2,30700001,86,Chr2,40817374,30800000,30750000.5,100000,100000,860,100 kb
scaffold_2,30800001,35,Chr2,40817374,30900000,30850000.5,100000,100000,350,100 kb
scaffold_2,30900001,111,Chr2,40817374,31000000,30950000.5,100000,100000,1110,100 kb
scaffold_2,31000001,65,Chr2,40817374,31100000,31050000.5,100000,100000,650,100 kb
scaffold_2,31100001,42,Chr2,40817374,31200000,31150000.5,100000,100000,420,100 kb
scaffold_2,31200001,44,Chr2,40817374,31300000,31250000.5,100000,100000,440,100 kb
scaffold_2,31300001,87,Chr2,40817374,31400000,31350000.5,100000,100000,870,100 kb
scaffold_2,31400001,82,Chr2,40817374,31500000,31450000.5,100000,100000,820,100 kb
scaffold_2,31500001,91,Chr2,40817374,31600000,31550000.5,100000,100000,910,100 kb
scaffold_2,31600001,82,Chr2,40817374,31700000,31650000.5,100000,100000,820,100 kb
scaffold_2,31700001,33,Chr2,40817374,31800000,31750000.5,100000,100000,330,100 kb
scaffold_2,31800001,70,Chr2,40817374,31900000,31850000.5,100000,100000,700,100 kb
scaffold_2,31900001,96,Chr2,40817374,32000000,31950000.5,100000,100000,960,100 kb
scaffold_2,32000001,33,Chr2,40817374,32100000,32050000.5,100000,100000,330,100 kb
scaffold_2,32100001,5,Chr2,40817374,32200000,32150000.5,100000,100000,50,100 kb
scaffold_2,32200001,41,Chr2,40817374,32300000,32250000.5,100000,100000,410,100 kb
scaffold_2,32300001,95,Chr2,40817374,32400000,32350000.5,100000,100000,950,100 kb
scaffold_2,32400001,97,Chr2,40817374,32500000,32450000.5,100000,100000,970,100 kb
scaffold_2,32500001,89,Chr2,40817374,32600000,32550000.5,100000,100000,890,100 kb
scaffold_2,32600001,52,Chr2,40817374,32700000,32650000.5,100000,100000,520,100 kb
scaffold_2,32700001,37,Chr2,40817374,32800000,32750000.5,100000,100000,370,100 kb
scaffold_2,32800001,65,Chr2,40817374,32900000,32850000.5,100000,100000,650,100 kb
scaffold_2,32900001,101,Chr2,40817374,33000000,32950000.5,100000,100000,1010,100 kb
scaffold_2,33000001,75,Chr2,40817374,33100000,33050000.5,100000,100000,750,100 kb
scaffold_2,33100001,104,Chr2,40817374,33200000,33150000.5,100000,100000,1040,100 kb
scaffold_2,33200001,36,Chr2,40817374,33300000,33250000.5,100000,100000,360,100 kb
scaffold_2,33300001,65,Chr2,40817374,33400000,33350000.5,100000,100000,650,100 kb
scaffold_2,33400001,106,Chr2,40817374,33500000,33450000.5,100000,100000,1060,100 kb
scaffold_2,33500001,42,Chr2,40817374,33600000,33550000.5,100000,100000,420,100 kb
scaffold_2,33600001,64,Chr2,40817374,33700000,33650000.5,100000,100000,640,100 kb
scaffold_2,33700001,57,Chr2,40817374,33800000,33750000.5,100000,100000,570,100 kb
scaffold_2,33800001,44,Chr2,40817374,33900000,33850000.5,100000,100000,440,100 kb
scaffold_2,33900001,71,Chr2,40817374,34000000,33950000.5,100000,100000,710,100 kb
scaffold_2,34000001,47,Chr2,40817374,34100000,34050000.5,100000,100000,470,100 kb
scaffold_2,34100001,53,Chr2,40817374,34200000,34150000.5,100000,100000,530,100 kb
scaffold_2,34200001,49,Chr2,40817374,34300000,34250000.5,100000,100000,490,100 kb
scaffold_2,34300001,103,Chr2,40817374,34400000,34350000.5,100000,100000,1030,100 kb
scaffold_2,34400001,27,Chr2,40817374,34500000,34450000.5,100000,100000,270,100 kb
scaffold_2,34500001,81,Chr2,40817374,34600000,34550000.5,100000,100000,810,100 kb
scaffold_2,34600001,80,Chr2,40817374,34700000,34650000.5,100000,100000,800,100 kb
scaffold_2,34700001,37,Chr2,40817374,34800000,34750000.5,100000,100000,370,100 kb
scaffold_2,34800001,148,Chr2,40817374,34900000,34850000.5,100000,100000,1480,100 kb
scaffold_2,34900001,70,Chr2,40817374,35000000,34950000.5,100000,100000,700,100 kb
scaffold_2,35000001,99,Chr2,40817374,35100000,35050000.5,100000,100000,990,100 kb
scaffold_2,35100001,66,Chr2,40817374,35200000,35150000.5,100000,100000,660,100 kb
scaffold_2,35200001,58,Chr2,40817374,35300000,35250000.5,100000,100000,580,100 kb
scaffold_2,35300001,88,Chr2,40817374,35400000,35350000.5,100000,100000,880,100 kb
scaffold_2,35400001,73,Chr2,40817374,35500000,35450000.5,100000,100000,730,100 kb
scaffold_2,35500001,84,Chr2,40817374,35600000,35550000.5,100000,100000,840,100 kb
scaffold_2,35600001,101,Chr2,40817374,35700000,35650000.5,100000,100000,1010,100 kb
scaffold_2,35700001,127,Chr2,40817374,35800000,35750000.5,100000,100000,1270,100 kb
scaffold_2,35800001,119,Chr2,40817374,35900000,35850000.5,100000,100000,1190,100 kb
scaffold_2,35900001,40,Chr2,40817374,36000000,35950000.5,100000,100000,400,100 kb
scaffold_2,36000001,101,Chr2,40817374,36100000,36050000.5,100000,100000,1010,100 kb
scaffold_2,36100001,49,Chr2,40817374,36200000,36150000.5,100000,100000,490,100 kb
scaffold_2,36200001,52,Chr2,40817374,36300000,36250000.5,100000,100000,520,100 kb
scaffold_2,36300001,73,Chr2,40817374,36400000,36350000.5,100000,100000,730,100 kb
scaffold_2,36400001,92,Chr2,40817374,36500000,36450000.5,100000,100000,920,100 kb
scaffold_2,36500001,101,Chr2,40817374,36600000,36550000.5,100000,100000,1010,100 kb
scaffold_2,36600001,97,Chr2,40817374,36700000,36650000.5,100000,100000,970,100 kb
scaffold_2,36700001,66,Chr2,40817374,36800000,36750000.5,100000,100000,660,100 kb
scaffold_2,36800001,62,Chr2,40817374,36900000,36850000.5,100000,100000,620,100 kb
scaffold_2,36900001,92,Chr2,40817374,37000000,36950000.5,100000,100000,920,100 kb
scaffold_2,37000001,100,Chr2,40817374,37100000,37050000.5,100000,100000,1000,100 kb
scaffold_2,37100001,104,Chr2,40817374,37200000,37150000.5,100000,100000,1040,100 kb
scaffold_2,37200001,121,Chr2,40817374,37300000,37250000.5,100000,100000,1210,100 kb
scaffold_2,37300001,46,Chr2,40817374,37400000,37350000.5,100000,100000,460,100 kb
scaffold_2,37400001,98,Chr2,40817374,37500000,37450000.5,100000,100000,980,100 kb
scaffold_2,37500001,85,Chr2,40817374,37600000,37550000.5,100000,100000,850,100 kb
scaffold_2,37600001,96,Chr2,40817374,37700000,37650000.5,100000,100000,960,100 kb
scaffold_2,37700001,73,Chr2,40817374,37800000,37750000.5,100000,100000,730,100 kb
scaffold_2,37800001,81,Chr2,40817374,37900000,37850000.5,100000,100000,810,100 kb
scaffold_2,37900001,72,Chr2,40817374,38000000,37950000.5,100000,100000,720,100 kb
scaffold_2,38000001,144,Chr2,40817374,38100000,38050000.5,100000,100000,1440,100 kb
scaffold_2,38100001,89,Chr2,40817374,38200000,38150000.5,100000,100000,890,100 kb
scaffold_2,38200001,126,Chr2,40817374,38300000,38250000.5,100000,100000,1260,100 kb
scaffold_2,38300001,70,Chr2,40817374,38400000,38350000.5,100000,100000,700,100 kb
scaffold_2,38400001,131,Chr2,40817374,38500000,38450000.5,100000,100000,1310,100 kb
scaffold_2,38500001,87,Chr2,40817374,38600000,38550000.5,100000,100000,870,100 kb
scaffold_2,38600001,58,Chr2,40817374,38700000,38650000.5,100000,100000,580,100 kb
scaffold_2,38700001,67,Chr2,40817374,38800000,38750000.5,100000,100000,670,100 kb
scaffold_2,38800001,95,Chr2,40817374,38900000,38850000.5,100000,100000,950,100 kb
scaffold_2,38900001,84,Chr2,40817374,39000000,38950000.5,100000,100000,840,100 kb
scaffold_2,39000001,95,Chr2,40817374,39100000,39050000.5,100000,100000,950,100 kb
scaffold_2,39100001,127,Chr2,40817374,39200000,39150000.5,100000,100000,1270,100 kb
scaffold_2,39200001,94,Chr2,40817374,39300000,39250000.5,100000,100000,940,100 kb
scaffold_2,39300001,139,Chr2,40817374,39400000,39350000.5,100000,100000,1390,100 kb
scaffold_2,39400001,86,Chr2,40817374,39500000,39450000.5,100000,100000,860,100 kb
scaffold_2,39500001,74,Chr2,40817374,39600000,39550000.5,100000,100000,740,100 kb
scaffold_2,39600001,112,Chr2,40817374,39700000,39650000.5,100000,100000,1120,100 kb
scaffold_2,39700001,127,Chr2,40817374,39800000,39750000.5,100000,100000,1270,100 kb
scaffold_2,39800001,49,Chr2,40817374,39900000,39850000.5,100000,100000,490,100 kb
scaffold_2,39900001,83,Chr2,40817374,40000000,39950000.5,100000,100000,830,100 kb
scaffold_2,40000001,127,Chr2,40817374,40100000,40050000.5,100000,100000,1270,100 kb
scaffold_2,40100001,95,Chr2,40817374,40200000,40150000.5,100000,100000,950,100 kb
scaffold_2,40200001,81,Chr2,40817374,40300000,40250000.5,100000,100000,810,100 kb
scaffold_2,40300001,111,Chr2,40817374,40400000,40350000.5,100000,100000,1110,100 kb
scaffold_2,40400001,65,Chr2,40817374,40500000,40450000.5,100000,100000,650,100 kb
scaffold_2,40500001,73,Chr2,40817374,40600000,40550000.5,100000,100000,730,100 kb
scaffold_2,40600001,59,Chr2,40817374,40700000,40650000.5,100000,100000,590,100 kb
scaffold_2,40700001,75,Chr2,40817374,40800000,40750000.5,100000,100000,750,100 kb
scaffold_2,40800001,8,Chr2,40817374,40817374,40808687.5,17374,100000,460.45815586508576,100 kb
scaffold_3,1,7,Chr3,35723232,100000,50000.5,100000,100000,70,100 kb
scaffold_3,100001,13,Chr3,35723232,200000,150000.5,100000,100000,130,100 kb
scaffold_3,200001,20,Chr3,35723232,300000,250000.5,100000,100000,200,100 kb
scaffold_3,300001,16,Chr3,35723232,400000,350000.5,100000,100000,160,100 kb
scaffold_3,400001,21,Chr3,35723232,500000,450000.5,100000,100000,210,100 kb
scaffold_3,500001,8,Chr3,35723232,600000,550000.5,100000,100000,80,100 kb
scaffold_3,600001,18,Chr3,35723232,700000,650000.5,100000,100000,180,100 kb
scaffold_3,700001,20,Chr3,35723232,800000,750000.5,100000,100000,200,100 kb
scaffold_3,800001,37,Chr3,35723232,900000,850000.5,100000,100000,370,100 kb
scaffold_3,900001,7,Chr3,35723232,1000000,950000.5,100000,100000,70,100 kb
scaffold_3,1000001,9,Chr3,35723232,1100000,1050000.5,100000,100000,90,100 kb
scaffold_3,1100001,18,Chr3,35723232,1200000,1150000.5,100000,100000,180,100 kb
scaffold_3,1200001,5,Chr3,35723232,1300000,1250000.5,100000,100000,50,100 kb
scaffold_3,1300001,14,Chr3,35723232,1400000,1350000.5,100000,100000,140,100 kb
scaffold_3,1400001,19,Chr3,35723232,1500000,1450000.5,100000,100000,190,100 kb
scaffold_3,1500001,18,Chr3,35723232,1600000,1550000.5,100000,100000,180,100 kb
scaffold_3,1600001,17,Chr3,35723232,1700000,1650000.5,100000,100000,170,100 kb
scaffold_3,1700001,27,Chr3,35723232,1800000,1750000.5,100000,100000,270,100 kb
scaffold_3,1800001,15,Chr3,35723232,1900000,1850000.5,100000,100000,150,100 kb
scaffold_3,1900001,7,Chr3,35723232,2000000,1950000.5,100000,100000,70,100 kb
scaffold_3,2000001,11,Chr3,35723232,2100000,2050000.5,100000,100000,110,100 kb
scaffold_3,2100001,8,Chr3,35723232,2200000,2150000.5,100000,100000,80,100 kb
scaffold_3,2200001,24,Chr3,35723232,2300000,2250000.5,100000,100000,240,100 kb
scaffold_3,2300001,4,Chr3,35723232,2400000,2350000.5,100000,100000,40,100 kb
scaffold_3,2400001,1,Chr3,35723232,2500000,2450000.5,100000,100000,10,100 kb
scaffold_3,2500001,4,Chr3,35723232,2600000,2550000.5,100000,100000,40,100 kb
scaffold_3,2600001,17,Chr3,35723232,2700000,2650000.5,100000,100000,170,100 kb
scaffold_3,2700001,13,Chr3,35723232,2800000,2750000.5,100000,100000,130,100 kb
scaffold_3,2800001,15,Chr3,35723232,2900000,2850000.5,100000,100000,150,100 kb
scaffold_3,2900001,15,Chr3,35723232,3000000,2950000.5,100000,100000,150,100 kb
scaffold_3,3000001,13,Chr3,35723232,3100000,3050000.5,100000,100000,130,100 kb
scaffold_3,3100001,13,Chr3,35723232,3200000,3150000.5,100000,100000,130,100 kb
scaffold_3,3200001,13,Chr3,35723232,3300000,3250000.5,100000,100000,130,100 kb
scaffold_3,3300001,4,Chr3,35723232,3400000,3350000.5,100000,100000,40,100 kb
scaffold_3,3400001,9,Chr3,35723232,3500000,3450000.5,100000,100000,90,100 kb
scaffold_3,3500001,15,Chr3,35723232,3600000,3550000.5,100000,100000,150,100 kb
scaffold_3,3600001,12,Chr3,35723232,3700000,3650000.5,100000,100000,120,100 kb
scaffold_3,3700001,25,Chr3,35723232,3800000,3750000.5,100000,100000,250,100 kb
scaffold_3,3800001,11,Chr3,35723232,3900000,3850000.5,100000,100000,110,100 kb
scaffold_3,3900001,8,Chr3,35723232,4000000,3950000.5,100000,100000,80,100 kb
scaffold_3,4000001,11,Chr3,35723232,4100000,4050000.5,100000,100000,110,100 kb
scaffold_3,4100001,10,Chr3,35723232,4200000,4150000.5,100000,100000,100,100 kb
scaffold_3,4200001,7,Chr3,35723232,4300000,4250000.5,100000,100000,70,100 kb
scaffold_3,4300001,13,Chr3,35723232,4400000,4350000.5,100000,100000,130,100 kb
scaffold_3,4400001,8,Chr3,35723232,4500000,4450000.5,100000,100000,80,100 kb
scaffold_3,4500001,33,Chr3,35723232,4600000,4550000.5,100000,100000,330,100 kb
scaffold_3,4600001,9,Chr3,35723232,4700000,4650000.5,100000,100000,90,100 kb
scaffold_3,4700001,18,Chr3,35723232,4800000,4750000.5,100000,100000,180,100 kb
scaffold_3,4800001,4,Chr3,35723232,4900000,4850000.5,100000,100000,40,100 kb
scaffold_3,4900001,24,Chr3,35723232,5000000,4950000.5,100000,100000,240,100 kb
scaffold_3,5000001,15,Chr3,35723232,5100000,5050000.5,100000,100000,150,100 kb
scaffold_3,5100001,14,Chr3,35723232,5200000,5150000.5,100000,100000,140,100 kb
scaffold_3,5200001,13,Chr3,35723232,5300000,5250000.5,100000,100000,130,100 kb
scaffold_3,5300001,22,Chr3,35723232,5400000,5350000.5,100000,100000,220,100 kb
scaffold_3,5400001,16,Chr3,35723232,5500000,5450000.5,100000,100000,160,100 kb
scaffold_3,5500001,16,Chr3,35723232,5600000,5550000.5,100000,100000,160,100 kb
scaffold_3,5600001,18,Chr3,35723232,5700000,5650000.5,100000,100000,180,100 kb
scaffold_3,5700001,12,Chr3,35723232,5800000,5750000.5,100000,100000,120,100 kb
scaffold_3,5800001,10,Chr3,35723232,5900000,5850000.5,100000,100000,100,100 kb
scaffold_3,5900001,16,Chr3,35723232,6000000,5950000.5,100000,100000,160,100 kb
scaffold_3,6000001,32,Chr3,35723232,6100000,6050000.5,100000,100000,320,100 kb
scaffold_3,6100001,8,Chr3,35723232,6200000,6150000.5,100000,100000,80,100 kb
scaffold_3,6200001,25,Chr3,35723232,6300000,6250000.5,100000,100000,250,100 kb
scaffold_3,6300001,18,Chr3,35723232,6400000,6350000.5,100000,100000,180,100 kb
scaffold_3,6400001,12,Chr3,35723232,6500000,6450000.5,100000,100000,120,100 kb
scaffold_3,6500001,16,Chr3,35723232,6600000,6550000.5,100000,100000,160,100 kb
scaffold_3,6600001,10,Chr3,35723232,6700000,6650000.5,100000,100000,100,100 kb
scaffold_3,6700001,21,Chr3,35723232,6800000,6750000.5,100000,100000,210,100 kb
scaffold_3,6800001,14,Chr3,35723232,6900000,6850000.5,100000,100000,140,100 kb
scaffold_3,6900001,26,Chr3,35723232,7000000,6950000.5,100000,100000,260,100 kb
scaffold_3,7000001,22,Chr3,35723232,7100000,7050000.5,100000,100000,220,100 kb
scaffold_3,7100001,9,Chr3,35723232,7200000,7150000.5,100000,100000,90,100 kb
scaffold_3,7200001,15,Chr3,35723232,7300000,7250000.5,100000,100000,150,100 kb
scaffold_3,7300001,16,Chr3,35723232,7400000,7350000.5,100000,100000,160,100 kb
scaffold_3,7400001,29,Chr3,35723232,7500000,7450000.5,100000,100000,290,100 kb
scaffold_3,7500001,9,Chr3,35723232,7600000,7550000.5,100000,100000,90,100 kb
scaffold_3,7600001,12,Chr3,35723232,7700000,7650000.5,100000,100000,120,100 kb
scaffold_3,7700001,16,Chr3,35723232,7800000,7750000.5,100000,100000,160,100 kb
scaffold_3,7800001,16,Chr3,35723232,7900000,7850000.5,100000,100000,160,100 kb
scaffold_3,7900001,16,Chr3,35723232,8000000,7950000.5,100000,100000,160,100 kb
scaffold_3,8000001,20,Chr3,35723232,8100000,8050000.5,100000,100000,200,100 kb
scaffold_3,8100001,5,Chr3,35723232,8200000,8150000.5,100000,100000,50,100 kb
scaffold_3,8200001,11,Chr3,35723232,8300000,8250000.5,100000,100000,110,100 kb
scaffold_3,8300001,21,Chr3,35723232,8400000,8350000.5,100000,100000,210,100 kb
scaffold_3,8400001,20,Chr3,35723232,8500000,8450000.5,100000,100000,200,100 kb
scaffold_3,8500001,8,Chr3,35723232,8600000,8550000.5,100000,100000,80,100 kb
scaffold_3,8600001,11,Chr3,35723232,8700000,8650000.5,100000,100000,110,100 kb
scaffold_3,8700001,17,Chr3,35723232,8800000,8750000.5,100000,100000,170,100 kb
scaffold_3,8800001,10,Chr3,35723232,8900000,8850000.5,100000,100000,100,100 kb
scaffold_3,8900001,19,Chr3,35723232,9000000,8950000.5,100000,100000,190,100 kb
scaffold_3,9000001,27,Chr3,35723232,9100000,9050000.5,100000,100000,270,100 kb
scaffold_3,9100001,22,Chr3,35723232,9200000,9150000.5,100000,100000,220,100 kb
scaffold_3,9200001,34,Chr3,35723232,9300000,9250000.5,100000,100000,340,100 kb
scaffold_3,9300001,39,Chr3,35723232,9400000,9350000.5,100000,100000,390,100 kb
scaffold_3,9400001,37,Chr3,35723232,9500000,9450000.5,100000,100000,370,100 kb
scaffold_3,9500001,31,Chr3,35723232,9600000,9550000.5,100000,100000,310,100 kb
scaffold_3,9600001,14,Chr3,35723232,9700000,9650000.5,100000,100000,140,100 kb
scaffold_3,9700001,31,Chr3,35723232,9800000,9750000.5,100000,100000,310,100 kb
scaffold_3,9800001,30,Chr3,35723232,9900000,9850000.5,100000,100000,300,100 kb
scaffold_3,9900001,22,Chr3,35723232,10000000,9950000.5,100000,100000,220,100 kb
scaffold_3,10000001,18,Chr3,35723232,10100000,10050000.5,100000,100000,180,100 kb
scaffold_3,10100001,21,Chr3,35723232,10200000,10150000.5,100000,100000,210,100 kb
scaffold_3,10200001,26,Chr3,35723232,10300000,10250000.5,100000,100000,260,100 kb
scaffold_3,10300001,12,Chr3,35723232,10400000,10350000.5,100000,100000,120,100 kb
scaffold_3,10400001,24,Chr3,35723232,10500000,10450000.5,100000,100000,240,100 kb
scaffold_3,10500001,19,Chr3,35723232,10600000,10550000.5,100000,100000,190,100 kb
scaffold_3,10600001,12,Chr3,35723232,10700000,10650000.5,100000,100000,120,100 kb
scaffold_3,10700001,17,Chr3,35723232,10800000,10750000.5,100000,100000,170,100 kb
scaffold_3,10800001,22,Chr3,35723232,10900000,10850000.5,100000,100000,220,100 kb
scaffold_3,10900001,23,Chr3,35723232,11000000,10950000.5,100000,100000,230,100 kb
scaffold_3,11000001,34,Chr3,35723232,11100000,11050000.5,100000,100000,340,100 kb
scaffold_3,11100001,20,Chr3,35723232,11200000,11150000.5,100000,100000,200,100 kb
scaffold_3,11200001,14,Chr3,35723232,11300000,11250000.5,100000,100000,140,100 kb
scaffold_3,11300001,13,Chr3,35723232,11400000,11350000.5,100000,100000,130,100 kb
scaffold_3,11400001,10,Chr3,35723232,11500000,11450000.5,100000,100000,100,100 kb
scaffold_3,11500001,24,Chr3,35723232,11600000,11550000.5,100000,100000,240,100 kb
scaffold_3,11600001,19,Chr3,35723232,11700000,11650000.5,100000,100000,190,100 kb
scaffold_3,11700001,15,Chr3,35723232,11800000,11750000.5,100000,100000,150,100 kb
scaffold_3,11800001,15,Chr3,35723232,11900000,11850000.5,100000,100000,150,100 kb
scaffold_3,11900001,23,Chr3,35723232,12000000,11950000.5,100000,100000,230,100 kb
scaffold_3,12000001,39,Chr3,35723232,12100000,12050000.5,100000,100000,390,100 kb
scaffold_3,12100001,19,Chr3,35723232,12200000,12150000.5,100000,100000,190,100 kb
scaffold_3,12200001,15,Chr3,35723232,12300000,12250000.5,100000,100000,150,100 kb
scaffold_3,12300001,21,Chr3,35723232,12400000,12350000.5,100000,100000,210,100 kb
scaffold_3,12400001,10,Chr3,35723232,12500000,12450000.5,100000,100000,100,100 kb
scaffold_3,12500001,4,Chr3,35723232,12600000,12550000.5,100000,100000,40,100 kb
scaffold_3,12600001,10,Chr3,35723232,12700000,12650000.5,100000,100000,100,100 kb
scaffold_3,12700001,8,Chr3,35723232,12800000,12750000.5,100000,100000,80,100 kb
scaffold_3,12800001,10,Chr3,35723232,12900000,12850000.5,100000,100000,100,100 kb
scaffold_3,12900001,16,Chr3,35723232,13000000,12950000.5,100000,100000,160,100 kb
scaffold_3,13000001,3,Chr3,35723232,13100000,13050000.5,100000,100000,30,100 kb
scaffold_3,13100001,17,Chr3,35723232,13200000,13150000.5,100000,100000,170,100 kb
scaffold_3,13200001,2,Chr3,35723232,13300000,13250000.5,100000,100000,20,100 kb
scaffold_3,13300001,36,Chr3,35723232,13400000,13350000.5,100000,100000,360,100 kb
scaffold_3,13400001,16,Chr3,35723232,13500000,13450000.5,100000,100000,160,100 kb
scaffold_3,13500001,12,Chr3,35723232,13600000,13550000.5,100000,100000,120,100 kb
scaffold_3,13600001,24,Chr3,35723232,13700000,13650000.5,100000,100000,240,100 kb
scaffold_3,13700001,12,Chr3,35723232,13800000,13750000.5,100000,100000,120,100 kb
scaffold_3,13800001,6,Chr3,35723232,13900000,13850000.5,100000,100000,60,100 kb
scaffold_3,13900001,16,Chr3,35723232,14000000,13950000.5,100000,100000,160,100 kb
scaffold_3,14000001,25,Chr3,35723232,14100000,14050000.5,100000,100000,250,100 kb
scaffold_3,14100001,6,Chr3,35723232,14200000,14150000.5,100000,100000,60,100 kb
scaffold_3,14200001,4,Chr3,35723232,14300000,14250000.5,100000,100000,40,100 kb
scaffold_3,14300001,15,Chr3,35723232,14400000,14350000.5,100000,100000,150,100 kb
scaffold_3,14400001,10,Chr3,35723232,14500000,14450000.5,100000,100000,100,100 kb
scaffold_3,14500001,26,Chr3,35723232,14600000,14550000.5,100000,100000,260,100 kb
scaffold_3,14600001,24,Chr3,35723232,14700000,14650000.5,100000,100000,240,100 kb
scaffold_3,14700001,18,Chr3,35723232,14800000,14750000.5,100000,100000,180,100 kb
scaffold_3,14800001,21,Chr3,35723232,14900000,14850000.5,100000,100000,210,100 kb
scaffold_3,14900001,18,Chr3,35723232,15000000,14950000.5,100000,100000,180,100 kb
scaffold_3,15000001,40,Chr3,35723232,15100000,15050000.5,100000,100000,400,100 kb
scaffold_3,15100001,25,Chr3,35723232,15200000,15150000.5,100000,100000,250,100 kb
scaffold_3,15200001,19,Chr3,35723232,15300000,15250000.5,100000,100000,190,100 kb
scaffold_3,15300001,16,Chr3,35723232,15400000,15350000.5,100000,100000,160,100 kb
scaffold_3,15400001,24,Chr3,35723232,15500000,15450000.5,100000,100000,240,100 kb
scaffold_3,15500001,17,Chr3,35723232,15600000,15550000.5,100000,100000,170,100 kb
scaffold_3,15600001,24,Chr3,35723232,15700000,15650000.5,100000,100000,240,100 kb
scaffold_3,15700001,18,Chr3,35723232,15800000,15750000.5,100000,100000,180,100 kb
scaffold_3,15800001,15,Chr3,35723232,15900000,15850000.5,100000,100000,150,100 kb
scaffold_3,15900001,15,Chr3,35723232,16000000,15950000.5,100000,100000,150,100 kb
scaffold_3,16000001,13,Chr3,35723232,16100000,16050000.5,100000,100000,130,100 kb
scaffold_3,16100001,17,Chr3,35723232,16200000,16150000.5,100000,100000,170,100 kb
scaffold_3,16200001,12,Chr3,35723232,16300000,16250000.5,100000,100000,120,100 kb
scaffold_3,16300001,28,Chr3,35723232,16400000,16350000.5,100000,100000,280,100 kb
scaffold_3,16400001,18,Chr3,35723232,16500000,16450000.5,100000,100000,180,100 kb
scaffold_3,16500001,22,Chr3,35723232,16600000,16550000.5,100000,100000,220,100 kb
scaffold_3,16600001,15,Chr3,35723232,16700000,16650000.5,100000,100000,150,100 kb
scaffold_3,16700001,23,Chr3,35723232,16800000,16750000.5,100000,100000,230,100 kb
scaffold_3,16800001,28,Chr3,35723232,16900000,16850000.5,100000,100000,280,100 kb
scaffold_3,16900001,27,Chr3,35723232,17000000,16950000.5,100000,100000,270,100 kb
scaffold_3,17000001,34,Chr3,35723232,17100000,17050000.5,100000,100000,340,100 kb
scaffold_3,17100001,21,Chr3,35723232,17200000,17150000.5,100000,100000,210,100 kb
scaffold_3,17200001,29,Chr3,35723232,17300000,17250000.5,100000,100000,290,100 kb
scaffold_3,17300001,49,Chr3,35723232,17400000,17350000.5,100000,100000,490,100 kb
scaffold_3,17400001,26,Chr3,35723232,17500000,17450000.5,100000,100000,260,100 kb
scaffold_3,17500001,35,Chr3,35723232,17600000,17550000.5,100000,100000,350,100 kb
scaffold_3,17600001,43,Chr3,35723232,17700000,17650000.5,100000,100000,430,100 kb
scaffold_3,17700001,24,Chr3,35723232,17800000,17750000.5,100000,100000,240,100 kb
scaffold_3,17800001,46,Chr3,35723232,17900000,17850000.5,100000,100000,460,100 kb
scaffold_3,17900001,28,Chr3,35723232,18000000,17950000.5,100000,100000,280,100 kb
scaffold_3,18000001,31,Chr3,35723232,18100000,18050000.5,100000,100000,310,100 kb
scaffold_3,18100001,37,Chr3,35723232,18200000,18150000.5,100000,100000,370,100 kb
scaffold_3,18200001,37,Chr3,35723232,18300000,18250000.5,100000,100000,370,100 kb
scaffold_3,18300001,35,Chr3,35723232,18400000,18350000.5,100000,100000,350,100 kb
scaffold_3,18400001,29,Chr3,35723232,18500000,18450000.5,100000,100000,290,100 kb
scaffold_3,18500001,33,Chr3,35723232,18600000,18550000.5,100000,100000,330,100 kb
scaffold_3,18600001,49,Chr3,35723232,18700000,18650000.5,100000,100000,490,100 kb
scaffold_3,18700001,44,Chr3,35723232,18800000,18750000.5,100000,100000,440,100 kb
scaffold_3,18800001,81,Chr3,35723232,18900000,18850000.5,100000,100000,810,100 kb
scaffold_3,18900001,42,Chr3,35723232,19000000,18950000.5,100000,100000,420,100 kb
scaffold_3,19000001,25,Chr3,35723232,19100000,19050000.5,100000,100000,250,100 kb
scaffold_3,19100001,22,Chr3,35723232,19200000,19150000.5,100000,100000,220,100 kb
scaffold_3,19200001,44,Chr3,35723232,19300000,19250000.5,100000,100000,440,100 kb
scaffold_3,19300001,64,Chr3,35723232,19400000,19350000.5,100000,100000,640,100 kb
scaffold_3,19400001,19,Chr3,35723232,19500000,19450000.5,100000,100000,190,100 kb
scaffold_3,19500001,20,Chr3,35723232,19600000,19550000.5,100000,100000,200,100 kb
scaffold_3,19600001,46,Chr3,35723232,19700000,19650000.5,100000,100000,460,100 kb
scaffold_3,19700001,52,Chr3,35723232,19800000,19750000.5,100000,100000,520,100 kb
scaffold_3,19800001,46,Chr3,35723232,19900000,19850000.5,100000,100000,460,100 kb
scaffold_3,19900001,41,Chr3,35723232,20000000,19950000.5,100000,100000,410,100 kb
scaffold_3,20000001,15,Chr3,35723232,20100000,20050000.5,100000,100000,150,100 kb
scaffold_3,20100001,45,Chr3,35723232,20200000,20150000.5,100000,100000,450,100 kb
scaffold_3,20200001,57,Chr3,35723232,20300000,20250000.5,100000,100000,570,100 kb
scaffold_3,20300001,27,Chr3,35723232,20400000,20350000.5,100000,100000,270,100 kb
scaffold_3,20400001,31,Chr3,35723232,20500000,20450000.5,100000,100000,310,100 kb
scaffold_3,20500001,21,Chr3,35723232,20600000,20550000.5,100000,100000,210,100 kb
scaffold_3,20600001,51,Chr3,35723232,20700000,20650000.5,100000,100000,510,100 kb
scaffold_3,20700001,57,Chr3,35723232,20800000,20750000.5,100000,100000,570,100 kb
scaffold_3,20800001,23,Chr3,35723232,20900000,20850000.5,100000,100000,230,100 kb
scaffold_3,20900001,69,Chr3,35723232,21000000,20950000.5,100000,100000,690,100 kb
scaffold_3,21000001,28,Chr3,35723232,21100000,21050000.5,100000,100000,280,100 kb
scaffold_3,21100001,30,Chr3,35723232,21200000,21150000.5,100000,100000,300,100 kb
scaffold_3,21200001,38,Chr3,35723232,21300000,21250000.5,100000,100000,380,100 kb
scaffold_3,21300001,69,Chr3,35723232,21400000,21350000.5,100000,100000,690,100 kb
scaffold_3,21400001,57,Chr3,35723232,21500000,21450000.5,100000,100000,570,100 kb
scaffold_3,21500001,35,Chr3,35723232,21600000,21550000.5,100000,100000,350,100 kb
scaffold_3,21600001,58,Chr3,35723232,21700000,21650000.5,100000,100000,580,100 kb
scaffold_3,21700001,25,Chr3,35723232,21800000,21750000.5,100000,100000,250,100 kb
scaffold_3,21800001,102,Chr3,35723232,21900000,21850000.5,100000,100000,1020,100 kb
scaffold_3,21900001,71,Chr3,35723232,22000000,21950000.5,100000,100000,710,100 kb
scaffold_3,22000001,36,Chr3,35723232,22100000,22050000.5,100000,100000,360,100 kb
scaffold_3,22100001,60,Chr3,35723232,22200000,22150000.5,100000,100000,600,100 kb
scaffold_3,22200001,28,Chr3,35723232,22300000,22250000.5,100000,100000,280,100 kb
scaffold_3,22300001,47,Chr3,35723232,22400000,22350000.5,100000,100000,470,100 kb
scaffold_3,22400001,64,Chr3,35723232,22500000,22450000.5,100000,100000,640,100 kb
scaffold_3,22500001,36,Chr3,35723232,22600000,22550000.5,100000,100000,360,100 kb
scaffold_3,22600001,36,Chr3,35723232,22700000,22650000.5,100000,100000,360,100 kb
scaffold_3,22700001,29,Chr3,35723232,22800000,22750000.5,100000,100000,290,100 kb
scaffold_3,22800001,41,Chr3,35723232,22900000,22850000.5,100000,100000,410,100 kb
scaffold_3,22900001,28,Chr3,35723232,23000000,22950000.5,100000,100000,280,100 kb
scaffold_3,23000001,80,Chr3,35723232,23100000,23050000.5,100000,100000,800,100 kb
scaffold_3,23100001,48,Chr3,35723232,23200000,23150000.5,100000,100000,480,100 kb
scaffold_3,23200001,36,Chr3,35723232,23300000,23250000.5,100000,100000,360,100 kb
scaffold_3,23300001,41,Chr3,35723232,23400000,23350000.5,100000,100000,410,100 kb
scaffold_3,23400001,42,Chr3,35723232,23500000,23450000.5,100000,100000,420,100 kb
scaffold_3,23500001,73,Chr3,35723232,23600000,23550000.5,100000,100000,730,100 kb
scaffold_3,23600001,17,Chr3,35723232,23700000,23650000.5,100000,100000,170,100 kb
scaffold_3,23700001,11,Chr3,35723232,23800000,23750000.5,100000,100000,110,100 kb
scaffold_3,23800001,18,Chr3,35723232,23900000,23850000.5,100000,100000,180,100 kb
scaffold_3,23900001,33,Chr3,35723232,24000000,23950000.5,100000,100000,330,100 kb
scaffold_3,24000001,70,Chr3,35723232,24100000,24050000.5,100000,100000,700,100 kb
scaffold_3,24100001,67,Chr3,35723232,24200000,24150000.5,100000,100000,670,100 kb
scaffold_3,24200001,56,Chr3,35723232,24300000,24250000.5,100000,100000,560,100 kb
scaffold_3,24300001,32,Chr3,35723232,24400000,24350000.5,100000,100000,320,100 kb
scaffold_3,24400001,39,Chr3,35723232,24500000,24450000.5,100000,100000,390,100 kb
scaffold_3,24500001,48,Chr3,35723232,24600000,24550000.5,100000,100000,480,100 kb
scaffold_3,24600001,70,Chr3,35723232,24700000,24650000.5,100000,100000,700,100 kb
scaffold_3,24700001,98,Chr3,35723232,24800000,24750000.5,100000,100000,980,100 kb
scaffold_3,24800001,23,Chr3,35723232,24900000,24850000.5,100000,100000,230,100 kb
scaffold_3,24900001,7,Chr3,35723232,25000000,24950000.5,100000,100000,70,100 kb
scaffold_3,25000001,45,Chr3,35723232,25100000,25050000.5,100000,100000,450,100 kb
scaffold_3,25100001,63,Chr3,35723232,25200000,25150000.5,100000,100000,630,100 kb
scaffold_3,25200001,62,Chr3,35723232,25300000,25250000.5,100000,100000,620,100 kb
scaffold_3,25300001,34,Chr3,35723232,25400000,25350000.5,100000,100000,340,100 kb
scaffold_3,25400001,69,Chr3,35723232,25500000,25450000.5,100000,100000,690,100 kb
scaffold_3,25500001,56,Chr3,35723232,25600000,25550000.5,100000,100000,560,100 kb
scaffold_3,25600001,90,Chr3,35723232,25700000,25650000.5,100000,100000,900,100 kb
scaffold_3,25700001,59,Chr3,35723232,25800000,25750000.5,100000,100000,590,100 kb
scaffold_3,25800001,89,Chr3,35723232,25900000,25850000.5,100000,100000,890,100 kb
scaffold_3,25900001,13,Chr3,35723232,26000000,25950000.5,100000,100000,130,100 kb
scaffold_3,26000001,18,Chr3,35723232,26100000,26050000.5,100000,100000,180,100 kb
scaffold_3,26100001,61,Chr3,35723232,26200000,26150000.5,100000,100000,610,100 kb
scaffold_3,26200001,61,Chr3,35723232,26300000,26250000.5,100000,100000,610,100 kb
scaffold_3,26300001,94,Chr3,35723232,26400000,26350000.5,100000,100000,940,100 kb
scaffold_3,26400001,57,Chr3,35723232,26500000,26450000.5,100000,100000,570,100 kb
scaffold_3,26500001,61,Chr3,35723232,26600000,26550000.5,100000,100000,610,100 kb
scaffold_3,26600001,89,Chr3,35723232,26700000,26650000.5,100000,100000,890,100 kb
scaffold_3,26700001,51,Chr3,35723232,26800000,26750000.5,100000,100000,510,100 kb
scaffold_3,26800001,60,Chr3,35723232,26900000,26850000.5,100000,100000,600,100 kb
scaffold_3,26900001,112,Chr3,35723232,27000000,26950000.5,100000,100000,1120,100 kb
scaffold_3,27000001,61,Chr3,35723232,27100000,27050000.5,100000,100000,610,100 kb
scaffold_3,27100001,51,Chr3,35723232,27200000,27150000.5,100000,100000,510,100 kb
scaffold_3,27200001,167,Chr3,35723232,27300000,27250000.5,100000,100000,1670,100 kb
scaffold_3,27300001,41,Chr3,35723232,27400000,27350000.5,100000,100000,410,100 kb
scaffold_3,27400001,48,Chr3,35723232,27500000,27450000.5,100000,100000,480,100 kb
scaffold_3,27500001,68,Chr3,35723232,27600000,27550000.5,100000,100000,680,100 kb
scaffold_3,27600001,92,Chr3,35723232,27700000,27650000.5,100000,100000,920,100 kb
scaffold_3,27700001,69,Chr3,35723232,27800000,27750000.5,100000,100000,690,100 kb
scaffold_3,27800001,90,Chr3,35723232,27900000,27850000.5,100000,100000,900,100 kb
scaffold_3,27900001,70,Chr3,35723232,28000000,27950000.5,100000,100000,700,100 kb
scaffold_3,28000001,27,Chr3,35723232,28100000,28050000.5,100000,100000,270,100 kb
scaffold_3,28100001,88,Chr3,35723232,28200000,28150000.5,100000,100000,880,100 kb
scaffold_3,28200001,25,Chr3,35723232,28300000,28250000.5,100000,100000,250,100 kb
scaffold_3,28300001,100,Chr3,35723232,28400000,28350000.5,100000,100000,1000,100 kb
scaffold_3,28400001,148,Chr3,35723232,28500000,28450000.5,100000,100000,1480,100 kb
scaffold_3,28500001,76,Chr3,35723232,28600000,28550000.5,100000,100000,760,100 kb
scaffold_3,28600001,54,Chr3,35723232,28700000,28650000.5,100000,100000,540,100 kb
scaffold_3,28700001,101,Chr3,35723232,28800000,28750000.5,100000,100000,1010,100 kb
scaffold_3,28800001,138,Chr3,35723232,28900000,28850000.5,100000,100000,1380,100 kb
scaffold_3,28900001,75,Chr3,35723232,29000000,28950000.5,100000,100000,750,100 kb
scaffold_3,29000001,67,Chr3,35723232,29100000,29050000.5,100000,100000,670,100 kb
scaffold_3,29100001,103,Chr3,35723232,29200000,29150000.5,100000,100000,1030,100 kb
scaffold_3,29200001,138,Chr3,35723232,29300000,29250000.5,100000,100000,1380,100 kb
scaffold_3,29300001,118,Chr3,35723232,29400000,29350000.5,100000,100000,1180,100 kb
scaffold_3,29400001,133,Chr3,35723232,29500000,29450000.5,100000,100000,1330,100 kb
scaffold_3,29500001,133,Chr3,35723232,29600000,29550000.5,100000,100000,1330,100 kb
scaffold_3,29600001,137,Chr3,35723232,29700000,29650000.5,100000,100000,1370,100 kb
scaffold_3,29700001,74,Chr3,35723232,29800000,29750000.5,100000,100000,740,100 kb
scaffold_3,29800001,68,Chr3,35723232,29900000,29850000.5,100000,100000,680,100 kb
scaffold_3,29900001,142,Chr3,35723232,30000000,29950000.5,100000,100000,1420,100 kb
scaffold_3,30000001,63,Chr3,35723232,30100000,30050000.5,100000,100000,630,100 kb
scaffold_3,30100001,73,Chr3,35723232,30200000,30150000.5,100000,100000,730,100 kb
scaffold_3,30200001,163,Chr3,35723232,30300000,30250000.5,100000,100000,1630,100 kb
scaffold_3,30300001,37,Chr3,35723232,30400000,30350000.5,100000,100000,370,100 kb
scaffold_3,30400001,33,Chr3,35723232,30500000,30450000.5,100000,100000,330,100 kb
scaffold_3,30500001,23,Chr3,35723232,30600000,30550000.5,100000,100000,230,100 kb
scaffold_3,30600001,151,Chr3,35723232,30700000,30650000.5,100000,100000,1510,100 kb
scaffold_3,30700001,54,Chr3,35723232,30800000,30750000.5,100000,100000,540,100 kb
scaffold_3,30800001,72,Chr3,35723232,30900000,30850000.5,100000,100000,720,100 kb
scaffold_3,30900001,81,Chr3,35723232,31000000,30950000.5,100000,100000,810,100 kb
scaffold_3,31000001,112,Chr3,35723232,31100000,31050000.5,100000,100000,1120,100 kb
scaffold_3,31100001,94,Chr3,35723232,31200000,31150000.5,100000,100000,940,100 kb
scaffold_3,31200001,109,Chr3,35723232,31300000,31250000.5,100000,100000,1090,100 kb
scaffold_3,31300001,174,Chr3,35723232,31400000,31350000.5,100000,100000,1740,100 kb
scaffold_3,31400001,94,Chr3,35723232,31500000,31450000.5,100000,100000,940,100 kb
scaffold_3,31500001,71,Chr3,35723232,31600000,31550000.5,100000,100000,710,100 kb
scaffold_3,31600001,79,Chr3,35723232,31700000,31650000.5,100000,100000,790,100 kb
scaffold_3,31700001,42,Chr3,35723232,31800000,31750000.5,100000,100000,420,100 kb
scaffold_3,31800001,94,Chr3,35723232,31900000,31850000.5,100000,100000,940,100 kb
scaffold_3,31900001,154,Chr3,35723232,32000000,31950000.5,100000,100000,1540,100 kb
scaffold_3,32000001,100,Chr3,35723232,32100000,32050000.5,100000,100000,1000,100 kb
scaffold_3,32100001,82,Chr3,35723232,32200000,32150000.5,100000,100000,820,100 kb
scaffold_3,32200001,20,Chr3,35723232,32300000,32250000.5,100000,100000,200,100 kb
scaffold_3,32300001,137,Chr3,35723232,32400000,32350000.5,100000,100000,1370,100 kb
scaffold_3,32400001,139,Chr3,35723232,32500000,32450000.5,100000,100000,1390,100 kb
scaffold_3,32500001,104,Chr3,35723232,32600000,32550000.5,100000,100000,1040,100 kb
scaffold_3,32600001,76,Chr3,35723232,32700000,32650000.5,100000,100000,760,100 kb
scaffold_3,32700001,96,Chr3,35723232,32800000,32750000.5,100000,100000,960,100 kb
scaffold_3,32800001,101,Chr3,35723232,32900000,32850000.5,100000,100000,1010,100 kb
scaffold_3,32900001,52,Chr3,35723232,33000000,32950000.5,100000,100000,520,100 kb
scaffold_3,33000001,127,Chr3,35723232,33100000,33050000.5,100000,100000,1270,100 kb
scaffold_3,33100001,70,Chr3,35723232,33200000,33150000.5,100000,100000,700,100 kb
scaffold_3,33200001,100,Chr3,35723232,33300000,33250000.5,100000,100000,1000,100 kb
scaffold_3,33300001,63,Chr3,35723232,33400000,33350000.5,100000,100000,630,100 kb
scaffold_3,33400001,103,Chr3,35723232,33500000,33450000.5,100000,100000,1030,100 kb
scaffold_3,33500001,121,Chr3,35723232,33600000,33550000.5,100000,100000,1210,100 kb
scaffold_3,33600001,86,Chr3,35723232,33700000,33650000.5,100000,100000,860,100 kb
scaffold_3,33700001,69,Chr3,35723232,33800000,33750000.5,100000,100000,690,100 kb
scaffold_3,33800001,119,Chr3,35723232,33900000,33850000.5,100000,100000,1190,100 kb
scaffold_3,33900001,92,Chr3,35723232,34000000,33950000.5,100000,100000,920,100 kb
scaffold_3,34000001,114,Chr3,35723232,34100000,34050000.5,100000,100000,1140,100 kb
scaffold_3,34100001,81,Chr3,35723232,34200000,34150000.5,100000,100000,810,100 kb
scaffold_3,34200001,85,Chr3,35723232,34300000,34250000.5,100000,100000,850,100 kb
scaffold_3,34300001,118,Chr3,35723232,34400000,34350000.5,100000,100000,1180,100 kb
scaffold_3,34400001,100,Chr3,35723232,34500000,34450000.5,100000,100000,1000,100 kb
scaffold_3,34500001,127,Chr3,35723232,34600000,34550000.5,100000,100000,1270,100 kb
scaffold_3,34600001,106,Chr3,35723232,34700000,34650000.5,100000,100000,1060,100 kb
scaffold_3,34700001,147,Chr3,35723232,34800000,34750000.5,100000,100000,1470,100 kb
scaffold_3,34800001,17,Chr3,35723232,34900000,34850000.5,100000,100000,170,100 kb
scaffold_3,34900001,19,Chr3,35723232,35000000,34950000.5,100000,100000,190,100 kb
scaffold_3,35000001,58,Chr3,35723232,35100000,35050000.5,100000,100000,580,100 kb
scaffold_3,35100001,157,Chr3,35723232,35200000,35150000.5,100000,100000,1570,100 kb
scaffold_3,35200001,100,Chr3,35723232,35300000,35250000.5,100000,100000,1000,100 kb
scaffold_3,35300001,160,Chr3,35723232,35400000,35350000.5,100000,100000,1600,100 kb
scaffold_3,35400001,147,Chr3,35723232,35500000,35450000.5,100000,100000,1470,100 kb
scaffold_3,35500001,123,Chr3,35723232,35600000,35550000.5,100000,100000,1230,100 kb
scaffold_3,35600001,104,Chr3,35723232,35700000,35650000.5,100000,100000,1040,100 kb
scaffold_3,35700001,3,Chr3,35723232,35723232,35711616.5,23232,100000,129.13223140495867,100 kb
scaffold_4,1,6,Chr4,32323243,100000,50000.5,100000,100000,60,100 kb
scaffold_4,100001,10,Chr4,32323243,200000,150000.5,100000,100000,100,100 kb
scaffold_4,200001,23,Chr4,32323243,300000,250000.5,100000,100000,230,100 kb
scaffold_4,300001,29,Chr4,32323243,400000,350000.5,100000,100000,290,100 kb
scaffold_4,400001,5,Chr4,32323243,500000,450000.5,100000,100000,50,100 kb
scaffold_4,500001,17,Chr4,32323243,600000,550000.5,100000,100000,170,100 kb
scaffold_4,600001,17,Chr4,32323243,700000,650000.5,100000,100000,170,100 kb
scaffold_4,700001,4,Chr4,32323243,800000,750000.5,100000,100000,40,100 kb
scaffold_4,800001,9,Chr4,32323243,900000,850000.5,100000,100000,90,100 kb
scaffold_4,900001,7,Chr4,32323243,1000000,950000.5,100000,100000,70,100 kb
scaffold_4,1000001,26,Chr4,32323243,1100000,1050000.5,100000,100000,260,100 kb
scaffold_4,1100001,8,Chr4,32323243,1200000,1150000.5,100000,100000,80,100 kb
scaffold_4,1200001,15,Chr4,32323243,1300000,1250000.5,100000,100000,150,100 kb
scaffold_4,1300001,3,Chr4,32323243,1400000,1350000.5,100000,100000,30,100 kb
scaffold_4,1400001,10,Chr4,32323243,1500000,1450000.5,100000,100000,100,100 kb
scaffold_4,1500001,18,Chr4,32323243,1600000,1550000.5,100000,100000,180,100 kb
scaffold_4,1600001,5,Chr4,32323243,1700000,1650000.5,100000,100000,50,100 kb
scaffold_4,1700001,15,Chr4,32323243,1800000,1750000.5,100000,100000,150,100 kb
scaffold_4,1800001,19,Chr4,32323243,1900000,1850000.5,100000,100000,190,100 kb
scaffold_4,1900001,19,Chr4,32323243,2000000,1950000.5,100000,100000,190,100 kb
scaffold_4,2000001,6,Chr4,32323243,2100000,2050000.5,100000,100000,60,100 kb
scaffold_4,2100001,7,Chr4,32323243,2200000,2150000.5,100000,100000,70,100 kb
scaffold_4,2200001,7,Chr4,32323243,2300000,2250000.5,100000,100000,70,100 kb
scaffold_4,2300001,24,Chr4,32323243,2400000,2350000.5,100000,100000,240,100 kb
scaffold_4,2400001,10,Chr4,32323243,2500000,2450000.5,100000,100000,100,100 kb
scaffold_4,2500001,29,Chr4,32323243,2600000,2550000.5,100000,100000,290,100 kb
scaffold_4,2600001,10,Chr4,32323243,2700000,2650000.5,100000,100000,100,100 kb
scaffold_4,2700001,12,Chr4,32323243,2800000,2750000.5,100000,100000,120,100 kb
scaffold_4,2800001,17,Chr4,32323243,2900000,2850000.5,100000,100000,170,100 kb
scaffold_4,2900001,7,Chr4,32323243,3000000,2950000.5,100000,100000,70,100 kb
scaffold_4,3000001,33,Chr4,32323243,3100000,3050000.5,100000,100000,330,100 kb
scaffold_4,3100001,4,Chr4,32323243,3200000,3150000.5,100000,100000,40,100 kb
scaffold_4,3200001,17,Chr4,32323243,3300000,3250000.5,100000,100000,170,100 kb
scaffold_4,3300001,14,Chr4,32323243,3400000,3350000.5,100000,100000,140,100 kb
scaffold_4,3400001,11,Chr4,32323243,3500000,3450000.5,100000,100000,110,100 kb
scaffold_4,3500001,19,Chr4,32323243,3600000,3550000.5,100000,100000,190,100 kb
scaffold_4,3600001,25,Chr4,32323243,3700000,3650000.5,100000,100000,250,100 kb
scaffold_4,3700001,18,Chr4,32323243,3800000,3750000.5,100000,100000,180,100 kb
scaffold_4,3800001,18,Chr4,32323243,3900000,3850000.5,100000,100000,180,100 kb
scaffold_4,3900001,16,Chr4,32323243,4000000,3950000.5,100000,100000,160,100 kb
scaffold_4,4000001,12,Chr4,32323243,4100000,4050000.5,100000,100000,120,100 kb
scaffold_4,4100001,11,Chr4,32323243,4200000,4150000.5,100000,100000,110,100 kb
scaffold_4,4200001,17,Chr4,32323243,4300000,4250000.5,100000,100000,170,100 kb
scaffold_4,4300001,15,Chr4,32323243,4400000,4350000.5,100000,100000,150,100 kb
scaffold_4,4400001,20,Chr4,32323243,4500000,4450000.5,100000,100000,200,100 kb
scaffold_4,4500001,9,Chr4,32323243,4600000,4550000.5,100000,100000,90,100 kb
scaffold_4,4600001,14,Chr4,32323243,4700000,4650000.5,100000,100000,140,100 kb
scaffold_4,4700001,17,Chr4,32323243,4800000,4750000.5,100000,100000,170,100 kb
scaffold_4,4800001,34,Chr4,32323243,4900000,4850000.5,100000,100000,340,100 kb
scaffold_4,4900001,5,Chr4,32323243,5000000,4950000.5,100000,100000,50,100 kb
scaffold_4,5000001,10,Chr4,32323243,5100000,5050000.5,100000,100000,100,100 kb
scaffold_4,5100001,7,Chr4,32323243,5200000,5150000.5,100000,100000,70,100 kb
scaffold_4,5200001,14,Chr4,32323243,5300000,5250000.5,100000,100000,140,100 kb
scaffold_4,5300001,13,Chr4,32323243,5400000,5350000.5,100000,100000,130,100 kb
scaffold_4,5400001,10,Chr4,32323243,5500000,5450000.5,100000,100000,100,100 kb
scaffold_4,5500001,9,Chr4,32323243,5600000,5550000.5,100000,100000,90,100 kb
scaffold_4,5600001,13,Chr4,32323243,5700000,5650000.5,100000,100000,130,100 kb
scaffold_4,5700001,6,Chr4,32323243,5800000,5750000.5,100000,100000,60,100 kb
scaffold_4,5800001,13,Chr4,32323243,5900000,5850000.5,100000,100000,130,100 kb
scaffold_4,5900001,13,Chr4,32323243,6000000,5950000.5,100000,100000,130,100 kb
scaffold_4,6000001,16,Chr4,32323243,6100000,6050000.5,100000,100000,160,100 kb
scaffold_4,6100001,16,Chr4,32323243,6200000,6150000.5,100000,100000,160,100 kb
scaffold_4,6200001,27,Chr4,32323243,6300000,6250000.5,100000,100000,270,100 kb
scaffold_4,6300001,17,Chr4,32323243,6400000,6350000.5,100000,100000,170,100 kb
scaffold_4,6400001,10,Chr4,32323243,6500000,6450000.5,100000,100000,100,100 kb
scaffold_4,6500001,14,Chr4,32323243,6600000,6550000.5,100000,100000,140,100 kb
scaffold_4,6600001,8,Chr4,32323243,6700000,6650000.5,100000,100000,80,100 kb
scaffold_4,6700001,10,Chr4,32323243,6800000,6750000.5,100000,100000,100,100 kb
scaffold_4,6800001,8,Chr4,32323243,6900000,6850000.5,100000,100000,80,100 kb
scaffold_4,6900001,4,Chr4,32323243,7000000,6950000.5,100000,100000,40,100 kb
scaffold_4,7000001,9,Chr4,32323243,7100000,7050000.5,100000,100000,90,100 kb
scaffold_4,7100001,7,Chr4,32323243,7200000,7150000.5,100000,100000,70,100 kb
scaffold_4,7200001,13,Chr4,32323243,7300000,7250000.5,100000,100000,130,100 kb
scaffold_4,7300001,10,Chr4,32323243,7400000,7350000.5,100000,100000,100,100 kb
scaffold_4,7400001,9,Chr4,32323243,7500000,7450000.5,100000,100000,90,100 kb
scaffold_4,7500001,16,Chr4,32323243,7600000,7550000.5,100000,100000,160,100 kb
scaffold_4,7600001,8,Chr4,32323243,7700000,7650000.5,100000,100000,80,100 kb
scaffold_4,7700001,16,Chr4,32323243,7800000,7750000.5,100000,100000,160,100 kb
scaffold_4,7800001,7,Chr4,32323243,7900000,7850000.5,100000,100000,70,100 kb
scaffold_4,7900001,15,Chr4,32323243,8000000,7950000.5,100000,100000,150,100 kb
scaffold_4,8000001,10,Chr4,32323243,8100000,8050000.5,100000,100000,100,100 kb
scaffold_4,8100001,30,Chr4,32323243,8200000,8150000.5,100000,100000,300,100 kb
scaffold_4,8200001,7,Chr4,32323243,8300000,8250000.5,100000,100000,70,100 kb
scaffold_4,8300001,15,Chr4,32323243,8400000,8350000.5,100000,100000,150,100 kb
scaffold_4,8400001,11,Chr4,32323243,8500000,8450000.5,100000,100000,110,100 kb
scaffold_4,8500001,15,Chr4,32323243,8600000,8550000.5,100000,100000,150,100 kb
scaffold_4,8600001,12,Chr4,32323243,8700000,8650000.5,100000,100000,120,100 kb
scaffold_4,8700001,17,Chr4,32323243,8800000,8750000.5,100000,100000,170,100 kb
scaffold_4,8800001,8,Chr4,32323243,8900000,8850000.5,100000,100000,80,100 kb
scaffold_4,8900001,7,Chr4,32323243,9000000,8950000.5,100000,100000,70,100 kb
scaffold_4,9000001,10,Chr4,32323243,9100000,9050000.5,100000,100000,100,100 kb
scaffold_4,9100001,13,Chr4,32323243,9200000,9150000.5,100000,100000,130,100 kb
scaffold_4,9200001,21,Chr4,32323243,9300000,9250000.5,100000,100000,210,100 kb
scaffold_4,9300001,17,Chr4,32323243,9400000,9350000.5,100000,100000,170,100 kb
scaffold_4,9400001,14,Chr4,32323243,9500000,9450000.5,100000,100000,140,100 kb
scaffold_4,9500001,17,Chr4,32323243,9600000,9550000.5,100000,100000,170,100 kb
scaffold_4,9600001,15,Chr4,32323243,9700000,9650000.5,100000,100000,150,100 kb
scaffold_4,9700001,22,Chr4,32323243,9800000,9750000.5,100000,100000,220,100 kb
scaffold_4,9800001,6,Chr4,32323243,9900000,9850000.5,100000,100000,60,100 kb
scaffold_4,9900001,3,Chr4,32323243,10000000,9950000.5,100000,100000,30,100 kb
scaffold_4,10000001,10,Chr4,32323243,10100000,10050000.5,100000,100000,100,100 kb
scaffold_4,10100001,12,Chr4,32323243,10200000,10150000.5,100000,100000,120,100 kb
scaffold_4,10200001,27,Chr4,32323243,10300000,10250000.5,100000,100000,270,100 kb
scaffold_4,10300001,18,Chr4,32323243,10400000,10350000.5,100000,100000,180,100 kb
scaffold_4,10400001,16,Chr4,32323243,10500000,10450000.5,100000,100000,160,100 kb
scaffold_4,10500001,16,Chr4,32323243,10600000,10550000.5,100000,100000,160,100 kb
scaffold_4,10600001,21,Chr4,32323243,10700000,10650000.5,100000,100000,210,100 kb
scaffold_4,10700001,15,Chr4,32323243,10800000,10750000.5,100000,100000,150,100 kb
scaffold_4,10800001,16,Chr4,32323243,10900000,10850000.5,100000,100000,160,100 kb
scaffold_4,10900001,12,Chr4,32323243,11000000,10950000.5,100000,100000,120,100 kb
scaffold_4,11000001,20,Chr4,32323243,11100000,11050000.5,100000,100000,200,100 kb
scaffold_4,11100001,17,Chr4,32323243,11200000,11150000.5,100000,100000,170,100 kb
scaffold_4,11200001,13,Chr4,32323243,11300000,11250000.5,100000,100000,130,100 kb
scaffold_4,11300001,10,Chr4,32323243,11400000,11350000.5,100000,100000,100,100 kb
scaffold_4,11400001,3,Chr4,32323243,11500000,11450000.5,100000,100000,30,100 kb
scaffold_4,11500001,12,Chr4,32323243,11600000,11550000.5,100000,100000,120,100 kb
scaffold_4,11600001,15,Chr4,32323243,11700000,11650000.5,100000,100000,150,100 kb
scaffold_4,11700001,4,Chr4,32323243,11800000,11750000.5,100000,100000,40,100 kb
scaffold_4,11800001,14,Chr4,32323243,11900000,11850000.5,100000,100000,140,100 kb
scaffold_4,11900001,16,Chr4,32323243,12000000,11950000.5,100000,100000,160,100 kb
scaffold_4,12000001,15,Chr4,32323243,12100000,12050000.5,100000,100000,150,100 kb
scaffold_4,12100001,20,Chr4,32323243,12200000,12150000.5,100000,100000,200,100 kb
scaffold_4,12200001,12,Chr4,32323243,12300000,12250000.5,100000,100000,120,100 kb
scaffold_4,12300001,14,Chr4,32323243,12400000,12350000.5,100000,100000,140,100 kb
scaffold_4,12400001,16,Chr4,32323243,12500000,12450000.5,100000,100000,160,100 kb
scaffold_4,12500001,21,Chr4,32323243,12600000,12550000.5,100000,100000,210,100 kb
scaffold_4,12600001,13,Chr4,32323243,12700000,12650000.5,100000,100000,130,100 kb
scaffold_4,12700001,8,Chr4,32323243,12800000,12750000.5,100000,100000,80,100 kb
scaffold_4,12800001,14,Chr4,32323243,12900000,12850000.5,100000,100000,140,100 kb
scaffold_4,12900001,16,Chr4,32323243,13000000,12950000.5,100000,100000,160,100 kb
scaffold_4,13000001,12,Chr4,32323243,13100000,13050000.5,100000,100000,120,100 kb
scaffold_4,13100001,20,Chr4,32323243,13200000,13150000.5,100000,100000,200,100 kb
scaffold_4,13200001,50,Chr4,32323243,13300000,13250000.5,100000,100000,500,100 kb
scaffold_4,13300001,12,Chr4,32323243,13400000,13350000.5,100000,100000,120,100 kb
scaffold_4,13400001,12,Chr4,32323243,13500000,13450000.5,100000,100000,120,100 kb
scaffold_4,13500001,17,Chr4,32323243,13600000,13550000.5,100000,100000,170,100 kb
scaffold_4,13600001,15,Chr4,32323243,13700000,13650000.5,100000,100000,150,100 kb
scaffold_4,13700001,12,Chr4,32323243,13800000,13750000.5,100000,100000,120,100 kb
scaffold_4,13800001,23,Chr4,32323243,13900000,13850000.5,100000,100000,230,100 kb
scaffold_4,13900001,30,Chr4,32323243,14000000,13950000.5,100000,100000,300,100 kb
scaffold_4,14000001,8,Chr4,32323243,14100000,14050000.5,100000,100000,80,100 kb
scaffold_4,14100001,33,Chr4,32323243,14200000,14150000.5,100000,100000,330,100 kb
scaffold_4,14200001,12,Chr4,32323243,14300000,14250000.5,100000,100000,120,100 kb
scaffold_4,14300001,12,Chr4,32323243,14400000,14350000.5,100000,100000,120,100 kb
scaffold_4,14400001,11,Chr4,32323243,14500000,14450000.5,100000,100000,110,100 kb
scaffold_4,14500001,14,Chr4,32323243,14600000,14550000.5,100000,100000,140,100 kb
scaffold_4,14600001,13,Chr4,32323243,14700000,14650000.5,100000,100000,130,100 kb
scaffold_4,14700001,19,Chr4,32323243,14800000,14750000.5,100000,100000,190,100 kb
scaffold_4,14800001,6,Chr4,32323243,14900000,14850000.5,100000,100000,60,100 kb
scaffold_4,14900001,11,Chr4,32323243,15000000,14950000.5,100000,100000,110,100 kb
scaffold_4,15000001,25,Chr4,32323243,15100000,15050000.5,100000,100000,250,100 kb
scaffold_4,15100001,15,Chr4,32323243,15200000,15150000.5,100000,100000,150,100 kb
scaffold_4,15200001,37,Chr4,32323243,15300000,15250000.5,100000,100000,370,100 kb
scaffold_4,15300001,6,Chr4,32323243,15400000,15350000.5,100000,100000,60,100 kb
scaffold_4,15400001,22,Chr4,32323243,15500000,15450000.5,100000,100000,220,100 kb
scaffold_4,15500001,13,Chr4,32323243,15600000,15550000.5,100000,100000,130,100 kb
scaffold_4,15600001,23,Chr4,32323243,15700000,15650000.5,100000,100000,230,100 kb
scaffold_4,15700001,29,Chr4,32323243,15800000,15750000.5,100000,100000,290,100 kb
scaffold_4,15800001,14,Chr4,32323243,15900000,15850000.5,100000,100000,140,100 kb
scaffold_4,15900001,26,Chr4,32323243,16000000,15950000.5,100000,100000,260,100 kb
scaffold_4,16000001,17,Chr4,32323243,16100000,16050000.5,100000,100000,170,100 kb
scaffold_4,16100001,20,Chr4,32323243,16200000,16150000.5,100000,100000,200,100 kb
scaffold_4,16200001,10,Chr4,32323243,16300000,16250000.5,100000,100000,100,100 kb
scaffold_4,16300001,12,Chr4,32323243,16400000,16350000.5,100000,100000,120,100 kb
scaffold_4,16400001,21,Chr4,32323243,16500000,16450000.5,100000,100000,210,100 kb
scaffold_4,16500001,49,Chr4,32323243,16600000,16550000.5,100000,100000,490,100 kb
scaffold_4,16600001,33,Chr4,32323243,16700000,16650000.5,100000,100000,330,100 kb
scaffold_4,16700001,17,Chr4,32323243,16800000,16750000.5,100000,100000,170,100 kb
scaffold_4,16800001,30,Chr4,32323243,16900000,16850000.5,100000,100000,300,100 kb
scaffold_4,16900001,29,Chr4,32323243,17000000,16950000.5,100000,100000,290,100 kb
scaffold_4,17000001,15,Chr4,32323243,17100000,17050000.5,100000,100000,150,100 kb
scaffold_4,17100001,18,Chr4,32323243,17200000,17150000.5,100000,100000,180,100 kb
scaffold_4,17200001,24,Chr4,32323243,17300000,17250000.5,100000,100000,240,100 kb
scaffold_4,17300001,20,Chr4,32323243,17400000,17350000.5,100000,100000,200,100 kb
scaffold_4,17400001,18,Chr4,32323243,17500000,17450000.5,100000,100000,180,100 kb
scaffold_4,17500001,18,Chr4,32323243,17600000,17550000.5,100000,100000,180,100 kb
scaffold_4,17600001,20,Chr4,32323243,17700000,17650000.5,100000,100000,200,100 kb
scaffold_4,17700001,26,Chr4,32323243,17800000,17750000.5,100000,100000,260,100 kb
scaffold_4,17800001,18,Chr4,32323243,17900000,17850000.5,100000,100000,180,100 kb
scaffold_4,17900001,13,Chr4,32323243,18000000,17950000.5,100000,100000,130,100 kb
scaffold_4,18000001,12,Chr4,32323243,18100000,18050000.5,100000,100000,120,100 kb
scaffold_4,18100001,20,Chr4,32323243,18200000,18150000.5,100000,100000,200,100 kb
scaffold_4,18200001,15,Chr4,32323243,18300000,18250000.5,100000,100000,150,100 kb
scaffold_4,18300001,22,Chr4,32323243,18400000,18350000.5,100000,100000,220,100 kb
scaffold_4,18400001,16,Chr4,32323243,18500000,18450000.5,100000,100000,160,100 kb
scaffold_4,18500001,20,Chr4,32323243,18600000,18550000.5,100000,100000,200,100 kb
scaffold_4,18600001,8,Chr4,32323243,18700000,18650000.5,100000,100000,80,100 kb
scaffold_4,18700001,31,Chr4,32323243,18800000,18750000.5,100000,100000,310,100 kb
scaffold_4,18800001,43,Chr4,32323243,18900000,18850000.5,100000,100000,430,100 kb
scaffold_4,18900001,41,Chr4,32323243,19000000,18950000.5,100000,100000,410,100 kb
scaffold_4,19000001,14,Chr4,32323243,19100000,19050000.5,100000,100000,140,100 kb
scaffold_4,19100001,10,Chr4,32323243,19200000,19150000.5,100000,100000,100,100 kb
scaffold_4,19200001,25,Chr4,32323243,19300000,19250000.5,100000,100000,250,100 kb
scaffold_4,19300001,46,Chr4,32323243,19400000,19350000.5,100000,100000,460,100 kb
scaffold_4,19400001,35,Chr4,32323243,19500000,19450000.5,100000,100000,350,100 kb
scaffold_4,19500001,38,Chr4,32323243,19600000,19550000.5,100000,100000,380,100 kb
scaffold_4,19600001,60,Chr4,32323243,19700000,19650000.5,100000,100000,600,100 kb
scaffold_4,19700001,32,Chr4,32323243,19800000,19750000.5,100000,100000,320,100 kb
scaffold_4,19800001,31,Chr4,32323243,19900000,19850000.5,100000,100000,310,100 kb
scaffold_4,19900001,30,Chr4,32323243,20000000,19950000.5,100000,100000,300,100 kb
scaffold_4,20000001,45,Chr4,32323243,20100000,20050000.5,100000,100000,450,100 kb
scaffold_4,20100001,5,Chr4,32323243,20200000,20150000.5,100000,100000,50,100 kb
scaffold_4,20200001,78,Chr4,32323243,20300000,20250000.5,100000,100000,780,100 kb
scaffold_4,20300001,47,Chr4,32323243,20400000,20350000.5,100000,100000,470,100 kb
scaffold_4,20400001,47,Chr4,32323243,20500000,20450000.5,100000,100000,470,100 kb
scaffold_4,20500001,36,Chr4,32323243,20600000,20550000.5,100000,100000,360,100 kb
scaffold_4,20600001,52,Chr4,32323243,20700000,20650000.5,100000,100000,520,100 kb
scaffold_4,20700001,28,Chr4,32323243,20800000,20750000.5,100000,100000,280,100 kb
scaffold_4,20800001,39,Chr4,32323243,20900000,20850000.5,100000,100000,390,100 kb
scaffold_4,20900001,22,Chr4,32323243,21000000,20950000.5,100000,100000,220,100 kb
scaffold_4,21000001,26,Chr4,32323243,21100000,21050000.5,100000,100000,260,100 kb
scaffold_4,21100001,62,Chr4,32323243,21200000,21150000.5,100000,100000,620,100 kb
scaffold_4,21200001,54,Chr4,32323243,21300000,21250000.5,100000,100000,540,100 kb
scaffold_4,21300001,59,Chr4,32323243,21400000,21350000.5,100000,100000,590,100 kb
scaffold_4,21400001,72,Chr4,32323243,21500000,21450000.5,100000,100000,720,100 kb
scaffold_4,21500001,147,Chr4,32323243,21600000,21550000.5,100000,100000,1470,100 kb
scaffold_4,21600001,70,Chr4,32323243,21700000,21650000.5,100000,100000,700,100 kb
scaffold_4,21700001,5,Chr4,32323243,21800000,21750000.5,100000,100000,50,100 kb
scaffold_4,21800001,27,Chr4,32323243,21900000,21850000.5,100000,100000,270,100 kb
scaffold_4,21900001,45,Chr4,32323243,22000000,21950000.5,100000,100000,450,100 kb
scaffold_4,22000001,51,Chr4,32323243,22100000,22050000.5,100000,100000,510,100 kb
scaffold_4,22100001,42,Chr4,32323243,22200000,22150000.5,100000,100000,420,100 kb
scaffold_4,22200001,29,Chr4,32323243,22300000,22250000.5,100000,100000,290,100 kb
scaffold_4,22300001,22,Chr4,32323243,22400000,22350000.5,100000,100000,220,100 kb
scaffold_4,22400001,36,Chr4,32323243,22500000,22450000.5,100000,100000,360,100 kb
scaffold_4,22500001,76,Chr4,32323243,22600000,22550000.5,100000,100000,760,100 kb
scaffold_4,22600001,48,Chr4,32323243,22700000,22650000.5,100000,100000,480,100 kb
scaffold_4,22700001,47,Chr4,32323243,22800000,22750000.5,100000,100000,470,100 kb
scaffold_4,22800001,35,Chr4,32323243,22900000,22850000.5,100000,100000,350,100 kb
scaffold_4,22900001,66,Chr4,32323243,23000000,22950000.5,100000,100000,660,100 kb
scaffold_4,23000001,52,Chr4,32323243,23100000,23050000.5,100000,100000,520,100 kb
scaffold_4,23100001,28,Chr4,32323243,23200000,23150000.5,100000,100000,280,100 kb
scaffold_4,23200001,35,Chr4,32323243,23300000,23250000.5,100000,100000,350,100 kb
scaffold_4,23300001,27,Chr4,32323243,23400000,23350000.5,100000,100000,270,100 kb
scaffold_4,23400001,112,Chr4,32323243,23500000,23450000.5,100000,100000,1120,100 kb
scaffold_4,23500001,49,Chr4,32323243,23600000,23550000.5,100000,100000,490,100 kb
scaffold_4,23600001,55,Chr4,32323243,23700000,23650000.5,100000,100000,550,100 kb
scaffold_4,23700001,63,Chr4,32323243,23800000,23750000.5,100000,100000,630,100 kb
scaffold_4,23800001,59,Chr4,32323243,23900000,23850000.5,100000,100000,590,100 kb
scaffold_4,23900001,17,Chr4,32323243,24000000,23950000.5,100000,100000,170,100 kb
scaffold_4,24000001,57,Chr4,32323243,24100000,24050000.5,100000,100000,570,100 kb
scaffold_4,24100001,89,Chr4,32323243,24200000,24150000.5,100000,100000,890,100 kb
scaffold_4,24200001,50,Chr4,32323243,24300000,24250000.5,100000,100000,500,100 kb
scaffold_4,24300001,78,Chr4,32323243,24400000,24350000.5,100000,100000,780,100 kb
scaffold_4,24400001,63,Chr4,32323243,24500000,24450000.5,100000,100000,630,100 kb
scaffold_4,24500001,62,Chr4,32323243,24600000,24550000.5,100000,100000,620,100 kb
scaffold_4,24600001,53,Chr4,32323243,24700000,24650000.5,100000,100000,530,100 kb
scaffold_4,24700001,85,Chr4,32323243,24800000,24750000.5,100000,100000,850,100 kb
scaffold_4,24800001,44,Chr4,32323243,24900000,24850000.5,100000,100000,440,100 kb
scaffold_4,24900001,70,Chr4,32323243,25000000,24950000.5,100000,100000,700,100 kb
scaffold_4,25000001,75,Chr4,32323243,25100000,25050000.5,100000,100000,750,100 kb
scaffold_4,25100001,51,Chr4,32323243,25200000,25150000.5,100000,100000,510,100 kb
scaffold_4,25200001,46,Chr4,32323243,25300000,25250000.5,100000,100000,460,100 kb
scaffold_4,25300001,7,Chr4,32323243,25400000,25350000.5,100000,100000,70,100 kb
scaffold_4,25400001,57,Chr4,32323243,25500000,25450000.5,100000,100000,570,100 kb
scaffold_4,25500001,54,Chr4,32323243,25600000,25550000.5,100000,100000,540,100 kb
scaffold_4,25600001,58,Chr4,32323243,25700000,25650000.5,100000,100000,580,100 kb
scaffold_4,25700001,52,Chr4,32323243,25800000,25750000.5,100000,100000,520,100 kb
scaffold_4,25800001,78,Chr4,32323243,25900000,25850000.5,100000,100000,780,100 kb
scaffold_4,25900001,47,Chr4,32323243,26000000,25950000.5,100000,100000,470,100 kb
scaffold_4,26000001,21,Chr4,32323243,26100000,26050000.5,100000,100000,210,100 kb
scaffold_4,26100001,11,Chr4,32323243,26200000,26150000.5,100000,100000,110,100 kb
scaffold_4,26200001,59,Chr4,32323243,26300000,26250000.5,100000,100000,590,100 kb
scaffold_4,26300001,85,Chr4,32323243,26400000,26350000.5,100000,100000,850,100 kb
scaffold_4,26400001,105,Chr4,32323243,26500000,26450000.5,100000,100000,1050,100 kb
scaffold_4,26500001,83,Chr4,32323243,26600000,26550000.5,100000,100000,830,100 kb
scaffold_4,26600001,24,Chr4,32323243,26700000,26650000.5,100000,100000,240,100 kb
scaffold_4,26700001,110,Chr4,32323243,26800000,26750000.5,100000,100000,1100,100 kb
scaffold_4,26800001,70,Chr4,32323243,26900000,26850000.5,100000,100000,700,100 kb
scaffold_4,26900001,38,Chr4,32323243,27000000,26950000.5,100000,100000,380,100 kb
scaffold_4,27000001,99,Chr4,32323243,27100000,27050000.5,100000,100000,990,100 kb
scaffold_4,27100001,95,Chr4,32323243,27200000,27150000.5,100000,100000,950,100 kb
scaffold_4,27200001,120,Chr4,32323243,27300000,27250000.5,100000,100000,1200,100 kb
scaffold_4,27300001,105,Chr4,32323243,27400000,27350000.5,100000,100000,1050,100 kb
scaffold_4,27400001,74,Chr4,32323243,27500000,27450000.5,100000,100000,740,100 kb
scaffold_4,27500001,86,Chr4,32323243,27600000,27550000.5,100000,100000,860,100 kb
scaffold_4,27600001,46,Chr4,32323243,27700000,27650000.5,100000,100000,460,100 kb
scaffold_4,27700001,60,Chr4,32323243,27800000,27750000.5,100000,100000,600,100 kb
scaffold_4,27800001,50,Chr4,32323243,27900000,27850000.5,100000,100000,500,100 kb
scaffold_4,27900001,67,Chr4,32323243,28000000,27950000.5,100000,100000,670,100 kb
scaffold_4,28000001,85,Chr4,32323243,28100000,28050000.5,100000,100000,850,100 kb
scaffold_4,28100001,86,Chr4,32323243,28200000,28150000.5,100000,100000,860,100 kb
scaffold_4,28200001,71,Chr4,32323243,28300000,28250000.5,100000,100000,710,100 kb
scaffold_4,28300001,55,Chr4,32323243,28400000,28350000.5,100000,100000,550,100 kb
scaffold_4,28400001,107,Chr4,32323243,28500000,28450000.5,100000,100000,1070,100 kb
scaffold_4,28500001,74,Chr4,32323243,28600000,28550000.5,100000,100000,740,100 kb
scaffold_4,28600001,95,Chr4,32323243,28700000,28650000.5,100000,100000,950,100 kb
scaffold_4,28700001,143,Chr4,32323243,28800000,28750000.5,100000,100000,1430,100 kb
scaffold_4,28800001,75,Chr4,32323243,28900000,28850000.5,100000,100000,750,100 kb
scaffold_4,28900001,53,Chr4,32323243,29000000,28950000.5,100000,100000,530,100 kb
scaffold_4,29000001,108,Chr4,32323243,29100000,29050000.5,100000,100000,1080,100 kb
scaffold_4,29100001,101,Chr4,32323243,29200000,29150000.5,100000,100000,1010,100 kb
scaffold_4,29200001,113,Chr4,32323243,29300000,29250000.5,100000,100000,1130,100 kb
scaffold_4,29300001,142,Chr4,32323243,29400000,29350000.5,100000,100000,1420,100 kb
scaffold_4,29400001,43,Chr4,32323243,29500000,29450000.5,100000,100000,430,100 kb
scaffold_4,29500001,101,Chr4,32323243,29600000,29550000.5,100000,100000,1010,100 kb
scaffold_4,29600001,93,Chr4,32323243,29700000,29650000.5,100000,100000,930,100 kb
scaffold_4,29700001,58,Chr4,32323243,29800000,29750000.5,100000,100000,580,100 kb
scaffold_4,29800001,82,Chr4,32323243,29900000,29850000.5,100000,100000,820,100 kb
scaffold_4,29900001,65,Chr4,32323243,30000000,29950000.5,100000,100000,650,100 kb
scaffold_4,30000001,74,Chr4,32323243,30100000,30050000.5,100000,100000,740,100 kb
scaffold_4,30100001,103,Chr4,32323243,30200000,30150000.5,100000,100000,1030,100 kb
scaffold_4,30200001,113,Chr4,32323243,30300000,30250000.5,100000,100000,1130,100 kb
scaffold_4,30300001,87,Chr4,32323243,30400000,30350000.5,100000,100000,870,100 kb
scaffold_4,30400001,80,Chr4,32323243,30500000,30450000.5,100000,100000,800,100 kb
scaffold_4,30500001,21,Chr4,32323243,30600000,30550000.5,100000,100000,210,100 kb
scaffold_4,30600001,41,Chr4,32323243,30700000,30650000.5,100000,100000,410,100 kb
scaffold_4,30700001,113,Chr4,32323243,30800000,30750000.5,100000,100000,1130,100 kb
scaffold_4,30800001,59,Chr4,32323243,30900000,30850000.5,100000,100000,590,100 kb
scaffold_4,30900001,91,Chr4,32323243,31000000,30950000.5,100000,100000,910,100 kb
scaffold_4,31000001,90,Chr4,32323243,31100000,31050000.5,100000,100000,900,100 kb
scaffold_4,31100001,170,Chr4,32323243,31200000,31150000.5,100000,100000,1700,100 kb
scaffold_4,31200001,87,Chr4,32323243,31300000,31250000.5,100000,100000,870,100 kb
scaffold_4,31300001,90,Chr4,32323243,31400000,31350000.5,100000,100000,900,100 kb
scaffold_4,31400001,102,Chr4,32323243,31500000,31450000.5,100000,100000,1020,100 kb
scaffold_4,31500001,105,Chr4,32323243,31600000,31550000.5,100000,100000,1050,100 kb
scaffold_4,31600001,67,Chr4,32323243,31700000,31650000.5,100000,100000,670,100 kb
scaffold_4,31700001,79,Chr4,32323243,31800000,31750000.5,100000,100000,790,100 kb
scaffold_4,31800001,74,Chr4,32323243,31900000,31850000.5,100000,100000,740,100 kb
scaffold_4,31900001,107,Chr4,32323243,32000000,31950000.5,100000,100000,1070,100 kb
scaffold_4,32000001,119,Chr4,32323243,32100000,32050000.5,100000,100000,1190,100 kb
scaffold_4,32100001,41,Chr4,32323243,32200000,32150000.5,100000,100000,410,100 kb
scaffold_4,32200001,77,Chr4,32323243,32300000,32250000.5,100000,100000,770,100 kb
scaffold_4,32300001,51,Chr4,32323243,32323243,32311622,23243,100000,2194.2090091640493,100 kb
scaffold_5,1,23,Chr5,30106416,100000,50000.5,100000,100000,230,100 kb
scaffold_5,100001,96,Chr5,30106416,200000,150000.5,100000,100000,960,100 kb
scaffold_5,200001,109,Chr5,30106416,300000,250000.5,100000,100000,1090,100 kb
scaffold_5,300001,83,Chr5,30106416,400000,350000.5,100000,100000,830,100 kb
scaffold_5,400001,114,Chr5,30106416,500000,450000.5,100000,100000,1140,100 kb
scaffold_5,500001,115,Chr5,30106416,600000,550000.5,100000,100000,1150,100 kb
scaffold_5,600001,99,Chr5,30106416,700000,650000.5,100000,100000,990,100 kb
scaffold_5,700001,87,Chr5,30106416,800000,750000.5,100000,100000,870,100 kb
scaffold_5,800001,36,Chr5,30106416,900000,850000.5,100000,100000,360,100 kb
scaffold_5,900001,20,Chr5,30106416,1000000,950000.5,100000,100000,200,100 kb
scaffold_5,1000001,99,Chr5,30106416,1100000,1050000.5,100000,100000,990,100 kb
scaffold_5,1100001,84,Chr5,30106416,1200000,1150000.5,100000,100000,840,100 kb
scaffold_5,1200001,18,Chr5,30106416,1300000,1250000.5,100000,100000,180,100 kb
scaffold_5,1300001,79,Chr5,30106416,1400000,1350000.5,100000,100000,790,100 kb
scaffold_5,1400001,93,Chr5,30106416,1500000,1450000.5,100000,100000,930,100 kb
scaffold_5,1500001,109,Chr5,30106416,1600000,1550000.5,100000,100000,1090,100 kb
scaffold_5,1600001,114,Chr5,30106416,1700000,1650000.5,100000,100000,1140,100 kb
scaffold_5,1700001,85,Chr5,30106416,1800000,1750000.5,100000,100000,850,100 kb
scaffold_5,1800001,152,Chr5,30106416,1900000,1850000.5,100000,100000,1520,100 kb
scaffold_5,1900001,72,Chr5,30106416,2000000,1950000.5,100000,100000,720,100 kb
scaffold_5,2000001,9,Chr5,30106416,2100000,2050000.5,100000,100000,90,100 kb
scaffold_5,2100001,46,Chr5,30106416,2200000,2150000.5,100000,100000,460,100 kb
scaffold_5,2200001,58,Chr5,30106416,2300000,2250000.5,100000,100000,580,100 kb
scaffold_5,2300001,104,Chr5,30106416,2400000,2350000.5,100000,100000,1040,100 kb
scaffold_5,2400001,92,Chr5,30106416,2500000,2450000.5,100000,100000,920,100 kb
scaffold_5,2500001,18,Chr5,30106416,2600000,2550000.5,100000,100000,180,100 kb
scaffold_5,2600001,65,Chr5,30106416,2700000,2650000.5,100000,100000,650,100 kb
scaffold_5,2700001,71,Chr5,30106416,2800000,2750000.5,100000,100000,710,100 kb
scaffold_5,2800001,48,Chr5,30106416,2900000,2850000.5,100000,100000,480,100 kb
scaffold_5,2900001,81,Chr5,30106416,3000000,2950000.5,100000,100000,810,100 kb
scaffold_5,3000001,18,Chr5,30106416,3100000,3050000.5,100000,100000,180,100 kb
scaffold_5,3100001,51,Chr5,30106416,3200000,3150000.5,100000,100000,510,100 kb
scaffold_5,3200001,89,Chr5,30106416,3300000,3250000.5,100000,100000,890,100 kb
scaffold_5,3300001,57,Chr5,30106416,3400000,3350000.5,100000,100000,570,100 kb
scaffold_5,3400001,137,Chr5,30106416,3500000,3450000.5,100000,100000,1370,100 kb
scaffold_5,3500001,16,Chr5,30106416,3600000,3550000.5,100000,100000,160,100 kb
scaffold_5,3600001,14,Chr5,30106416,3700000,3650000.5,100000,100000,140,100 kb
scaffold_5,3700001,41,Chr5,30106416,3800000,3750000.5,100000,100000,410,100 kb
scaffold_5,3800001,6,Chr5,30106416,3900000,3850000.5,100000,100000,60,100 kb
scaffold_5,3900001,4,Chr5,30106416,4000000,3950000.5,100000,100000,40,100 kb
scaffold_5,4000001,33,Chr5,30106416,4100000,4050000.5,100000,100000,330,100 kb
scaffold_5,4100001,132,Chr5,30106416,4200000,4150000.5,100000,100000,1320,100 kb
scaffold_5,4200001,131,Chr5,30106416,4300000,4250000.5,100000,100000,1310,100 kb
scaffold_5,4300001,86,Chr5,30106416,4400000,4350000.5,100000,100000,860,100 kb
scaffold_5,4400001,56,Chr5,30106416,4500000,4450000.5,100000,100000,560,100 kb
scaffold_5,4500001,91,Chr5,30106416,4600000,4550000.5,100000,100000,910,100 kb
scaffold_5,4600001,57,Chr5,30106416,4700000,4650000.5,100000,100000,570,100 kb
scaffold_5,4700001,26,Chr5,30106416,4800000,4750000.5,100000,100000,260,100 kb
scaffold_5,4800001,22,Chr5,30106416,4900000,4850000.5,100000,100000,220,100 kb
scaffold_5,4900001,51,Chr5,30106416,5000000,4950000.5,100000,100000,510,100 kb
scaffold_5,5000001,96,Chr5,30106416,5100000,5050000.5,100000,100000,960,100 kb
scaffold_5,5100001,29,Chr5,30106416,5200000,5150000.5,100000,100000,290,100 kb
scaffold_5,5200001,83,Chr5,30106416,5300000,5250000.5,100000,100000,830,100 kb
scaffold_5,5300001,117,Chr5,30106416,5400000,5350000.5,100000,100000,1170,100 kb
scaffold_5,5400001,131,Chr5,30106416,5500000,5450000.5,100000,100000,1310,100 kb
scaffold_5,5500001,164,Chr5,30106416,5600000,5550000.5,100000,100000,1640,100 kb
scaffold_5,5600001,89,Chr5,30106416,5700000,5650000.5,100000,100000,890,100 kb
scaffold_5,5700001,120,Chr5,30106416,5800000,5750000.5,100000,100000,1200,100 kb
scaffold_5,5800001,162,Chr5,30106416,5900000,5850000.5,100000,100000,1620,100 kb
scaffold_5,5900001,73,Chr5,30106416,6000000,5950000.5,100000,100000,730,100 kb
scaffold_5,6000001,88,Chr5,30106416,6100000,6050000.5,100000,100000,880,100 kb
scaffold_5,6100001,77,Chr5,30106416,6200000,6150000.5,100000,100000,770,100 kb
scaffold_5,6200001,62,Chr5,30106416,6300000,6250000.5,100000,100000,620,100 kb
scaffold_5,6300001,83,Chr5,30106416,6400000,6350000.5,100000,100000,830,100 kb
scaffold_5,6400001,63,Chr5,30106416,6500000,6450000.5,100000,100000,630,100 kb
scaffold_5,6500001,43,Chr5,30106416,6600000,6550000.5,100000,100000,430,100 kb
scaffold_5,6600001,53,Chr5,30106416,6700000,6650000.5,100000,100000,530,100 kb
scaffold_5,6700001,104,Chr5,30106416,6800000,6750000.5,100000,100000,1040,100 kb
scaffold_5,6800001,59,Chr5,30106416,6900000,6850000.5,100000,100000,590,100 kb
scaffold_5,6900001,67,Chr5,30106416,7000000,6950000.5,100000,100000,670,100 kb
scaffold_5,7000001,114,Chr5,30106416,7100000,7050000.5,100000,100000,1140,100 kb
scaffold_5,7100001,38,Chr5,30106416,7200000,7150000.5,100000,100000,380,100 kb
scaffold_5,7200001,153,Chr5,30106416,7300000,7250000.5,100000,100000,1530,100 kb
scaffold_5,7300001,72,Chr5,30106416,7400000,7350000.5,100000,100000,720,100 kb
scaffold_5,7400001,35,Chr5,30106416,7500000,7450000.5,100000,100000,350,100 kb
scaffold_5,7500001,63,Chr5,30106416,7600000,7550000.5,100000,100000,630,100 kb
scaffold_5,7600001,12,Chr5,30106416,7700000,7650000.5,100000,100000,120,100 kb
scaffold_5,7700001,36,Chr5,30106416,7800000,7750000.5,100000,100000,360,100 kb
scaffold_5,7800001,25,Chr5,30106416,7900000,7850000.5,100000,100000,250,100 kb
scaffold_5,7900001,1,Chr5,30106416,8000000,7950000.5,100000,100000,10,100 kb
scaffold_5,8000001,1,Chr5,30106416,8100000,8050000.5,100000,100000,10,100 kb
scaffold_5,8200001,10,Chr5,30106416,8300000,8250000.5,100000,100000,100,100 kb
scaffold_5,8300001,47,Chr5,30106416,8400000,8350000.5,100000,100000,470,100 kb
scaffold_5,8400001,52,Chr5,30106416,8500000,8450000.5,100000,100000,520,100 kb
scaffold_5,8500001,33,Chr5,30106416,8600000,8550000.5,100000,100000,330,100 kb
scaffold_5,8600001,40,Chr5,30106416,8700000,8650000.5,100000,100000,400,100 kb
scaffold_5,8700001,40,Chr5,30106416,8800000,8750000.5,100000,100000,400,100 kb
scaffold_5,8800001,39,Chr5,30106416,8900000,8850000.5,100000,100000,390,100 kb
scaffold_5,8900001,6,Chr5,30106416,9000000,8950000.5,100000,100000,60,100 kb
scaffold_5,9000001,19,Chr5,30106416,9100000,9050000.5,100000,100000,190,100 kb
scaffold_5,9100001,40,Chr5,30106416,9200000,9150000.5,100000,100000,400,100 kb
scaffold_5,9200001,55,Chr5,30106416,9300000,9250000.5,100000,100000,550,100 kb
scaffold_5,9300001,28,Chr5,30106416,9400000,9350000.5,100000,100000,280,100 kb
scaffold_5,9400001,21,Chr5,30106416,9500000,9450000.5,100000,100000,210,100 kb
scaffold_5,9500001,9,Chr5,30106416,9600000,9550000.5,100000,100000,90,100 kb
scaffold_5,9600001,18,Chr5,30106416,9700000,9650000.5,100000,100000,180,100 kb
scaffold_5,9700001,40,Chr5,30106416,9800000,9750000.5,100000,100000,400,100 kb
scaffold_5,9800001,27,Chr5,30106416,9900000,9850000.5,100000,100000,270,100 kb
scaffold_5,9900001,126,Chr5,30106416,10000000,9950000.5,100000,100000,1260,100 kb
scaffold_5,10000001,71,Chr5,30106416,10100000,10050000.5,100000,100000,710,100 kb
scaffold_5,10100001,20,Chr5,30106416,10200000,10150000.5,100000,100000,200,100 kb
scaffold_5,10200001,66,Chr5,30106416,10300000,10250000.5,100000,100000,660,100 kb
scaffold_5,10300001,33,Chr5,30106416,10400000,10350000.5,100000,100000,330,100 kb
scaffold_5,10400001,47,Chr5,30106416,10500000,10450000.5,100000,100000,470,100 kb
scaffold_5,10500001,34,Chr5,30106416,10600000,10550000.5,100000,100000,340,100 kb
scaffold_5,10600001,80,Chr5,30106416,10700000,10650000.5,100000,100000,800,100 kb
scaffold_5,10700001,88,Chr5,30106416,10800000,10750000.5,100000,100000,880,100 kb
scaffold_5,10800001,143,Chr5,30106416,10900000,10850000.5,100000,100000,1430,100 kb
scaffold_5,10900001,69,Chr5,30106416,11000000,10950000.5,100000,100000,690,100 kb
scaffold_5,11000001,56,Chr5,30106416,11100000,11050000.5,100000,100000,560,100 kb
scaffold_5,11100001,95,Chr5,30106416,11200000,11150000.5,100000,100000,950,100 kb
scaffold_5,11200001,90,Chr5,30106416,11300000,11250000.5,100000,100000,900,100 kb
scaffold_5,11300001,52,Chr5,30106416,11400000,11350000.5,100000,100000,520,100 kb
scaffold_5,11400001,87,Chr5,30106416,11500000,11450000.5,100000,100000,870,100 kb
scaffold_5,11500001,100,Chr5,30106416,11600000,11550000.5,100000,100000,1000,100 kb
scaffold_5,11600001,73,Chr5,30106416,11700000,11650000.5,100000,100000,730,100 kb
scaffold_5,11700001,53,Chr5,30106416,11800000,11750000.5,100000,100000,530,100 kb
scaffold_5,11800001,83,Chr5,30106416,11900000,11850000.5,100000,100000,830,100 kb
scaffold_5,11900001,59,Chr5,30106416,12000000,11950000.5,100000,100000,590,100 kb
scaffold_5,12000001,72,Chr5,30106416,12100000,12050000.5,100000,100000,720,100 kb
scaffold_5,12100001,89,Chr5,30106416,12200000,12150000.5,100000,100000,890,100 kb
scaffold_5,12200001,13,Chr5,30106416,12300000,12250000.5,100000,100000,130,100 kb
scaffold_5,12300001,84,Chr5,30106416,12400000,12350000.5,100000,100000,840,100 kb
scaffold_5,12400001,28,Chr5,30106416,12500000,12450000.5,100000,100000,280,100 kb
scaffold_5,12500001,18,Chr5,30106416,12600000,12550000.5,100000,100000,180,100 kb
scaffold_5,12600001,65,Chr5,30106416,12700000,12650000.5,100000,100000,650,100 kb
scaffold_5,12700001,110,Chr5,30106416,12800000,12750000.5,100000,100000,1100,100 kb
scaffold_5,12800001,59,Chr5,30106416,12900000,12850000.5,100000,100000,590,100 kb
scaffold_5,12900001,84,Chr5,30106416,13000000,12950000.5,100000,100000,840,100 kb
scaffold_5,13000001,84,Chr5,30106416,13100000,13050000.5,100000,100000,840,100 kb
scaffold_5,13100001,67,Chr5,30106416,13200000,13150000.5,100000,100000,670,100 kb
scaffold_5,13200001,73,Chr5,30106416,13300000,13250000.5,100000,100000,730,100 kb
scaffold_5,13300001,15,Chr5,30106416,13400000,13350000.5,100000,100000,150,100 kb
scaffold_5,13400001,72,Chr5,30106416,13500000,13450000.5,100000,100000,720,100 kb
scaffold_5,13500001,53,Chr5,30106416,13600000,13550000.5,100000,100000,530,100 kb
scaffold_5,13600001,53,Chr5,30106416,13700000,13650000.5,100000,100000,530,100 kb
scaffold_5,13700001,71,Chr5,30106416,13800000,13750000.5,100000,100000,710,100 kb
scaffold_5,13800001,46,Chr5,30106416,13900000,13850000.5,100000,100000,460,100 kb
scaffold_5,13900001,37,Chr5,30106416,14000000,13950000.5,100000,100000,370,100 kb
scaffold_5,14000001,35,Chr5,30106416,14100000,14050000.5,100000,100000,350,100 kb
scaffold_5,14100001,57,Chr5,30106416,14200000,14150000.5,100000,100000,570,100 kb
scaffold_5,14200001,22,Chr5,30106416,14300000,14250000.5,100000,100000,220,100 kb
scaffold_5,14300001,52,Chr5,30106416,14400000,14350000.5,100000,100000,520,100 kb
scaffold_5,14400001,77,Chr5,30106416,14500000,14450000.5,100000,100000,770,100 kb
scaffold_5,14500001,46,Chr5,30106416,14600000,14550000.5,100000,100000,460,100 kb
scaffold_5,14600001,48,Chr5,30106416,14700000,14650000.5,100000,100000,480,100 kb
scaffold_5,14700001,81,Chr5,30106416,14800000,14750000.5,100000,100000,810,100 kb
scaffold_5,14800001,56,Chr5,30106416,14900000,14850000.5,100000,100000,560,100 kb
scaffold_5,14900001,47,Chr5,30106416,15000000,14950000.5,100000,100000,470,100 kb
scaffold_5,15000001,32,Chr5,30106416,15100000,15050000.5,100000,100000,320,100 kb
scaffold_5,15100001,54,Chr5,30106416,15200000,15150000.5,100000,100000,540,100 kb
scaffold_5,15200001,57,Chr5,30106416,15300000,15250000.5,100000,100000,570,100 kb
scaffold_5,15300001,27,Chr5,30106416,15400000,15350000.5,100000,100000,270,100 kb
scaffold_5,15400001,21,Chr5,30106416,15500000,15450000.5,100000,100000,210,100 kb
scaffold_5,15500001,19,Chr5,30106416,15600000,15550000.5,100000,100000,190,100 kb
scaffold_5,15600001,33,Chr5,30106416,15700000,15650000.5,100000,100000,330,100 kb
scaffold_5,15700001,37,Chr5,30106416,15800000,15750000.5,100000,100000,370,100 kb
scaffold_5,15800001,45,Chr5,30106416,15900000,15850000.5,100000,100000,450,100 kb
scaffold_5,15900001,63,Chr5,30106416,16000000,15950000.5,100000,100000,630,100 kb
scaffold_5,16000001,29,Chr5,30106416,16100000,16050000.5,100000,100000,290,100 kb
scaffold_5,16100001,84,Chr5,30106416,16200000,16150000.5,100000,100000,840,100 kb
scaffold_5,16200001,26,Chr5,30106416,16300000,16250000.5,100000,100000,260,100 kb
scaffold_5,16300001,49,Chr5,30106416,16400000,16350000.5,100000,100000,490,100 kb
scaffold_5,16400001,52,Chr5,30106416,16500000,16450000.5,100000,100000,520,100 kb
scaffold_5,16500001,42,Chr5,30106416,16600000,16550000.5,100000,100000,420,100 kb
scaffold_5,16600001,22,Chr5,30106416,16700000,16650000.5,100000,100000,220,100 kb
scaffold_5,16700001,18,Chr5,30106416,16800000,16750000.5,100000,100000,180,100 kb
scaffold_5,16800001,61,Chr5,30106416,16900000,16850000.5,100000,100000,610,100 kb
scaffold_5,16900001,12,Chr5,30106416,17000000,16950000.5,100000,100000,120,100 kb
scaffold_5,17000001,39,Chr5,30106416,17100000,17050000.5,100000,100000,390,100 kb
scaffold_5,17100001,21,Chr5,30106416,17200000,17150000.5,100000,100000,210,100 kb
scaffold_5,17200001,27,Chr5,30106416,17300000,17250000.5,100000,100000,270,100 kb
scaffold_5,17300001,21,Chr5,30106416,17400000,17350000.5,100000,100000,210,100 kb
scaffold_5,17400001,35,Chr5,30106416,17500000,17450000.5,100000,100000,350,100 kb
scaffold_5,17500001,53,Chr5,30106416,17600000,17550000.5,100000,100000,530,100 kb
scaffold_5,17600001,27,Chr5,30106416,17700000,17650000.5,100000,100000,270,100 kb
scaffold_5,17700001,23,Chr5,30106416,17800000,17750000.5,100000,100000,230,100 kb
scaffold_5,17800001,17,Chr5,30106416,17900000,17850000.5,100000,100000,170,100 kb
scaffold_5,17900001,15,Chr5,30106416,18000000,17950000.5,100000,100000,150,100 kb
scaffold_5,18000001,15,Chr5,30106416,18100000,18050000.5,100000,100000,150,100 kb
scaffold_5,18100001,15,Chr5,30106416,18200000,18150000.5,100000,100000,150,100 kb
scaffold_5,18200001,3,Chr5,30106416,18300000,18250000.5,100000,100000,30,100 kb
scaffold_5,18300001,11,Chr5,30106416,18400000,18350000.5,100000,100000,110,100 kb
scaffold_5,18400001,8,Chr5,30106416,18500000,18450000.5,100000,100000,80,100 kb
scaffold_5,18500001,10,Chr5,30106416,18600000,18550000.5,100000,100000,100,100 kb
scaffold_5,18600001,10,Chr5,30106416,18700000,18650000.5,100000,100000,100,100 kb
scaffold_5,18700001,33,Chr5,30106416,18800000,18750000.5,100000,100000,330,100 kb
scaffold_5,18800001,42,Chr5,30106416,18900000,18850000.5,100000,100000,420,100 kb
scaffold_5,18900001,32,Chr5,30106416,19000000,18950000.5,100000,100000,320,100 kb
scaffold_5,19000001,34,Chr5,30106416,19100000,19050000.5,100000,100000,340,100 kb
scaffold_5,19100001,20,Chr5,30106416,19200000,19150000.5,100000,100000,200,100 kb
scaffold_5,19200001,40,Chr5,30106416,19300000,19250000.5,100000,100000,400,100 kb
scaffold_5,19300001,48,Chr5,30106416,19400000,19350000.5,100000,100000,480,100 kb
scaffold_5,19400001,16,Chr5,30106416,19500000,19450000.5,100000,100000,160,100 kb
scaffold_5,19500001,65,Chr5,30106416,19600000,19550000.5,100000,100000,650,100 kb
scaffold_5,19600001,85,Chr5,30106416,19700000,19650000.5,100000,100000,850,100 kb
scaffold_5,19700001,43,Chr5,30106416,19800000,19750000.5,100000,100000,430,100 kb
scaffold_5,19800001,46,Chr5,30106416,19900000,19850000.5,100000,100000,460,100 kb
scaffold_5,19900001,36,Chr5,30106416,20000000,19950000.5,100000,100000,360,100 kb
scaffold_5,20000001,54,Chr5,30106416,20100000,20050000.5,100000,100000,540,100 kb
scaffold_5,20100001,36,Chr5,30106416,20200000,20150000.5,100000,100000,360,100 kb
scaffold_5,20200001,36,Chr5,30106416,20300000,20250000.5,100000,100000,360,100 kb
scaffold_5,20300001,28,Chr5,30106416,20400000,20350000.5,100000,100000,280,100 kb
scaffold_5,20400001,49,Chr5,30106416,20500000,20450000.5,100000,100000,490,100 kb
scaffold_5,20500001,44,Chr5,30106416,20600000,20550000.5,100000,100000,440,100 kb
scaffold_5,20600001,75,Chr5,30106416,20700000,20650000.5,100000,100000,750,100 kb
scaffold_5,20700001,46,Chr5,30106416,20800000,20750000.5,100000,100000,460,100 kb
scaffold_5,20800001,53,Chr5,30106416,20900000,20850000.5,100000,100000,530,100 kb
scaffold_5,20900001,44,Chr5,30106416,21000000,20950000.5,100000,100000,440,100 kb
scaffold_5,21000001,34,Chr5,30106416,21100000,21050000.5,100000,100000,340,100 kb
scaffold_5,21100001,31,Chr5,30106416,21200000,21150000.5,100000,100000,310,100 kb
scaffold_5,21200001,20,Chr5,30106416,21300000,21250000.5,100000,100000,200,100 kb
scaffold_5,21300001,43,Chr5,30106416,21400000,21350000.5,100000,100000,430,100 kb
scaffold_5,21400001,38,Chr5,30106416,21500000,21450000.5,100000,100000,380,100 kb
scaffold_5,21500001,104,Chr5,30106416,21600000,21550000.5,100000,100000,1040,100 kb
scaffold_5,21600001,36,Chr5,30106416,21700000,21650000.5,100000,100000,360,100 kb
scaffold_5,21700001,73,Chr5,30106416,21800000,21750000.5,100000,100000,730,100 kb
scaffold_5,21800001,50,Chr5,30106416,21900000,21850000.5,100000,100000,500,100 kb
scaffold_5,21900001,57,Chr5,30106416,22000000,21950000.5,100000,100000,570,100 kb
scaffold_5,22000001,29,Chr5,30106416,22100000,22050000.5,100000,100000,290,100 kb
scaffold_5,22100001,53,Chr5,30106416,22200000,22150000.5,100000,100000,530,100 kb
scaffold_5,22200001,51,Chr5,30106416,22300000,22250000.5,100000,100000,510,100 kb
scaffold_5,22300001,57,Chr5,30106416,22400000,22350000.5,100000,100000,570,100 kb
scaffold_5,22400001,48,Chr5,30106416,22500000,22450000.5,100000,100000,480,100 kb
scaffold_5,22500001,76,Chr5,30106416,22600000,22550000.5,100000,100000,760,100 kb
scaffold_5,22600001,73,Chr5,30106416,22700000,22650000.5,100000,100000,730,100 kb
scaffold_5,22700001,77,Chr5,30106416,22800000,22750000.5,100000,100000,770,100 kb
scaffold_5,22800001,35,Chr5,30106416,22900000,22850000.5,100000,100000,350,100 kb
scaffold_5,22900001,58,Chr5,30106416,23000000,22950000.5,100000,100000,580,100 kb
scaffold_5,23000001,46,Chr5,30106416,23100000,23050000.5,100000,100000,460,100 kb
scaffold_5,23100001,54,Chr5,30106416,23200000,23150000.5,100000,100000,540,100 kb
scaffold_5,23200001,57,Chr5,30106416,23300000,23250000.5,100000,100000,570,100 kb
scaffold_5,23300001,15,Chr5,30106416,23400000,23350000.5,100000,100000,150,100 kb
scaffold_5,23400001,41,Chr5,30106416,23500000,23450000.5,100000,100000,410,100 kb
scaffold_5,23500001,82,Chr5,30106416,23600000,23550000.5,100000,100000,820,100 kb
scaffold_5,23600001,5,Chr5,30106416,23700000,23650000.5,100000,100000,50,100 kb
scaffold_5,23700001,65,Chr5,30106416,23800000,23750000.5,100000,100000,650,100 kb
scaffold_5,23800001,62,Chr5,30106416,23900000,23850000.5,100000,100000,620,100 kb
scaffold_5,23900001,78,Chr5,30106416,24000000,23950000.5,100000,100000,780,100 kb
scaffold_5,24000001,36,Chr5,30106416,24100000,24050000.5,100000,100000,360,100 kb
scaffold_5,24100001,11,Chr5,30106416,24200000,24150000.5,100000,100000,110,100 kb
scaffold_5,24200001,35,Chr5,30106416,24300000,24250000.5,100000,100000,350,100 kb
scaffold_5,24300001,82,Chr5,30106416,24400000,24350000.5,100000,100000,820,100 kb
scaffold_5,24400001,66,Chr5,30106416,24500000,24450000.5,100000,100000,660,100 kb
scaffold_5,24500001,72,Chr5,30106416,24600000,24550000.5,100000,100000,720,100 kb
scaffold_5,24600001,51,Chr5,30106416,24700000,24650000.5,100000,100000,510,100 kb
scaffold_5,24700001,73,Chr5,30106416,24800000,24750000.5,100000,100000,730,100 kb
scaffold_5,24800001,32,Chr5,30106416,24900000,24850000.5,100000,100000,320,100 kb
scaffold_5,24900001,41,Chr5,30106416,25000000,24950000.5,100000,100000,410,100 kb
scaffold_5,25000001,38,Chr5,30106416,25100000,25050000.5,100000,100000,380,100 kb
scaffold_5,25100001,31,Chr5,30106416,25200000,25150000.5,100000,100000,310,100 kb
scaffold_5,25200001,38,Chr5,30106416,25300000,25250000.5,100000,100000,380,100 kb
scaffold_5,25300001,63,Chr5,30106416,25400000,25350000.5,100000,100000,630,100 kb
scaffold_5,25400001,46,Chr5,30106416,25500000,25450000.5,100000,100000,460,100 kb
scaffold_5,25500001,79,Chr5,30106416,25600000,25550000.5,100000,100000,790,100 kb
scaffold_5,25600001,96,Chr5,30106416,25700000,25650000.5,100000,100000,960,100 kb
scaffold_5,25700001,69,Chr5,30106416,25800000,25750000.5,100000,100000,690,100 kb
scaffold_5,25800001,73,Chr5,30106416,25900000,25850000.5,100000,100000,730,100 kb
scaffold_5,25900001,94,Chr5,30106416,26000000,25950000.5,100000,100000,940,100 kb
scaffold_5,26000001,50,Chr5,30106416,26100000,26050000.5,100000,100000,500,100 kb
scaffold_5,26100001,53,Chr5,30106416,26200000,26150000.5,100000,100000,530,100 kb
scaffold_5,26200001,135,Chr5,30106416,26300000,26250000.5,100000,100000,1350,100 kb
scaffold_5,26300001,41,Chr5,30106416,26400000,26350000.5,100000,100000,410,100 kb
scaffold_5,26400001,76,Chr5,30106416,26500000,26450000.5,100000,100000,760,100 kb
scaffold_5,26500001,77,Chr5,30106416,26600000,26550000.5,100000,100000,770,100 kb
scaffold_5,26600001,148,Chr5,30106416,26700000,26650000.5,100000,100000,1480,100 kb
scaffold_5,26700001,104,Chr5,30106416,26800000,26750000.5,100000,100000,1040,100 kb
scaffold_5,26800001,77,Chr5,30106416,26900000,26850000.5,100000,100000,770,100 kb
scaffold_5,26900001,52,Chr5,30106416,27000000,26950000.5,100000,100000,520,100 kb
scaffold_5,27000001,45,Chr5,30106416,27100000,27050000.5,100000,100000,450,100 kb
scaffold_5,27100001,28,Chr5,30106416,27200000,27150000.5,100000,100000,280,100 kb
scaffold_5,27200001,4,Chr5,30106416,27300000,27250000.5,100000,100000,40,100 kb
scaffold_5,27300001,7,Chr5,30106416,27400000,27350000.5,100000,100000,70,100 kb
scaffold_5,27400001,1,Chr5,30106416,27500000,27450000.5,100000,100000,10,100 kb
scaffold_5,27500001,2,Chr5,30106416,27600000,27550000.5,100000,100000,20,100 kb
scaffold_5,27600001,3,Chr5,30106416,27700000,27650000.5,100000,100000,30,100 kb
scaffold_5,27700001,91,Chr5,30106416,27800000,27750000.5,100000,100000,910,100 kb
scaffold_5,27800001,98,Chr5,30106416,27900000,27850000.5,100000,100000,980,100 kb
scaffold_5,27900001,78,Chr5,30106416,28000000,27950000.5,100000,100000,780,100 kb
scaffold_5,28000001,66,Chr5,30106416,28100000,28050000.5,100000,100000,660,100 kb
scaffold_5,28100001,23,Chr5,30106416,28200000,28150000.5,100000,100000,230,100 kb
scaffold_5,28200001,94,Chr5,30106416,28300000,28250000.5,100000,100000,940,100 kb
scaffold_5,28300001,111,Chr5,30106416,28400000,28350000.5,100000,100000,1110,100 kb
scaffold_5,28400001,124,Chr5,30106416,28500000,28450000.5,100000,100000,1240,100 kb
scaffold_5,28500001,63,Chr5,30106416,28600000,28550000.5,100000,100000,630,100 kb
scaffold_5,28600001,68,Chr5,30106416,28700000,28650000.5,100000,100000,680,100 kb
scaffold_5,28700001,5,Chr5,30106416,28800000,28750000.5,100000,100000,50,100 kb
scaffold_5,28800001,78,Chr5,30106416,28900000,28850000.5,100000,100000,780,100 kb
scaffold_5,28900001,64,Chr5,30106416,29000000,28950000.5,100000,100000,640,100 kb
scaffold_5,29000001,58,Chr5,30106416,29100000,29050000.5,100000,100000,580,100 kb
scaffold_5,29100001,76,Chr5,30106416,29200000,29150000.5,100000,100000,760,100 kb
scaffold_5,29200001,107,Chr5,30106416,29300000,29250000.5,100000,100000,1070,100 kb
scaffold_5,29300001,96,Chr5,30106416,29400000,29350000.5,100000,100000,960,100 kb
scaffold_5,29400001,9,Chr5,30106416,29500000,29450000.5,100000,100000,90,100 kb
scaffold_5,29500001,228,Chr5,30106416,29600000,29550000.5,100000,100000,2280,100 kb
scaffold_5,29600001,146,Chr5,30106416,29700000,29650000.5,100000,100000,1460,100 kb
scaffold_5,29700001,85,Chr5,30106416,29800000,29750000.5,100000,100000,850,100 kb
scaffold_5,29800001,69,Chr5,30106416,29900000,29850000.5,100000,100000,690,100 kb
scaffold_5,29900001,54,Chr5,30106416,30000000,29950000.5,100000,100000,540,100 kb
scaffold_5,30000001,45,Chr5,30106416,30100000,30050000.5,100000,100000,450,100 kb
scaffold_6,1,34,Chr6,23938505,100000,50000.5,100000,100000,340,100 kb
scaffold_6,100001,124,Chr6,23938505,200000,150000.5,100000,100000,1240,100 kb
scaffold_6,200001,38,Chr6,23938505,300000,250000.5,100000,100000,380,100 kb
scaffold_6,300001,94,Chr6,23938505,400000,350000.5,100000,100000,940,100 kb
scaffold_6,400001,34,Chr6,23938505,500000,450000.5,100000,100000,340,100 kb
scaffold_6,500001,74,Chr6,23938505,600000,550000.5,100000,100000,740,100 kb
scaffold_6,600001,94,Chr6,23938505,700000,650000.5,100000,100000,940,100 kb
scaffold_6,700001,98,Chr6,23938505,800000,750000.5,100000,100000,980,100 kb
scaffold_6,800001,89,Chr6,23938505,900000,850000.5,100000,100000,890,100 kb
scaffold_6,900001,72,Chr6,23938505,1000000,950000.5,100000,100000,720,100 kb
scaffold_6,1000001,94,Chr6,23938505,1100000,1050000.5,100000,100000,940,100 kb
scaffold_6,1100001,104,Chr6,23938505,1200000,1150000.5,100000,100000,1040,100 kb
scaffold_6,1200001,104,Chr6,23938505,1300000,1250000.5,100000,100000,1040,100 kb
scaffold_6,1300001,97,Chr6,23938505,1400000,1350000.5,100000,100000,970,100 kb
scaffold_6,1400001,68,Chr6,23938505,1500000,1450000.5,100000,100000,680,100 kb
scaffold_6,1500001,99,Chr6,23938505,1600000,1550000.5,100000,100000,990,100 kb
scaffold_6,1600001,85,Chr6,23938505,1700000,1650000.5,100000,100000,850,100 kb
scaffold_6,1700001,94,Chr6,23938505,1800000,1750000.5,100000,100000,940,100 kb
scaffold_6,1800001,120,Chr6,23938505,1900000,1850000.5,100000,100000,1200,100 kb
scaffold_6,1900001,42,Chr6,23938505,2000000,1950000.5,100000,100000,420,100 kb
scaffold_6,2000001,104,Chr6,23938505,2100000,2050000.5,100000,100000,1040,100 kb
scaffold_6,2100001,131,Chr6,23938505,2200000,2150000.5,100000,100000,1310,100 kb
scaffold_6,2200001,129,Chr6,23938505,2300000,2250000.5,100000,100000,1290,100 kb
scaffold_6,2300001,76,Chr6,23938505,2400000,2350000.5,100000,100000,760,100 kb
scaffold_6,2400001,103,Chr6,23938505,2500000,2450000.5,100000,100000,1030,100 kb
scaffold_6,2500001,153,Chr6,23938505,2600000,2550000.5,100000,100000,1530,100 kb
scaffold_6,2600001,86,Chr6,23938505,2700000,2650000.5,100000,100000,860,100 kb
scaffold_6,2700001,111,Chr6,23938505,2800000,2750000.5,100000,100000,1110,100 kb
scaffold_6,2800001,108,Chr6,23938505,2900000,2850000.5,100000,100000,1080,100 kb
scaffold_6,2900001,120,Chr6,23938505,3000000,2950000.5,100000,100000,1200,100 kb
scaffold_6,3000001,179,Chr6,23938505,3100000,3050000.5,100000,100000,1790,100 kb
scaffold_6,3100001,145,Chr6,23938505,3200000,3150000.5,100000,100000,1450,100 kb
scaffold_6,3200001,89,Chr6,23938505,3300000,3250000.5,100000,100000,890,100 kb
scaffold_6,3300001,81,Chr6,23938505,3400000,3350000.5,100000,100000,810,100 kb
scaffold_6,3400001,93,Chr6,23938505,3500000,3450000.5,100000,100000,930,100 kb
scaffold_6,3500001,33,Chr6,23938505,3600000,3550000.5,100000,100000,330,100 kb
scaffold_6,3600001,139,Chr6,23938505,3700000,3650000.5,100000,100000,1390,100 kb
scaffold_6,3700001,125,Chr6,23938505,3800000,3750000.5,100000,100000,1250,100 kb
scaffold_6,3800001,92,Chr6,23938505,3900000,3850000.5,100000,100000,920,100 kb
scaffold_6,3900001,112,Chr6,23938505,4000000,3950000.5,100000,100000,1120,100 kb
scaffold_6,4000001,85,Chr6,23938505,4100000,4050000.5,100000,100000,850,100 kb
scaffold_6,4100001,61,Chr6,23938505,4200000,4150000.5,100000,100000,610,100 kb
scaffold_6,4200001,157,Chr6,23938505,4300000,4250000.5,100000,100000,1570,100 kb
scaffold_6,4300001,53,Chr6,23938505,4400000,4350000.5,100000,100000,530,100 kb
scaffold_6,4400001,130,Chr6,23938505,4500000,4450000.5,100000,100000,1300,100 kb
scaffold_6,4500001,212,Chr6,23938505,4600000,4550000.5,100000,100000,2120,100 kb
scaffold_6,4600001,104,Chr6,23938505,4700000,4650000.5,100000,100000,1040,100 kb
scaffold_6,4700001,102,Chr6,23938505,4800000,4750000.5,100000,100000,1020,100 kb
scaffold_6,4800001,96,Chr6,23938505,4900000,4850000.5,100000,100000,960,100 kb
scaffold_6,4900001,86,Chr6,23938505,5000000,4950000.5,100000,100000,860,100 kb
scaffold_6,5000001,116,Chr6,23938505,5100000,5050000.5,100000,100000,1160,100 kb
scaffold_6,5100001,71,Chr6,23938505,5200000,5150000.5,100000,100000,710,100 kb
scaffold_6,5200001,56,Chr6,23938505,5300000,5250000.5,100000,100000,560,100 kb
scaffold_6,5300001,93,Chr6,23938505,5400000,5350000.5,100000,100000,930,100 kb
scaffold_6,5400001,87,Chr6,23938505,5500000,5450000.5,100000,100000,870,100 kb
scaffold_6,5500001,119,Chr6,23938505,5600000,5550000.5,100000,100000,1190,100 kb
scaffold_6,5600001,128,Chr6,23938505,5700000,5650000.5,100000,100000,1280,100 kb
scaffold_6,5700001,128,Chr6,23938505,5800000,5750000.5,100000,100000,1280,100 kb
scaffold_6,5800001,152,Chr6,23938505,5900000,5850000.5,100000,100000,1520,100 kb
scaffold_6,5900001,79,Chr6,23938505,6000000,5950000.5,100000,100000,790,100 kb
scaffold_6,6000001,98,Chr6,23938505,6100000,6050000.5,100000,100000,980,100 kb
scaffold_6,6100001,98,Chr6,23938505,6200000,6150000.5,100000,100000,980,100 kb
scaffold_6,6200001,157,Chr6,23938505,6300000,6250000.5,100000,100000,1570,100 kb
scaffold_6,6300001,93,Chr6,23938505,6400000,6350000.5,100000,100000,930,100 kb
scaffold_6,6400001,96,Chr6,23938505,6500000,6450000.5,100000,100000,960,100 kb
scaffold_6,6500001,76,Chr6,23938505,6600000,6550000.5,100000,100000,760,100 kb
scaffold_6,6600001,98,Chr6,23938505,6700000,6650000.5,100000,100000,980,100 kb
scaffold_6,6700001,15,Chr6,23938505,6800000,6750000.5,100000,100000,150,100 kb
scaffold_6,6800001,110,Chr6,23938505,6900000,6850000.5,100000,100000,1100,100 kb
scaffold_6,6900001,152,Chr6,23938505,7000000,6950000.5,100000,100000,1520,100 kb
scaffold_6,7000001,113,Chr6,23938505,7100000,7050000.5,100000,100000,1130,100 kb
scaffold_6,7100001,96,Chr6,23938505,7200000,7150000.5,100000,100000,960,100 kb
scaffold_6,7200001,126,Chr6,23938505,7300000,7250000.5,100000,100000,1260,100 kb
scaffold_6,7300001,116,Chr6,23938505,7400000,7350000.5,100000,100000,1160,100 kb
scaffold_6,7400001,106,Chr6,23938505,7500000,7450000.5,100000,100000,1060,100 kb
scaffold_6,7500001,126,Chr6,23938505,7600000,7550000.5,100000,100000,1260,100 kb
scaffold_6,7600001,114,Chr6,23938505,7700000,7650000.5,100000,100000,1140,100 kb
scaffold_6,7700001,111,Chr6,23938505,7800000,7750000.5,100000,100000,1110,100 kb
scaffold_6,7800001,51,Chr6,23938505,7900000,7850000.5,100000,100000,510,100 kb
scaffold_6,7900001,68,Chr6,23938505,8000000,7950000.5,100000,100000,680,100 kb
scaffold_6,8000001,144,Chr6,23938505,8100000,8050000.5,100000,100000,1440,100 kb
scaffold_6,8100001,112,Chr6,23938505,8200000,8150000.5,100000,100000,1120,100 kb
scaffold_6,8200001,67,Chr6,23938505,8300000,8250000.5,100000,100000,670,100 kb
scaffold_6,8300001,67,Chr6,23938505,8400000,8350000.5,100000,100000,670,100 kb
scaffold_6,8400001,61,Chr6,23938505,8500000,8450000.5,100000,100000,610,100 kb
scaffold_6,8500001,24,Chr6,23938505,8600000,8550000.5,100000,100000,240,100 kb
scaffold_6,8600001,75,Chr6,23938505,8700000,8650000.5,100000,100000,750,100 kb
scaffold_6,8700001,71,Chr6,23938505,8800000,8750000.5,100000,100000,710,100 kb
scaffold_6,8800001,17,Chr6,23938505,8900000,8850000.5,100000,100000,170,100 kb
scaffold_6,8900001,58,Chr6,23938505,9000000,8950000.5,100000,100000,580,100 kb
scaffold_6,9000001,59,Chr6,23938505,9100000,9050000.5,100000,100000,590,100 kb
scaffold_6,9100001,69,Chr6,23938505,9200000,9150000.5,100000,100000,690,100 kb
scaffold_6,9200001,78,Chr6,23938505,9300000,9250000.5,100000,100000,780,100 kb
scaffold_6,9300001,44,Chr6,23938505,9400000,9350000.5,100000,100000,440,100 kb
scaffold_6,9400001,24,Chr6,23938505,9500000,9450000.5,100000,100000,240,100 kb
scaffold_6,9500001,41,Chr6,23938505,9600000,9550000.5,100000,100000,410,100 kb
scaffold_6,9600001,44,Chr6,23938505,9700000,9650000.5,100000,100000,440,100 kb
scaffold_6,9700001,52,Chr6,23938505,9800000,9750000.5,100000,100000,520,100 kb
scaffold_6,9800001,93,Chr6,23938505,9900000,9850000.5,100000,100000,930,100 kb
scaffold_6,9900001,87,Chr6,23938505,10000000,9950000.5,100000,100000,870,100 kb
scaffold_6,10000001,60,Chr6,23938505,10100000,10050000.5,100000,100000,600,100 kb
scaffold_6,10100001,80,Chr6,23938505,10200000,10150000.5,100000,100000,800,100 kb
scaffold_6,10200001,99,Chr6,23938505,10300000,10250000.5,100000,100000,990,100 kb
scaffold_6,10300001,91,Chr6,23938505,10400000,10350000.5,100000,100000,910,100 kb
scaffold_6,10400001,72,Chr6,23938505,10500000,10450000.5,100000,100000,720,100 kb
scaffold_6,10500001,38,Chr6,23938505,10600000,10550000.5,100000,100000,380,100 kb
scaffold_6,10600001,47,Chr6,23938505,10700000,10650000.5,100000,100000,470,100 kb
scaffold_6,10700001,52,Chr6,23938505,10800000,10750000.5,100000,100000,520,100 kb
scaffold_6,10800001,55,Chr6,23938505,10900000,10850000.5,100000,100000,550,100 kb
scaffold_6,10900001,77,Chr6,23938505,11000000,10950000.5,100000,100000,770,100 kb
scaffold_6,11000001,108,Chr6,23938505,11100000,11050000.5,100000,100000,1080,100 kb
scaffold_6,11100001,151,Chr6,23938505,11200000,11150000.5,100000,100000,1510,100 kb
scaffold_6,11200001,88,Chr6,23938505,11300000,11250000.5,100000,100000,880,100 kb
scaffold_6,11300001,33,Chr6,23938505,11400000,11350000.5,100000,100000,330,100 kb
scaffold_6,11400001,41,Chr6,23938505,11500000,11450000.5,100000,100000,410,100 kb
scaffold_6,11500001,95,Chr6,23938505,11600000,11550000.5,100000,100000,950,100 kb
scaffold_6,11600001,63,Chr6,23938505,11700000,11650000.5,100000,100000,630,100 kb
scaffold_6,11700001,28,Chr6,23938505,11800000,11750000.5,100000,100000,280,100 kb
scaffold_6,11800001,97,Chr6,23938505,11900000,11850000.5,100000,100000,970,100 kb
scaffold_6,11900001,63,Chr6,23938505,12000000,11950000.5,100000,100000,630,100 kb
scaffold_6,12000001,35,Chr6,23938505,12100000,12050000.5,100000,100000,350,100 kb
scaffold_6,12100001,30,Chr6,23938505,12200000,12150000.5,100000,100000,300,100 kb
scaffold_6,12200001,39,Chr6,23938505,12300000,12250000.5,100000,100000,390,100 kb
scaffold_6,12300001,41,Chr6,23938505,12400000,12350000.5,100000,100000,410,100 kb
scaffold_6,12400001,73,Chr6,23938505,12500000,12450000.5,100000,100000,730,100 kb
scaffold_6,12500001,41,Chr6,23938505,12600000,12550000.5,100000,100000,410,100 kb
scaffold_6,12600001,50,Chr6,23938505,12700000,12650000.5,100000,100000,500,100 kb
scaffold_6,12700001,62,Chr6,23938505,12800000,12750000.5,100000,100000,620,100 kb
scaffold_6,12800001,13,Chr6,23938505,12900000,12850000.5,100000,100000,130,100 kb
scaffold_6,12900001,68,Chr6,23938505,13000000,12950000.5,100000,100000,680,100 kb
scaffold_6,13000001,53,Chr6,23938505,13100000,13050000.5,100000,100000,530,100 kb
scaffold_6,13100001,56,Chr6,23938505,13200000,13150000.5,100000,100000,560,100 kb
scaffold_6,13200001,17,Chr6,23938505,13300000,13250000.5,100000,100000,170,100 kb
scaffold_6,13300001,60,Chr6,23938505,13400000,13350000.5,100000,100000,600,100 kb
scaffold_6,13400001,81,Chr6,23938505,13500000,13450000.5,100000,100000,810,100 kb
scaffold_6,13500001,124,Chr6,23938505,13600000,13550000.5,100000,100000,1240,100 kb
scaffold_6,13600001,103,Chr6,23938505,13700000,13650000.5,100000,100000,1030,100 kb
scaffold_6,13700001,30,Chr6,23938505,13800000,13750000.5,100000,100000,300,100 kb
scaffold_6,13800001,44,Chr6,23938505,13900000,13850000.5,100000,100000,440,100 kb
scaffold_6,13900001,70,Chr6,23938505,14000000,13950000.5,100000,100000,700,100 kb
scaffold_6,14000001,42,Chr6,23938505,14100000,14050000.5,100000,100000,420,100 kb
scaffold_6,14100001,80,Chr6,23938505,14200000,14150000.5,100000,100000,800,100 kb
scaffold_6,14200001,51,Chr6,23938505,14300000,14250000.5,100000,100000,510,100 kb
scaffold_6,14300001,34,Chr6,23938505,14400000,14350000.5,100000,100000,340,100 kb
scaffold_6,14400001,50,Chr6,23938505,14500000,14450000.5,100000,100000,500,100 kb
scaffold_6,14500001,88,Chr6,23938505,14600000,14550000.5,100000,100000,880,100 kb
scaffold_6,14600001,86,Chr6,23938505,14700000,14650000.5,100000,100000,860,100 kb
scaffold_6,14700001,32,Chr6,23938505,14800000,14750000.5,100000,100000,320,100 kb
scaffold_6,14800001,52,Chr6,23938505,14900000,14850000.5,100000,100000,520,100 kb
scaffold_6,14900001,78,Chr6,23938505,15000000,14950000.5,100000,100000,780,100 kb
scaffold_6,15000001,61,Chr6,23938505,15100000,15050000.5,100000,100000,610,100 kb
scaffold_6,15100001,67,Chr6,23938505,15200000,15150000.5,100000,100000,670,100 kb
scaffold_6,15200001,120,Chr6,23938505,15300000,15250000.5,100000,100000,1200,100 kb
scaffold_6,15300001,97,Chr6,23938505,15400000,15350000.5,100000,100000,970,100 kb
scaffold_6,15400001,39,Chr6,23938505,15500000,15450000.5,100000,100000,390,100 kb
scaffold_6,15500001,23,Chr6,23938505,15600000,15550000.5,100000,100000,230,100 kb
scaffold_6,15600001,63,Chr6,23938505,15700000,15650000.5,100000,100000,630,100 kb
scaffold_6,15700001,64,Chr6,23938505,15800000,15750000.5,100000,100000,640,100 kb
scaffold_6,15800001,48,Chr6,23938505,15900000,15850000.5,100000,100000,480,100 kb
scaffold_6,15900001,69,Chr6,23938505,16000000,15950000.5,100000,100000,690,100 kb
scaffold_6,16000001,94,Chr6,23938505,16100000,16050000.5,100000,100000,940,100 kb
scaffold_6,16100001,114,Chr6,23938505,16200000,16150000.5,100000,100000,1140,100 kb
scaffold_6,16200001,111,Chr6,23938505,16300000,16250000.5,100000,100000,1110,100 kb
scaffold_6,16300001,87,Chr6,23938505,16400000,16350000.5,100000,100000,870,100 kb
scaffold_6,16400001,78,Chr6,23938505,16500000,16450000.5,100000,100000,780,100 kb
scaffold_6,16500001,65,Chr6,23938505,16600000,16550000.5,100000,100000,650,100 kb
scaffold_6,16600001,53,Chr6,23938505,16700000,16650000.5,100000,100000,530,100 kb
scaffold_6,16700001,49,Chr6,23938505,16800000,16750000.5,100000,100000,490,100 kb
scaffold_6,16800001,69,Chr6,23938505,16900000,16850000.5,100000,100000,690,100 kb
scaffold_6,16900001,47,Chr6,23938505,17000000,16950000.5,100000,100000,470,100 kb
scaffold_6,17000001,83,Chr6,23938505,17100000,17050000.5,100000,100000,830,100 kb
scaffold_6,17100001,59,Chr6,23938505,17200000,17150000.5,100000,100000,590,100 kb
scaffold_6,17200001,82,Chr6,23938505,17300000,17250000.5,100000,100000,820,100 kb
scaffold_6,17300001,106,Chr6,23938505,17400000,17350000.5,100000,100000,1060,100 kb
scaffold_6,17400001,54,Chr6,23938505,17500000,17450000.5,100000,100000,540,100 kb
scaffold_6,17500001,90,Chr6,23938505,17600000,17550000.5,100000,100000,900,100 kb
scaffold_6,17600001,50,Chr6,23938505,17700000,17650000.5,100000,100000,500,100 kb
scaffold_6,17700001,42,Chr6,23938505,17800000,17750000.5,100000,100000,420,100 kb
scaffold_6,17800001,100,Chr6,23938505,17900000,17850000.5,100000,100000,1000,100 kb
scaffold_6,17900001,65,Chr6,23938505,18000000,17950000.5,100000,100000,650,100 kb
scaffold_6,18000001,67,Chr6,23938505,18100000,18050000.5,100000,100000,670,100 kb
scaffold_6,18100001,50,Chr6,23938505,18200000,18150000.5,100000,100000,500,100 kb
scaffold_6,18200001,101,Chr6,23938505,18300000,18250000.5,100000,100000,1010,100 kb
scaffold_6,18300001,95,Chr6,23938505,18400000,18350000.5,100000,100000,950,100 kb
scaffold_6,18400001,126,Chr6,23938505,18500000,18450000.5,100000,100000,1260,100 kb
scaffold_6,18500001,81,Chr6,23938505,18600000,18550000.5,100000,100000,810,100 kb
scaffold_6,18600001,73,Chr6,23938505,18700000,18650000.5,100000,100000,730,100 kb
scaffold_6,18700001,59,Chr6,23938505,18800000,18750000.5,100000,100000,590,100 kb
scaffold_6,18800001,37,Chr6,23938505,18900000,18850000.5,100000,100000,370,100 kb
scaffold_6,18900001,19,Chr6,23938505,19000000,18950000.5,100000,100000,190,100 kb
scaffold_6,19000001,41,Chr6,23938505,19100000,19050000.5,100000,100000,410,100 kb
scaffold_6,19100001,18,Chr6,23938505,19200000,19150000.5,100000,100000,180,100 kb
scaffold_6,19200001,12,Chr6,23938505,19300000,19250000.5,100000,100000,120,100 kb
scaffold_6,19300001,25,Chr6,23938505,19400000,19350000.5,100000,100000,250,100 kb
scaffold_6,19400001,32,Chr6,23938505,19500000,19450000.5,100000,100000,320,100 kb
scaffold_6,19500001,23,Chr6,23938505,19600000,19550000.5,100000,100000,230,100 kb
scaffold_6,19600001,56,Chr6,23938505,19700000,19650000.5,100000,100000,560,100 kb
scaffold_6,19700001,58,Chr6,23938505,19800000,19750000.5,100000,100000,580,100 kb
scaffold_6,19800001,30,Chr6,23938505,19900000,19850000.5,100000,100000,300,100 kb
scaffold_6,19900001,45,Chr6,23938505,20000000,19950000.5,100000,100000,450,100 kb
scaffold_6,20000001,69,Chr6,23938505,20100000,20050000.5,100000,100000,690,100 kb
scaffold_6,20100001,50,Chr6,23938505,20200000,20150000.5,100000,100000,500,100 kb
scaffold_6,20200001,117,Chr6,23938505,20300000,20250000.5,100000,100000,1170,100 kb
scaffold_6,20300001,52,Chr6,23938505,20400000,20350000.5,100000,100000,520,100 kb
scaffold_6,20400001,87,Chr6,23938505,20500000,20450000.5,100000,100000,870,100 kb
scaffold_6,20500001,34,Chr6,23938505,20600000,20550000.5,100000,100000,340,100 kb
scaffold_6,20600001,32,Chr6,23938505,20700000,20650000.5,100000,100000,320,100 kb
scaffold_6,20700001,53,Chr6,23938505,20800000,20750000.5,100000,100000,530,100 kb
scaffold_6,20800001,24,Chr6,23938505,20900000,20850000.5,100000,100000,240,100 kb
scaffold_6,20900001,52,Chr6,23938505,21000000,20950000.5,100000,100000,520,100 kb
scaffold_6,21000001,37,Chr6,23938505,21100000,21050000.5,100000,100000,370,100 kb
scaffold_6,21100001,39,Chr6,23938505,21200000,21150000.5,100000,100000,390,100 kb
scaffold_6,21200001,62,Chr6,23938505,21300000,21250000.5,100000,100000,620,100 kb
scaffold_6,21300001,48,Chr6,23938505,21400000,21350000.5,100000,100000,480,100 kb
scaffold_6,21400001,75,Chr6,23938505,21500000,21450000.5,100000,100000,750,100 kb
scaffold_6,21500001,83,Chr6,23938505,21600000,21550000.5,100000,100000,830,100 kb
scaffold_6,21600001,46,Chr6,23938505,21700000,21650000.5,100000,100000,460,100 kb
scaffold_6,21700001,60,Chr6,23938505,21800000,21750000.5,100000,100000,600,100 kb
scaffold_6,21800001,32,Chr6,23938505,21900000,21850000.5,100000,100000,320,100 kb
scaffold_6,21900001,32,Chr6,23938505,22000000,21950000.5,100000,100000,320,100 kb
scaffold_6,22000001,28,Chr6,23938505,22100000,22050000.5,100000,100000,280,100 kb
scaffold_6,22100001,36,Chr6,23938505,22200000,22150000.5,100000,100000,360,100 kb
scaffold_6,22200001,52,Chr6,23938505,22300000,22250000.5,100000,100000,520,100 kb
scaffold_6,22300001,32,Chr6,23938505,22400000,22350000.5,100000,100000,320,100 kb
scaffold_6,22400001,49,Chr6,23938505,22500000,22450000.5,100000,100000,490,100 kb
scaffold_6,22500001,37,Chr6,23938505,22600000,22550000.5,100000,100000,370,100 kb
scaffold_6,22600001,23,Chr6,23938505,22700000,22650000.5,100000,100000,230,100 kb
scaffold_6,22700001,44,Chr6,23938505,22800000,22750000.5,100000,100000,440,100 kb
scaffold_6,22800001,10,Chr6,23938505,22900000,22850000.5,100000,100000,100,100 kb
scaffold_6,22900001,30,Chr6,23938505,23000000,22950000.5,100000,100000,300,100 kb
scaffold_6,23000001,36,Chr6,23938505,23100000,23050000.5,100000,100000,360,100 kb
scaffold_6,23100001,43,Chr6,23938505,23200000,23150000.5,100000,100000,430,100 kb
scaffold_6,23200001,14,Chr6,23938505,23300000,23250000.5,100000,100000,140,100 kb
scaffold_6,23300001,34,Chr6,23938505,23400000,23350000.5,100000,100000,340,100 kb
scaffold_6,23400001,19,Chr6,23938505,23500000,23450000.5,100000,100000,190,100 kb
scaffold_6,23500001,19,Chr6,23938505,23600000,23550000.5,100000,100000,190,100 kb
scaffold_6,23600001,26,Chr6,23938505,23700000,23650000.5,100000,100000,260,100 kb
scaffold_6,23700001,10,Chr6,23938505,23800000,23750000.5,100000,100000,100,100 kb
scaffold_6,23800001,15,Chr6,23938505,23900000,23850000.5,100000,100000,150,100 kb
scaffold_7,1,6,Chr7,22643560,100000,50000.5,100000,100000,60,100 kb
scaffold_7,100001,53,Chr7,22643560,200000,150000.5,100000,100000,530,100 kb
scaffold_7,200001,90,Chr7,22643560,300000,250000.5,100000,100000,900,100 kb
scaffold_7,300001,118,Chr7,22643560,400000,350000.5,100000,100000,1180,100 kb
scaffold_7,400001,71,Chr7,22643560,500000,450000.5,100000,100000,710,100 kb
scaffold_7,500001,73,Chr7,22643560,600000,550000.5,100000,100000,730,100 kb
scaffold_7,600001,88,Chr7,22643560,700000,650000.5,100000,100000,880,100 kb
scaffold_7,700001,136,Chr7,22643560,800000,750000.5,100000,100000,1360,100 kb
scaffold_7,800001,83,Chr7,22643560,900000,850000.5,100000,100000,830,100 kb
scaffold_7,900001,80,Chr7,22643560,1000000,950000.5,100000,100000,800,100 kb
scaffold_7,1000001,80,Chr7,22643560,1100000,1050000.5,100000,100000,800,100 kb
scaffold_7,1100001,58,Chr7,22643560,1200000,1150000.5,100000,100000,580,100 kb
scaffold_7,1200001,106,Chr7,22643560,1300000,1250000.5,100000,100000,1060,100 kb
scaffold_7,1300001,157,Chr7,22643560,1400000,1350000.5,100000,100000,1570,100 kb
scaffold_7,1400001,84,Chr7,22643560,1500000,1450000.5,100000,100000,840,100 kb
scaffold_7,1500001,82,Chr7,22643560,1600000,1550000.5,100000,100000,820,100 kb
scaffold_7,1600001,68,Chr7,22643560,1700000,1650000.5,100000,100000,680,100 kb
scaffold_7,1700001,75,Chr7,22643560,1800000,1750000.5,100000,100000,750,100 kb
scaffold_7,1800001,81,Chr7,22643560,1900000,1850000.5,100000,100000,810,100 kb
scaffold_7,1900001,113,Chr7,22643560,2000000,1950000.5,100000,100000,1130,100 kb
scaffold_7,2000001,82,Chr7,22643560,2100000,2050000.5,100000,100000,820,100 kb
scaffold_7,2100001,73,Chr7,22643560,2200000,2150000.5,100000,100000,730,100 kb
scaffold_7,2200001,68,Chr7,22643560,2300000,2250000.5,100000,100000,680,100 kb
scaffold_7,2300001,193,Chr7,22643560,2400000,2350000.5,100000,100000,1930,100 kb
scaffold_7,2400001,169,Chr7,22643560,2500000,2450000.5,100000,100000,1690,100 kb
scaffold_7,2500001,126,Chr7,22643560,2600000,2550000.5,100000,100000,1260,100 kb
scaffold_7,2600001,75,Chr7,22643560,2700000,2650000.5,100000,100000,750,100 kb
scaffold_7,2700001,110,Chr7,22643560,2800000,2750000.5,100000,100000,1100,100 kb
scaffold_7,2800001,103,Chr7,22643560,2900000,2850000.5,100000,100000,1030,100 kb
scaffold_7,2900001,46,Chr7,22643560,3000000,2950000.5,100000,100000,460,100 kb
scaffold_7,3000001,147,Chr7,22643560,3100000,3050000.5,100000,100000,1470,100 kb
scaffold_7,3100001,70,Chr7,22643560,3200000,3150000.5,100000,100000,700,100 kb
scaffold_7,3200001,137,Chr7,22643560,3300000,3250000.5,100000,100000,1370,100 kb
scaffold_7,3300001,68,Chr7,22643560,3400000,3350000.5,100000,100000,680,100 kb
scaffold_7,3400001,52,Chr7,22643560,3500000,3450000.5,100000,100000,520,100 kb
scaffold_7,3500001,41,Chr7,22643560,3600000,3550000.5,100000,100000,410,100 kb
scaffold_7,3600001,78,Chr7,22643560,3700000,3650000.5,100000,100000,780,100 kb
scaffold_7,3700001,86,Chr7,22643560,3800000,3750000.5,100000,100000,860,100 kb
scaffold_7,3800001,54,Chr7,22643560,3900000,3850000.5,100000,100000,540,100 kb
scaffold_7,3900001,153,Chr7,22643560,4000000,3950000.5,100000,100000,1530,100 kb
scaffold_7,4000001,108,Chr7,22643560,4100000,4050000.5,100000,100000,1080,100 kb
scaffold_7,4100001,101,Chr7,22643560,4200000,4150000.5,100000,100000,1010,100 kb
scaffold_7,4200001,80,Chr7,22643560,4300000,4250000.5,100000,100000,800,100 kb
scaffold_7,4300001,87,Chr7,22643560,4400000,4350000.5,100000,100000,870,100 kb
scaffold_7,4400001,111,Chr7,22643560,4500000,4450000.5,100000,100000,1110,100 kb
scaffold_7,4500001,95,Chr7,22643560,4600000,4550000.5,100000,100000,950,100 kb
scaffold_7,4600001,90,Chr7,22643560,4700000,4650000.5,100000,100000,900,100 kb
scaffold_7,4700001,117,Chr7,22643560,4800000,4750000.5,100000,100000,1170,100 kb
scaffold_7,4800001,81,Chr7,22643560,4900000,4850000.5,100000,100000,810,100 kb
scaffold_7,4900001,79,Chr7,22643560,5000000,4950000.5,100000,100000,790,100 kb
scaffold_7,5000001,68,Chr7,22643560,5100000,5050000.5,100000,100000,680,100 kb
scaffold_7,5100001,52,Chr7,22643560,5200000,5150000.5,100000,100000,520,100 kb
scaffold_7,5200001,42,Chr7,22643560,5300000,5250000.5,100000,100000,420,100 kb
scaffold_7,5300001,100,Chr7,22643560,5400000,5350000.5,100000,100000,1000,100 kb
scaffold_7,5400001,51,Chr7,22643560,5500000,5450000.5,100000,100000,510,100 kb
scaffold_7,5500001,65,Chr7,22643560,5600000,5550000.5,100000,100000,650,100 kb
scaffold_7,5600001,106,Chr7,22643560,5700000,5650000.5,100000,100000,1060,100 kb
scaffold_7,5700001,72,Chr7,22643560,5800000,5750000.5,100000,100000,720,100 kb
scaffold_7,5800001,153,Chr7,22643560,5900000,5850000.5,100000,100000,1530,100 kb
scaffold_7,5900001,58,Chr7,22643560,6000000,5950000.5,100000,100000,580,100 kb
scaffold_7,6000001,68,Chr7,22643560,6100000,6050000.5,100000,100000,680,100 kb
scaffold_7,6100001,103,Chr7,22643560,6200000,6150000.5,100000,100000,1030,100 kb
scaffold_7,6200001,97,Chr7,22643560,6300000,6250000.5,100000,100000,970,100 kb
scaffold_7,6300001,98,Chr7,22643560,6400000,6350000.5,100000,100000,980,100 kb
scaffold_7,6400001,75,Chr7,22643560,6500000,6450000.5,100000,100000,750,100 kb
scaffold_7,6500001,72,Chr7,22643560,6600000,6550000.5,100000,100000,720,100 kb
scaffold_7,6600001,5,Chr7,22643560,6700000,6650000.5,100000,100000,50,100 kb
scaffold_7,6700001,26,Chr7,22643560,6800000,6750000.5,100000,100000,260,100 kb
scaffold_7,6800001,23,Chr7,22643560,6900000,6850000.5,100000,100000,230,100 kb
scaffold_7,6900001,84,Chr7,22643560,7000000,6950000.5,100000,100000,840,100 kb
scaffold_7,7000001,88,Chr7,22643560,7100000,7050000.5,100000,100000,880,100 kb
scaffold_7,7100001,68,Chr7,22643560,7200000,7150000.5,100000,100000,680,100 kb
scaffold_7,7200001,42,Chr7,22643560,7300000,7250000.5,100000,100000,420,100 kb
scaffold_7,7300001,37,Chr7,22643560,7400000,7350000.5,100000,100000,370,100 kb
scaffold_7,7400001,58,Chr7,22643560,7500000,7450000.5,100000,100000,580,100 kb
scaffold_7,7500001,55,Chr7,22643560,7600000,7550000.5,100000,100000,550,100 kb
scaffold_7,7600001,61,Chr7,22643560,7700000,7650000.5,100000,100000,610,100 kb
scaffold_7,7700001,50,Chr7,22643560,7800000,7750000.5,100000,100000,500,100 kb
scaffold_7,7800001,70,Chr7,22643560,7900000,7850000.5,100000,100000,700,100 kb
scaffold_7,7900001,25,Chr7,22643560,8000000,7950000.5,100000,100000,250,100 kb
scaffold_7,8000001,67,Chr7,22643560,8100000,8050000.5,100000,100000,670,100 kb
scaffold_7,8100001,80,Chr7,22643560,8200000,8150000.5,100000,100000,800,100 kb
scaffold_7,8200001,52,Chr7,22643560,8300000,8250000.5,100000,100000,520,100 kb
scaffold_7,8300001,9,Chr7,22643560,8400000,8350000.5,100000,100000,90,100 kb
scaffold_7,8400001,21,Chr7,22643560,8500000,8450000.5,100000,100000,210,100 kb
scaffold_7,8500001,27,Chr7,22643560,8600000,8550000.5,100000,100000,270,100 kb
scaffold_7,8600001,60,Chr7,22643560,8700000,8650000.5,100000,100000,600,100 kb
scaffold_7,8700001,119,Chr7,22643560,8800000,8750000.5,100000,100000,1190,100 kb
scaffold_7,8800001,30,Chr7,22643560,8900000,8850000.5,100000,100000,300,100 kb
scaffold_7,8900001,52,Chr7,22643560,9000000,8950000.5,100000,100000,520,100 kb
scaffold_7,9000001,58,Chr7,22643560,9100000,9050000.5,100000,100000,580,100 kb
scaffold_7,9100001,66,Chr7,22643560,9200000,9150000.5,100000,100000,660,100 kb
scaffold_7,9200001,50,Chr7,22643560,9300000,9250000.5,100000,100000,500,100 kb
scaffold_7,9300001,42,Chr7,22643560,9400000,9350000.5,100000,100000,420,100 kb
scaffold_7,9400001,47,Chr7,22643560,9500000,9450000.5,100000,100000,470,100 kb
scaffold_7,9500001,80,Chr7,22643560,9600000,9550000.5,100000,100000,800,100 kb
scaffold_7,9600001,55,Chr7,22643560,9700000,9650000.5,100000,100000,550,100 kb
scaffold_7,9700001,57,Chr7,22643560,9800000,9750000.5,100000,100000,570,100 kb
scaffold_7,9800001,36,Chr7,22643560,9900000,9850000.5,100000,100000,360,100 kb
scaffold_7,9900001,119,Chr7,22643560,10000000,9950000.5,100000,100000,1190,100 kb
scaffold_7,10000001,67,Chr7,22643560,10100000,10050000.5,100000,100000,670,100 kb
scaffold_7,10100001,44,Chr7,22643560,10200000,10150000.5,100000,100000,440,100 kb
scaffold_7,10200001,79,Chr7,22643560,10300000,10250000.5,100000,100000,790,100 kb
scaffold_7,10300001,106,Chr7,22643560,10400000,10350000.5,100000,100000,1060,100 kb
scaffold_7,10400001,19,Chr7,22643560,10500000,10450000.5,100000,100000,190,100 kb
scaffold_7,10500001,93,Chr7,22643560,10600000,10550000.5,100000,100000,930,100 kb
scaffold_7,10600001,70,Chr7,22643560,10700000,10650000.5,100000,100000,700,100 kb
scaffold_7,10700001,19,Chr7,22643560,10800000,10750000.5,100000,100000,190,100 kb
scaffold_7,10800001,13,Chr7,22643560,10900000,10850000.5,100000,100000,130,100 kb
scaffold_7,10900001,55,Chr7,22643560,11000000,10950000.5,100000,100000,550,100 kb
scaffold_7,11000001,108,Chr7,22643560,11100000,11050000.5,100000,100000,1080,100 kb
scaffold_7,11100001,62,Chr7,22643560,11200000,11150000.5,100000,100000,620,100 kb
scaffold_7,11200001,62,Chr7,22643560,11300000,11250000.5,100000,100000,620,100 kb
scaffold_7,11300001,38,Chr7,22643560,11400000,11350000.5,100000,100000,380,100 kb
scaffold_7,11400001,71,Chr7,22643560,11500000,11450000.5,100000,100000,710,100 kb
scaffold_7,11500001,25,Chr7,22643560,11600000,11550000.5,100000,100000,250,100 kb
scaffold_7,11600001,45,Chr7,22643560,11700000,11650000.5,100000,100000,450,100 kb
scaffold_7,11700001,9,Chr7,22643560,11800000,11750000.5,100000,100000,90,100 kb
scaffold_7,11800001,13,Chr7,22643560,11900000,11850000.5,100000,100000,130,100 kb
scaffold_7,11900001,18,Chr7,22643560,12000000,11950000.5,100000,100000,180,100 kb
scaffold_7,12000001,31,Chr7,22643560,12100000,12050000.5,100000,100000,310,100 kb
scaffold_7,12100001,69,Chr7,22643560,12200000,12150000.5,100000,100000,690,100 kb
scaffold_7,12200001,52,Chr7,22643560,12300000,12250000.5,100000,100000,520,100 kb
scaffold_7,12300001,17,Chr7,22643560,12400000,12350000.5,100000,100000,170,100 kb
scaffold_7,12400001,30,Chr7,22643560,12500000,12450000.5,100000,100000,300,100 kb
scaffold_7,12500001,34,Chr7,22643560,12600000,12550000.5,100000,100000,340,100 kb
scaffold_7,12600001,60,Chr7,22643560,12700000,12650000.5,100000,100000,600,100 kb
scaffold_7,12700001,57,Chr7,22643560,12800000,12750000.5,100000,100000,570,100 kb
scaffold_7,12800001,35,Chr7,22643560,12900000,12850000.5,100000,100000,350,100 kb
scaffold_7,12900001,120,Chr7,22643560,13000000,12950000.5,100000,100000,1200,100 kb
scaffold_7,13000001,36,Chr7,22643560,13100000,13050000.5,100000,100000,360,100 kb
scaffold_7,13100001,22,Chr7,22643560,13200000,13150000.5,100000,100000,220,100 kb
scaffold_7,13200001,64,Chr7,22643560,13300000,13250000.5,100000,100000,640,100 kb
scaffold_7,13300001,48,Chr7,22643560,13400000,13350000.5,100000,100000,480,100 kb
scaffold_7,13400001,61,Chr7,22643560,13500000,13450000.5,100000,100000,610,100 kb
scaffold_7,13500001,69,Chr7,22643560,13600000,13550000.5,100000,100000,690,100 kb
scaffold_7,13600001,132,Chr7,22643560,13700000,13650000.5,100000,100000,1320,100 kb
scaffold_7,13700001,47,Chr7,22643560,13800000,13750000.5,100000,100000,470,100 kb
scaffold_7,13800001,25,Chr7,22643560,13900000,13850000.5,100000,100000,250,100 kb
scaffold_7,13900001,29,Chr7,22643560,14000000,13950000.5,100000,100000,290,100 kb
scaffold_7,14000001,40,Chr7,22643560,14100000,14050000.5,100000,100000,400,100 kb
scaffold_7,14100001,56,Chr7,22643560,14200000,14150000.5,100000,100000,560,100 kb
scaffold_7,14200001,26,Chr7,22643560,14300000,14250000.5,100000,100000,260,100 kb
scaffold_7,14300001,20,Chr7,22643560,14400000,14350000.5,100000,100000,200,100 kb
scaffold_7,14400001,36,Chr7,22643560,14500000,14450000.5,100000,100000,360,100 kb
scaffold_7,14500001,15,Chr7,22643560,14600000,14550000.5,100000,100000,150,100 kb
scaffold_7,14600001,20,Chr7,22643560,14700000,14650000.5,100000,100000,200,100 kb
scaffold_7,14700001,44,Chr7,22643560,14800000,14750000.5,100000,100000,440,100 kb
scaffold_7,14800001,47,Chr7,22643560,14900000,14850000.5,100000,100000,470,100 kb
scaffold_7,14900001,58,Chr7,22643560,15000000,14950000.5,100000,100000,580,100 kb
scaffold_7,15000001,23,Chr7,22643560,15100000,15050000.5,100000,100000,230,100 kb
scaffold_7,15100001,29,Chr7,22643560,15200000,15150000.5,100000,100000,290,100 kb
scaffold_7,15200001,23,Chr7,22643560,15300000,15250000.5,100000,100000,230,100 kb
scaffold_7,15300001,34,Chr7,22643560,15400000,15350000.5,100000,100000,340,100 kb
scaffold_7,15400001,18,Chr7,22643560,15500000,15450000.5,100000,100000,180,100 kb
scaffold_7,15500001,41,Chr7,22643560,15600000,15550000.5,100000,100000,410,100 kb
scaffold_7,15600001,42,Chr7,22643560,15700000,15650000.5,100000,100000,420,100 kb
scaffold_7,15700001,18,Chr7,22643560,15800000,15750000.5,100000,100000,180,100 kb
scaffold_7,15800001,21,Chr7,22643560,15900000,15850000.5,100000,100000,210,100 kb
scaffold_7,15900001,35,Chr7,22643560,16000000,15950000.5,100000,100000,350,100 kb
scaffold_7,16000001,8,Chr7,22643560,16100000,16050000.5,100000,100000,80,100 kb
scaffold_7,16100001,24,Chr7,22643560,16200000,16150000.5,100000,100000,240,100 kb
scaffold_7,16200001,17,Chr7,22643560,16300000,16250000.5,100000,100000,170,100 kb
scaffold_7,16300001,41,Chr7,22643560,16400000,16350000.5,100000,100000,410,100 kb
scaffold_7,16400001,31,Chr7,22643560,16500000,16450000.5,100000,100000,310,100 kb
scaffold_7,16500001,27,Chr7,22643560,16600000,16550000.5,100000,100000,270,100 kb
scaffold_7,16600001,32,Chr7,22643560,16700000,16650000.5,100000,100000,320,100 kb
scaffold_7,16700001,27,Chr7,22643560,16800000,16750000.5,100000,100000,270,100 kb
scaffold_7,16800001,12,Chr7,22643560,16900000,16850000.5,100000,100000,120,100 kb
scaffold_7,16900001,36,Chr7,22643560,17000000,16950000.5,100000,100000,360,100 kb
scaffold_7,17000001,50,Chr7,22643560,17100000,17050000.5,100000,100000,500,100 kb
scaffold_7,17100001,36,Chr7,22643560,17200000,17150000.5,100000,100000,360,100 kb
scaffold_7,17200001,25,Chr7,22643560,17300000,17250000.5,100000,100000,250,100 kb
scaffold_7,17300001,56,Chr7,22643560,17400000,17350000.5,100000,100000,560,100 kb
scaffold_7,17400001,24,Chr7,22643560,17500000,17450000.5,100000,100000,240,100 kb
scaffold_7,17500001,32,Chr7,22643560,17600000,17550000.5,100000,100000,320,100 kb
scaffold_7,17600001,40,Chr7,22643560,17700000,17650000.5,100000,100000,400,100 kb
scaffold_7,17700001,28,Chr7,22643560,17800000,17750000.5,100000,100000,280,100 kb
scaffold_7,17800001,16,Chr7,22643560,17900000,17850000.5,100000,100000,160,100 kb
scaffold_7,17900001,40,Chr7,22643560,18000000,17950000.5,100000,100000,400,100 kb
scaffold_7,18000001,33,Chr7,22643560,18100000,18050000.5,100000,100000,330,100 kb
scaffold_7,18100001,9,Chr7,22643560,18200000,18150000.5,100000,100000,90,100 kb
scaffold_7,18200001,23,Chr7,22643560,18300000,18250000.5,100000,100000,230,100 kb
scaffold_7,18300001,26,Chr7,22643560,18400000,18350000.5,100000,100000,260,100 kb
scaffold_7,18400001,21,Chr7,22643560,18500000,18450000.5,100000,100000,210,100 kb
scaffold_7,18500001,33,Chr7,22643560,18600000,18550000.5,100000,100000,330,100 kb
scaffold_7,18600001,20,Chr7,22643560,18700000,18650000.5,100000,100000,200,100 kb
scaffold_7,18700001,17,Chr7,22643560,18800000,18750000.5,100000,100000,170,100 kb
scaffold_7,18800001,29,Chr7,22643560,18900000,18850000.5,100000,100000,290,100 kb
scaffold_7,18900001,13,Chr7,22643560,19000000,18950000.5,100000,100000,130,100 kb
scaffold_7,19000001,43,Chr7,22643560,19100000,19050000.5,100000,100000,430,100 kb
scaffold_7,19100001,25,Chr7,22643560,19200000,19150000.5,100000,100000,250,100 kb
scaffold_7,19200001,19,Chr7,22643560,19300000,19250000.5,100000,100000,190,100 kb
scaffold_7,19300001,48,Chr7,22643560,19400000,19350000.5,100000,100000,480,100 kb
scaffold_7,19400001,33,Chr7,22643560,19500000,19450000.5,100000,100000,330,100 kb
scaffold_7,19500001,14,Chr7,22643560,19600000,19550000.5,100000,100000,140,100 kb
scaffold_7,19600001,12,Chr7,22643560,19700000,19650000.5,100000,100000,120,100 kb
scaffold_7,19700001,18,Chr7,22643560,19800000,19750000.5,100000,100000,180,100 kb
scaffold_7,19800001,13,Chr7,22643560,19900000,19850000.5,100000,100000,130,100 kb
scaffold_7,19900001,5,Chr7,22643560,20000000,19950000.5,100000,100000,50,100 kb
scaffold_7,20000001,18,Chr7,22643560,20100000,20050000.5,100000,100000,180,100 kb
scaffold_7,20100001,26,Chr7,22643560,20200000,20150000.5,100000,100000,260,100 kb
scaffold_7,20200001,25,Chr7,22643560,20300000,20250000.5,100000,100000,250,100 kb
scaffold_7,20300001,16,Chr7,22643560,20400000,20350000.5,100000,100000,160,100 kb
scaffold_7,20400001,28,Chr7,22643560,20500000,20450000.5,100000,100000,280,100 kb
scaffold_7,20500001,41,Chr7,22643560,20600000,20550000.5,100000,100000,410,100 kb
scaffold_7,20600001,25,Chr7,22643560,20700000,20650000.5,100000,100000,250,100 kb
scaffold_7,20700001,30,Chr7,22643560,20800000,20750000.5,100000,100000,300,100 kb
scaffold_7,20800001,29,Chr7,22643560,20900000,20850000.5,100000,100000,290,100 kb
scaffold_7,20900001,32,Chr7,22643560,21000000,20950000.5,100000,100000,320,100 kb
scaffold_7,21000001,39,Chr7,22643560,21100000,21050000.5,100000,100000,390,100 kb
scaffold_7,21100001,32,Chr7,22643560,21200000,21150000.5,100000,100000,320,100 kb
scaffold_7,21200001,25,Chr7,22643560,21300000,21250000.5,100000,100000,250,100 kb
scaffold_7,21300001,11,Chr7,22643560,21400000,21350000.5,100000,100000,110,100 kb
scaffold_7,21400001,33,Chr7,22643560,21500000,21450000.5,100000,100000,330,100 kb
scaffold_7,21500001,17,Chr7,22643560,21600000,21550000.5,100000,100000,170,100 kb
scaffold_7,21600001,24,Chr7,22643560,21700000,21650000.5,100000,100000,240,100 kb
scaffold_7,21700001,23,Chr7,22643560,21800000,21750000.5,100000,100000,230,100 kb
scaffold_7,21800001,12,Chr7,22643560,21900000,21850000.5,100000,100000,120,100 kb
scaffold_7,21900001,13,Chr7,22643560,22000000,21950000.5,100000,100000,130,100 kb
scaffold_7,22000001,8,Chr7,22643560,22100000,22050000.5,100000,100000,80,100 kb
scaffold_7,22100001,22,Chr7,22643560,22200000,22150000.5,100000,100000,220,100 kb
scaffold_7,22200001,5,Chr7,22643560,22300000,22250000.5,100000,100000,50,100 kb
scaffold_7,22300001,7,Chr7,22643560,22400000,22350000.5,100000,100000,70,100 kb
scaffold_7,22400001,11,Chr7,22643560,22500000,22450000.5,100000,100000,110,100 kb
scaffold_7,22500001,25,Chr7,22643560,22600000,22550000.5,100000,100000,250,100 kb
scaffold_7,22600001,2,Chr7,22643560,22643560,22621780.5,43560,100000,45.91368227731864,100 kb
scaffold_8,1,35,Chr8,22139275,100000,50000.5,100000,100000,350,100 kb
scaffold_8,100001,31,Chr8,22139275,200000,150000.5,100000,100000,310,100 kb
scaffold_8,200001,39,Chr8,22139275,300000,250000.5,100000,100000,390,100 kb
scaffold_8,300001,23,Chr8,22139275,400000,350000.5,100000,100000,230,100 kb
scaffold_8,400001,58,Chr8,22139275,500000,450000.5,100000,100000,580,100 kb
scaffold_8,500001,59,Chr8,22139275,600000,550000.5,100000,100000,590,100 kb
scaffold_8,600001,73,Chr8,22139275,700000,650000.5,100000,100000,730,100 kb
scaffold_8,700001,45,Chr8,22139275,800000,750000.5,100000,100000,450,100 kb
scaffold_8,800001,79,Chr8,22139275,900000,850000.5,100000,100000,790,100 kb
scaffold_8,900001,53,Chr8,22139275,1000000,950000.5,100000,100000,530,100 kb
scaffold_8,1000001,115,Chr8,22139275,1100000,1050000.5,100000,100000,1150,100 kb
scaffold_8,1100001,105,Chr8,22139275,1200000,1150000.5,100000,100000,1050,100 kb
scaffold_8,1200001,46,Chr8,22139275,1300000,1250000.5,100000,100000,460,100 kb
scaffold_8,1300001,86,Chr8,22139275,1400000,1350000.5,100000,100000,860,100 kb
scaffold_8,1400001,30,Chr8,22139275,1500000,1450000.5,100000,100000,300,100 kb
scaffold_8,1500001,64,Chr8,22139275,1600000,1550000.5,100000,100000,640,100 kb
scaffold_8,1600001,53,Chr8,22139275,1700000,1650000.5,100000,100000,530,100 kb
scaffold_8,1700001,60,Chr8,22139275,1800000,1750000.5,100000,100000,600,100 kb
scaffold_8,1800001,109,Chr8,22139275,1900000,1850000.5,100000,100000,1090,100 kb
scaffold_8,1900001,59,Chr8,22139275,2000000,1950000.5,100000,100000,590,100 kb
scaffold_8,2000001,37,Chr8,22139275,2100000,2050000.5,100000,100000,370,100 kb
scaffold_8,2100001,31,Chr8,22139275,2200000,2150000.5,100000,100000,310,100 kb
scaffold_8,2200001,85,Chr8,22139275,2300000,2250000.5,100000,100000,850,100 kb
scaffold_8,2300001,72,Chr8,22139275,2400000,2350000.5,100000,100000,720,100 kb
scaffold_8,2400001,27,Chr8,22139275,2500000,2450000.5,100000,100000,270,100 kb
scaffold_8,2500001,38,Chr8,22139275,2600000,2550000.5,100000,100000,380,100 kb
scaffold_8,2600001,54,Chr8,22139275,2700000,2650000.5,100000,100000,540,100 kb
scaffold_8,2700001,75,Chr8,22139275,2800000,2750000.5,100000,100000,750,100 kb
scaffold_8,2800001,22,Chr8,22139275,2900000,2850000.5,100000,100000,220,100 kb
scaffold_8,2900001,86,Chr8,22139275,3000000,2950000.5,100000,100000,860,100 kb
scaffold_8,3000001,69,Chr8,22139275,3100000,3050000.5,100000,100000,690,100 kb
scaffold_8,3100001,44,Chr8,22139275,3200000,3150000.5,100000,100000,440,100 kb
scaffold_8,3200001,53,Chr8,22139275,3300000,3250000.5,100000,100000,530,100 kb
scaffold_8,3300001,9,Chr8,22139275,3400000,3350000.5,100000,100000,90,100 kb
scaffold_8,3400001,15,Chr8,22139275,3500000,3450000.5,100000,100000,150,100 kb
scaffold_8,3500001,26,Chr8,22139275,3600000,3550000.5,100000,100000,260,100 kb
scaffold_8,3600001,14,Chr8,22139275,3700000,3650000.5,100000,100000,140,100 kb
scaffold_8,3700001,27,Chr8,22139275,3800000,3750000.5,100000,100000,270,100 kb
scaffold_8,3800001,37,Chr8,22139275,3900000,3850000.5,100000,100000,370,100 kb
scaffold_8,3900001,40,Chr8,22139275,4000000,3950000.5,100000,100000,400,100 kb
scaffold_8,4000001,41,Chr8,22139275,4100000,4050000.5,100000,100000,410,100 kb
scaffold_8,4100001,53,Chr8,22139275,4200000,4150000.5,100000,100000,530,100 kb
scaffold_8,4200001,62,Chr8,22139275,4300000,4250000.5,100000,100000,620,100 kb
scaffold_8,4300001,25,Chr8,22139275,4400000,4350000.5,100000,100000,250,100 kb
scaffold_8,4400001,51,Chr8,22139275,4500000,4450000.5,100000,100000,510,100 kb
scaffold_8,4500001,49,Chr8,22139275,4600000,4550000.5,100000,100000,490,100 kb
scaffold_8,4600001,59,Chr8,22139275,4700000,4650000.5,100000,100000,590,100 kb
scaffold_8,4700001,66,Chr8,22139275,4800000,4750000.5,100000,100000,660,100 kb
scaffold_8,4800001,102,Chr8,22139275,4900000,4850000.5,100000,100000,1020,100 kb
scaffold_8,4900001,42,Chr8,22139275,5000000,4950000.5,100000,100000,420,100 kb
scaffold_8,5000001,85,Chr8,22139275,5100000,5050000.5,100000,100000,850,100 kb
scaffold_8,5100001,50,Chr8,22139275,5200000,5150000.5,100000,100000,500,100 kb
scaffold_8,5200001,89,Chr8,22139275,5300000,5250000.5,100000,100000,890,100 kb
scaffold_8,5300001,71,Chr8,22139275,5400000,5350000.5,100000,100000,710,100 kb
scaffold_8,5400001,100,Chr8,22139275,5500000,5450000.5,100000,100000,1000,100 kb
scaffold_8,5500001,65,Chr8,22139275,5600000,5550000.5,100000,100000,650,100 kb
scaffold_8,5600001,41,Chr8,22139275,5700000,5650000.5,100000,100000,410,100 kb
scaffold_8,5700001,44,Chr8,22139275,5800000,5750000.5,100000,100000,440,100 kb
scaffold_8,5800001,52,Chr8,22139275,5900000,5850000.5,100000,100000,520,100 kb
scaffold_8,5900001,53,Chr8,22139275,6000000,5950000.5,100000,100000,530,100 kb
scaffold_8,6000001,91,Chr8,22139275,6100000,6050000.5,100000,100000,910,100 kb
scaffold_8,6100001,62,Chr8,22139275,6200000,6150000.5,100000,100000,620,100 kb
scaffold_8,6200001,118,Chr8,22139275,6300000,6250000.5,100000,100000,1180,100 kb
scaffold_8,6300001,69,Chr8,22139275,6400000,6350000.5,100000,100000,690,100 kb
scaffold_8,6400001,64,Chr8,22139275,6500000,6450000.5,100000,100000,640,100 kb
scaffold_8,6500001,41,Chr8,22139275,6600000,6550000.5,100000,100000,410,100 kb
scaffold_8,6600001,111,Chr8,22139275,6700000,6650000.5,100000,100000,1110,100 kb
scaffold_8,6700001,41,Chr8,22139275,6800000,6750000.5,100000,100000,410,100 kb
scaffold_8,6800001,71,Chr8,22139275,6900000,6850000.5,100000,100000,710,100 kb
scaffold_8,6900001,56,Chr8,22139275,7000000,6950000.5,100000,100000,560,100 kb
scaffold_8,7000001,44,Chr8,22139275,7100000,7050000.5,100000,100000,440,100 kb
scaffold_8,7100001,61,Chr8,22139275,7200000,7150000.5,100000,100000,610,100 kb
scaffold_8,7200001,118,Chr8,22139275,7300000,7250000.5,100000,100000,1180,100 kb
scaffold_8,7300001,110,Chr8,22139275,7400000,7350000.5,100000,100000,1100,100 kb
scaffold_8,7400001,64,Chr8,22139275,7500000,7450000.5,100000,100000,640,100 kb
scaffold_8,7500001,78,Chr8,22139275,7600000,7550000.5,100000,100000,780,100 kb
scaffold_8,7600001,73,Chr8,22139275,7700000,7650000.5,100000,100000,730,100 kb
scaffold_8,7700001,66,Chr8,22139275,7800000,7750000.5,100000,100000,660,100 kb
scaffold_8,7800001,80,Chr8,22139275,7900000,7850000.5,100000,100000,800,100 kb
scaffold_8,7900001,67,Chr8,22139275,8000000,7950000.5,100000,100000,670,100 kb
scaffold_8,8000001,87,Chr8,22139275,8100000,8050000.5,100000,100000,870,100 kb
scaffold_8,8100001,80,Chr8,22139275,8200000,8150000.5,100000,100000,800,100 kb
scaffold_8,8200001,160,Chr8,22139275,8300000,8250000.5,100000,100000,1600,100 kb
scaffold_8,8300001,77,Chr8,22139275,8400000,8350000.5,100000,100000,770,100 kb
scaffold_8,8400001,101,Chr8,22139275,8500000,8450000.5,100000,100000,1010,100 kb
scaffold_8,8500001,67,Chr8,22139275,8600000,8550000.5,100000,100000,670,100 kb
scaffold_8,8600001,123,Chr8,22139275,8700000,8650000.5,100000,100000,1230,100 kb
scaffold_8,8700001,39,Chr8,22139275,8800000,8750000.5,100000,100000,390,100 kb
scaffold_8,8800001,49,Chr8,22139275,8900000,8850000.5,100000,100000,490,100 kb
scaffold_8,8900001,52,Chr8,22139275,9000000,8950000.5,100000,100000,520,100 kb
scaffold_8,9000001,68,Chr8,22139275,9100000,9050000.5,100000,100000,680,100 kb
scaffold_8,9100001,79,Chr8,22139275,9200000,9150000.5,100000,100000,790,100 kb
scaffold_8,9200001,53,Chr8,22139275,9300000,9250000.5,100000,100000,530,100 kb
scaffold_8,9300001,31,Chr8,22139275,9400000,9350000.5,100000,100000,310,100 kb
scaffold_8,9400001,67,Chr8,22139275,9500000,9450000.5,100000,100000,670,100 kb
scaffold_8,9500001,77,Chr8,22139275,9600000,9550000.5,100000,100000,770,100 kb
scaffold_8,9600001,42,Chr8,22139275,9700000,9650000.5,100000,100000,420,100 kb
scaffold_8,9700001,26,Chr8,22139275,9800000,9750000.5,100000,100000,260,100 kb
scaffold_8,9800001,66,Chr8,22139275,9900000,9850000.5,100000,100000,660,100 kb
scaffold_8,9900001,84,Chr8,22139275,10000000,9950000.5,100000,100000,840,100 kb
scaffold_8,10000001,56,Chr8,22139275,10100000,10050000.5,100000,100000,560,100 kb
scaffold_8,10100001,33,Chr8,22139275,10200000,10150000.5,100000,100000,330,100 kb
scaffold_8,10200001,66,Chr8,22139275,10300000,10250000.5,100000,100000,660,100 kb
scaffold_8,10300001,63,Chr8,22139275,10400000,10350000.5,100000,100000,630,100 kb
scaffold_8,10400001,104,Chr8,22139275,10500000,10450000.5,100000,100000,1040,100 kb
scaffold_8,10500001,38,Chr8,22139275,10600000,10550000.5,100000,100000,380,100 kb
scaffold_8,10600001,100,Chr8,22139275,10700000,10650000.5,100000,100000,1000,100 kb
scaffold_8,10700001,62,Chr8,22139275,10800000,10750000.5,100000,100000,620,100 kb
scaffold_8,10800001,55,Chr8,22139275,10900000,10850000.5,100000,100000,550,100 kb
scaffold_8,10900001,23,Chr8,22139275,11000000,10950000.5,100000,100000,230,100 kb
scaffold_8,11000001,56,Chr8,22139275,11100000,11050000.5,100000,100000,560,100 kb
scaffold_8,11100001,37,Chr8,22139275,11200000,11150000.5,100000,100000,370,100 kb
scaffold_8,11200001,95,Chr8,22139275,11300000,11250000.5,100000,100000,950,100 kb
scaffold_8,11300001,53,Chr8,22139275,11400000,11350000.5,100000,100000,530,100 kb
scaffold_8,11400001,76,Chr8,22139275,11500000,11450000.5,100000,100000,760,100 kb
scaffold_8,11500001,89,Chr8,22139275,11600000,11550000.5,100000,100000,890,100 kb
scaffold_8,11600001,124,Chr8,22139275,11700000,11650000.5,100000,100000,1240,100 kb
scaffold_8,11700001,126,Chr8,22139275,11800000,11750000.5,100000,100000,1260,100 kb
scaffold_8,11800001,65,Chr8,22139275,11900000,11850000.5,100000,100000,650,100 kb
scaffold_8,11900001,33,Chr8,22139275,12000000,11950000.5,100000,100000,330,100 kb
scaffold_8,12000001,59,Chr8,22139275,12100000,12050000.5,100000,100000,590,100 kb
scaffold_8,12100001,34,Chr8,22139275,12200000,12150000.5,100000,100000,340,100 kb
scaffold_8,12200001,46,Chr8,22139275,12300000,12250000.5,100000,100000,460,100 kb
scaffold_8,12300001,132,Chr8,22139275,12400000,12350000.5,100000,100000,1320,100 kb
scaffold_8,12400001,69,Chr8,22139275,12500000,12450000.5,100000,100000,690,100 kb
scaffold_8,12500001,51,Chr8,22139275,12600000,12550000.5,100000,100000,510,100 kb
scaffold_8,12600001,100,Chr8,22139275,12700000,12650000.5,100000,100000,1000,100 kb
scaffold_8,12700001,86,Chr8,22139275,12800000,12750000.5,100000,100000,860,100 kb
scaffold_8,12800001,61,Chr8,22139275,12900000,12850000.5,100000,100000,610,100 kb
scaffold_8,12900001,52,Chr8,22139275,13000000,12950000.5,100000,100000,520,100 kb
scaffold_8,13000001,69,Chr8,22139275,13100000,13050000.5,100000,100000,690,100 kb
scaffold_8,13100001,117,Chr8,22139275,13200000,13150000.5,100000,100000,1170,100 kb
scaffold_8,13200001,74,Chr8,22139275,13300000,13250000.5,100000,100000,740,100 kb
scaffold_8,13300001,91,Chr8,22139275,13400000,13350000.5,100000,100000,910,100 kb
scaffold_8,13400001,73,Chr8,22139275,13500000,13450000.5,100000,100000,730,100 kb
scaffold_8,13500001,66,Chr8,22139275,13600000,13550000.5,100000,100000,660,100 kb
scaffold_8,13600001,71,Chr8,22139275,13700000,13650000.5,100000,100000,710,100 kb
scaffold_8,13700001,83,Chr8,22139275,13800000,13750000.5,100000,100000,830,100 kb
scaffold_8,13800001,129,Chr8,22139275,13900000,13850000.5,100000,100000,1290,100 kb
scaffold_8,13900001,107,Chr8,22139275,14000000,13950000.5,100000,100000,1070,100 kb
scaffold_8,14000001,90,Chr8,22139275,14100000,14050000.5,100000,100000,900,100 kb
scaffold_8,14100001,100,Chr8,22139275,14200000,14150000.5,100000,100000,1000,100 kb
scaffold_8,14200001,37,Chr8,22139275,14300000,14250000.5,100000,100000,370,100 kb
scaffold_8,14300001,139,Chr8,22139275,14400000,14350000.5,100000,100000,1390,100 kb
scaffold_8,14400001,53,Chr8,22139275,14500000,14450000.5,100000,100000,530,100 kb
scaffold_8,14500001,61,Chr8,22139275,14600000,14550000.5,100000,100000,610,100 kb
scaffold_8,14600001,43,Chr8,22139275,14700000,14650000.5,100000,100000,430,100 kb
scaffold_8,14700001,143,Chr8,22139275,14800000,14750000.5,100000,100000,1430,100 kb
scaffold_8,14800001,86,Chr8,22139275,14900000,14850000.5,100000,100000,860,100 kb
scaffold_8,14900001,74,Chr8,22139275,15000000,14950000.5,100000,100000,740,100 kb
scaffold_8,15000001,114,Chr8,22139275,15100000,15050000.5,100000,100000,1140,100 kb
scaffold_8,15100001,122,Chr8,22139275,15200000,15150000.5,100000,100000,1220,100 kb
scaffold_8,15200001,94,Chr8,22139275,15300000,15250000.5,100000,100000,940,100 kb
scaffold_8,15300001,4,Chr8,22139275,15400000,15350000.5,100000,100000,40,100 kb
scaffold_8,15400001,46,Chr8,22139275,15500000,15450000.5,100000,100000,460,100 kb
scaffold_8,15500001,141,Chr8,22139275,15600000,15550000.5,100000,100000,1410,100 kb
scaffold_8,15600001,67,Chr8,22139275,15700000,15650000.5,100000,100000,670,100 kb
scaffold_8,15700001,135,Chr8,22139275,15800000,15750000.5,100000,100000,1350,100 kb
scaffold_8,15800001,34,Chr8,22139275,15900000,15850000.5,100000,100000,340,100 kb
scaffold_8,15900001,109,Chr8,22139275,16000000,15950000.5,100000,100000,1090,100 kb
scaffold_8,16000001,73,Chr8,22139275,16100000,16050000.5,100000,100000,730,100 kb
scaffold_8,16100001,98,Chr8,22139275,16200000,16150000.5,100000,100000,980,100 kb
scaffold_8,16200001,68,Chr8,22139275,16300000,16250000.5,100000,100000,680,100 kb
scaffold_8,16300001,81,Chr8,22139275,16400000,16350000.5,100000,100000,810,100 kb
scaffold_8,16400001,95,Chr8,22139275,16500000,16450000.5,100000,100000,950,100 kb
scaffold_8,16500001,121,Chr8,22139275,16600000,16550000.5,100000,100000,1210,100 kb
scaffold_8,16600001,149,Chr8,22139275,16700000,16650000.5,100000,100000,1490,100 kb
scaffold_8,16700001,56,Chr8,22139275,16800000,16750000.5,100000,100000,560,100 kb
scaffold_8,16800001,92,Chr8,22139275,16900000,16850000.5,100000,100000,920,100 kb
scaffold_8,16900001,83,Chr8,22139275,17000000,16950000.5,100000,100000,830,100 kb
scaffold_8,17000001,101,Chr8,22139275,17100000,17050000.5,100000,100000,1010,100 kb
scaffold_8,17100001,150,Chr8,22139275,17200000,17150000.5,100000,100000,1500,100 kb
scaffold_8,17200001,126,Chr8,22139275,17300000,17250000.5,100000,100000,1260,100 kb
scaffold_8,17300001,167,Chr8,22139275,17400000,17350000.5,100000,100000,1670,100 kb
scaffold_8,17400001,58,Chr8,22139275,17500000,17450000.5,100000,100000,580,100 kb
scaffold_8,17500001,109,Chr8,22139275,17600000,17550000.5,100000,100000,1090,100 kb
scaffold_8,17600001,88,Chr8,22139275,17700000,17650000.5,100000,100000,880,100 kb
scaffold_8,17700001,207,Chr8,22139275,17800000,17750000.5,100000,100000,2070,100 kb
scaffold_8,17800001,176,Chr8,22139275,17900000,17850000.5,100000,100000,1760,100 kb
scaffold_8,17900001,145,Chr8,22139275,18000000,17950000.5,100000,100000,1450,100 kb
scaffold_8,18000001,102,Chr8,22139275,18100000,18050000.5,100000,100000,1020,100 kb
scaffold_8,18100001,119,Chr8,22139275,18200000,18150000.5,100000,100000,1190,100 kb
scaffold_8,18200001,2,Chr8,22139275,18300000,18250000.5,100000,100000,20,100 kb
scaffold_8,18300001,65,Chr8,22139275,18400000,18350000.5,100000,100000,650,100 kb
scaffold_8,18400001,99,Chr8,22139275,18500000,18450000.5,100000,100000,990,100 kb
scaffold_8,18600001,125,Chr8,22139275,18700000,18650000.5,100000,100000,1250,100 kb
scaffold_8,18700001,167,Chr8,22139275,18800000,18750000.5,100000,100000,1670,100 kb
scaffold_8,18800001,157,Chr8,22139275,18900000,18850000.5,100000,100000,1570,100 kb
scaffold_8,18900001,136,Chr8,22139275,19000000,18950000.5,100000,100000,1360,100 kb
scaffold_8,19000001,136,Chr8,22139275,19100000,19050000.5,100000,100000,1360,100 kb
scaffold_8,19100001,106,Chr8,22139275,19200000,19150000.5,100000,100000,1060,100 kb
scaffold_8,19200001,144,Chr8,22139275,19300000,19250000.5,100000,100000,1440,100 kb
scaffold_8,19300001,92,Chr8,22139275,19400000,19350000.5,100000,100000,920,100 kb
scaffold_8,19400001,72,Chr8,22139275,19500000,19450000.5,100000,100000,720,100 kb
scaffold_8,19500001,149,Chr8,22139275,19600000,19550000.5,100000,100000,1490,100 kb
scaffold_8,19600001,177,Chr8,22139275,19700000,19650000.5,100000,100000,1770,100 kb
scaffold_8,19700001,112,Chr8,22139275,19800000,19750000.5,100000,100000,1120,100 kb
scaffold_8,19800001,91,Chr8,22139275,19900000,19850000.5,100000,100000,910,100 kb
scaffold_8,19900001,62,Chr8,22139275,20000000,19950000.5,100000,100000,620,100 kb
scaffold_8,20000001,132,Chr8,22139275,20100000,20050000.5,100000,100000,1320,100 kb
scaffold_8,20100001,49,Chr8,22139275,20200000,20150000.5,100000,100000,490,100 kb
scaffold_8,20200001,49,Chr8,22139275,20300000,20250000.5,100000,100000,490,100 kb
scaffold_8,20300001,82,Chr8,22139275,20400000,20350000.5,100000,100000,820,100 kb
scaffold_8,20400001,132,Chr8,22139275,20500000,20450000.5,100000,100000,1320,100 kb
scaffold_8,20500001,130,Chr8,22139275,20600000,20550000.5,100000,100000,1300,100 kb
scaffold_8,20600001,105,Chr8,22139275,20700000,20650000.5,100000,100000,1050,100 kb
scaffold_8,20700001,57,Chr8,22139275,20800000,20750000.5,100000,100000,570,100 kb
scaffold_8,20800001,93,Chr8,22139275,20900000,20850000.5,100000,100000,930,100 kb
scaffold_8,20900001,55,Chr8,22139275,21000000,20950000.5,100000,100000,550,100 kb
scaffold_8,21000001,115,Chr8,22139275,21100000,21050000.5,100000,100000,1150,100 kb
scaffold_8,21100001,115,Chr8,22139275,21200000,21150000.5,100000,100000,1150,100 kb
scaffold_8,21200001,106,Chr8,22139275,21300000,21250000.5,100000,100000,1060,100 kb
scaffold_8,21300001,68,Chr8,22139275,21400000,21350000.5,100000,100000,680,100 kb
scaffold_8,21400001,86,Chr8,22139275,21500000,21450000.5,100000,100000,860,100 kb
scaffold_8,21500001,124,Chr8,22139275,21600000,21550000.5,100000,100000,1240,100 kb
scaffold_8,21600001,108,Chr8,22139275,21700000,21650000.5,100000,100000,1080,100 kb
scaffold_8,21700001,65,Chr8,22139275,21800000,21750000.5,100000,100000,650,100 kb
scaffold_8,21800001,84,Chr8,22139275,21900000,21850000.5,100000,100000,840,100 kb
scaffold_8,21900001,91,Chr8,22139275,22000000,21950000.5,100000,100000,910,100 kb
scaffold_8,22000001,77,Chr8,22139275,22100000,22050000.5,100000,100000,770,100 kb
scaffold_8,22100001,11,Chr8,22139275,22139275,22119638,39275,100000,280.0763844684914,100 kb
scaffold_9,1,6,Chr9,21681353,100000,50000.5,100000,100000,60,100 kb
scaffold_9,100001,87,Chr9,21681353,200000,150000.5,100000,100000,870,100 kb
scaffold_9,200001,70,Chr9,21681353,300000,250000.5,100000,100000,700,100 kb
scaffold_9,300001,137,Chr9,21681353,400000,350000.5,100000,100000,1370,100 kb
scaffold_9,400001,101,Chr9,21681353,500000,450000.5,100000,100000,1010,100 kb
scaffold_9,500001,108,Chr9,21681353,600000,550000.5,100000,100000,1080,100 kb
scaffold_9,600001,83,Chr9,21681353,700000,650000.5,100000,100000,830,100 kb
scaffold_9,700001,105,Chr9,21681353,800000,750000.5,100000,100000,1050,100 kb
scaffold_9,800001,110,Chr9,21681353,900000,850000.5,100000,100000,1100,100 kb
scaffold_9,900001,75,Chr9,21681353,1000000,950000.5,100000,100000,750,100 kb
scaffold_9,1000001,69,Chr9,21681353,1100000,1050000.5,100000,100000,690,100 kb
scaffold_9,1100001,32,Chr9,21681353,1200000,1150000.5,100000,100000,320,100 kb
scaffold_9,1200001,53,Chr9,21681353,1300000,1250000.5,100000,100000,530,100 kb
scaffold_9,1300001,129,Chr9,21681353,1400000,1350000.5,100000,100000,1290,100 kb
scaffold_9,1400001,109,Chr9,21681353,1500000,1450000.5,100000,100000,1090,100 kb
scaffold_9,1500001,83,Chr9,21681353,1600000,1550000.5,100000,100000,830,100 kb
scaffold_9,1600001,18,Chr9,21681353,1700000,1650000.5,100000,100000,180,100 kb
scaffold_9,1700001,116,Chr9,21681353,1800000,1750000.5,100000,100000,1160,100 kb
scaffold_9,1800001,74,Chr9,21681353,1900000,1850000.5,100000,100000,740,100 kb
scaffold_9,1900001,80,Chr9,21681353,2000000,1950000.5,100000,100000,800,100 kb
scaffold_9,2000001,126,Chr9,21681353,2100000,2050000.5,100000,100000,1260,100 kb
scaffold_9,2100001,125,Chr9,21681353,2200000,2150000.5,100000,100000,1250,100 kb
scaffold_9,2200001,205,Chr9,21681353,2300000,2250000.5,100000,100000,2050,100 kb
scaffold_9,2300001,89,Chr9,21681353,2400000,2350000.5,100000,100000,890,100 kb
scaffold_9,2400001,94,Chr9,21681353,2500000,2450000.5,100000,100000,940,100 kb
scaffold_9,2500001,139,Chr9,21681353,2600000,2550000.5,100000,100000,1390,100 kb
scaffold_9,2600001,137,Chr9,21681353,2700000,2650000.5,100000,100000,1370,100 kb
scaffold_9,2700001,87,Chr9,21681353,2800000,2750000.5,100000,100000,870,100 kb
scaffold_9,2800001,63,Chr9,21681353,2900000,2850000.5,100000,100000,630,100 kb
scaffold_9,2900001,52,Chr9,21681353,3000000,2950000.5,100000,100000,520,100 kb
scaffold_9,3000001,119,Chr9,21681353,3100000,3050000.5,100000,100000,1190,100 kb
scaffold_9,3100001,119,Chr9,21681353,3200000,3150000.5,100000,100000,1190,100 kb
scaffold_9,3200001,81,Chr9,21681353,3300000,3250000.5,100000,100000,810,100 kb
scaffold_9,3300001,106,Chr9,21681353,3400000,3350000.5,100000,100000,1060,100 kb
scaffold_9,3400001,117,Chr9,21681353,3500000,3450000.5,100000,100000,1170,100 kb
scaffold_9,3500001,111,Chr9,21681353,3600000,3550000.5,100000,100000,1110,100 kb
scaffold_9,3600001,70,Chr9,21681353,3700000,3650000.5,100000,100000,700,100 kb
scaffold_9,3700001,121,Chr9,21681353,3800000,3750000.5,100000,100000,1210,100 kb
scaffold_9,3800001,73,Chr9,21681353,3900000,3850000.5,100000,100000,730,100 kb
scaffold_9,3900001,88,Chr9,21681353,4000000,3950000.5,100000,100000,880,100 kb
scaffold_9,4000001,50,Chr9,21681353,4100000,4050000.5,100000,100000,500,100 kb
scaffold_9,4100001,89,Chr9,21681353,4200000,4150000.5,100000,100000,890,100 kb
scaffold_9,4200001,156,Chr9,21681353,4300000,4250000.5,100000,100000,1560,100 kb
scaffold_9,4300001,57,Chr9,21681353,4400000,4350000.5,100000,100000,570,100 kb
scaffold_9,4400001,95,Chr9,21681353,4500000,4450000.5,100000,100000,950,100 kb
scaffold_9,4500001,119,Chr9,21681353,4600000,4550000.5,100000,100000,1190,100 kb
scaffold_9,4600001,50,Chr9,21681353,4700000,4650000.5,100000,100000,500,100 kb
scaffold_9,4700001,23,Chr9,21681353,4800000,4750000.5,100000,100000,230,100 kb
scaffold_9,4800001,17,Chr9,21681353,4900000,4850000.5,100000,100000,170,100 kb
scaffold_9,4900001,10,Chr9,21681353,5000000,4950000.5,100000,100000,100,100 kb
scaffold_9,5000001,38,Chr9,21681353,5100000,5050000.5,100000,100000,380,100 kb
scaffold_9,5100001,9,Chr9,21681353,5200000,5150000.5,100000,100000,90,100 kb
scaffold_9,5200001,5,Chr9,21681353,5300000,5250000.5,100000,100000,50,100 kb
scaffold_9,5300001,14,Chr9,21681353,5400000,5350000.5,100000,100000,140,100 kb
scaffold_9,5400001,11,Chr9,21681353,5500000,5450000.5,100000,100000,110,100 kb
scaffold_9,5500001,18,Chr9,21681353,5600000,5550000.5,100000,100000,180,100 kb
scaffold_9,5600001,28,Chr9,21681353,5700000,5650000.5,100000,100000,280,100 kb
scaffold_9,5700001,22,Chr9,21681353,5800000,5750000.5,100000,100000,220,100 kb
scaffold_9,5800001,51,Chr9,21681353,5900000,5850000.5,100000,100000,510,100 kb
scaffold_9,5900001,49,Chr9,21681353,6000000,5950000.5,100000,100000,490,100 kb
scaffold_9,6000001,81,Chr9,21681353,6100000,6050000.5,100000,100000,810,100 kb
scaffold_9,6100001,61,Chr9,21681353,6200000,6150000.5,100000,100000,610,100 kb
scaffold_9,6200001,57,Chr9,21681353,6300000,6250000.5,100000,100000,570,100 kb
scaffold_9,6300001,23,Chr9,21681353,6400000,6350000.5,100000,100000,230,100 kb
scaffold_9,6400001,51,Chr9,21681353,6500000,6450000.5,100000,100000,510,100 kb
scaffold_9,6500001,86,Chr9,21681353,6600000,6550000.5,100000,100000,860,100 kb
scaffold_9,6600001,66,Chr9,21681353,6700000,6650000.5,100000,100000,660,100 kb
scaffold_9,6700001,111,Chr9,21681353,6800000,6750000.5,100000,100000,1110,100 kb
scaffold_9,6800001,79,Chr9,21681353,6900000,6850000.5,100000,100000,790,100 kb
scaffold_9,6900001,54,Chr9,21681353,7000000,6950000.5,100000,100000,540,100 kb
scaffold_9,7000001,108,Chr9,21681353,7100000,7050000.5,100000,100000,1080,100 kb
scaffold_9,7100001,33,Chr9,21681353,7200000,7150000.5,100000,100000,330,100 kb
scaffold_9,7200001,70,Chr9,21681353,7300000,7250000.5,100000,100000,700,100 kb
scaffold_9,7300001,43,Chr9,21681353,7400000,7350000.5,100000,100000,430,100 kb
scaffold_9,7400001,78,Chr9,21681353,7500000,7450000.5,100000,100000,780,100 kb
scaffold_9,7500001,75,Chr9,21681353,7600000,7550000.5,100000,100000,750,100 kb
scaffold_9,7600001,71,Chr9,21681353,7700000,7650000.5,100000,100000,710,100 kb
scaffold_9,7700001,29,Chr9,21681353,7800000,7750000.5,100000,100000,290,100 kb
scaffold_9,7800001,30,Chr9,21681353,7900000,7850000.5,100000,100000,300,100 kb
scaffold_9,7900001,85,Chr9,21681353,8000000,7950000.5,100000,100000,850,100 kb
scaffold_9,8000001,53,Chr9,21681353,8100000,8050000.5,100000,100000,530,100 kb
scaffold_9,8100001,82,Chr9,21681353,8200000,8150000.5,100000,100000,820,100 kb
scaffold_9,8200001,60,Chr9,21681353,8300000,8250000.5,100000,100000,600,100 kb
scaffold_9,8300001,57,Chr9,21681353,8400000,8350000.5,100000,100000,570,100 kb
scaffold_9,8400001,38,Chr9,21681353,8500000,8450000.5,100000,100000,380,100 kb
scaffold_9,8500001,59,Chr9,21681353,8600000,8550000.5,100000,100000,590,100 kb
scaffold_9,8600001,67,Chr9,21681353,8700000,8650000.5,100000,100000,670,100 kb
scaffold_9,8700001,77,Chr9,21681353,8800000,8750000.5,100000,100000,770,100 kb
scaffold_9,8800001,128,Chr9,21681353,8900000,8850000.5,100000,100000,1280,100 kb
scaffold_9,8900001,70,Chr9,21681353,9000000,8950000.5,100000,100000,700,100 kb
scaffold_9,9000001,20,Chr9,21681353,9100000,9050000.5,100000,100000,200,100 kb
scaffold_9,9100001,57,Chr9,21681353,9200000,9150000.5,100000,100000,570,100 kb
scaffold_9,9200001,21,Chr9,21681353,9300000,9250000.5,100000,100000,210,100 kb
scaffold_9,9300001,72,Chr9,21681353,9400000,9350000.5,100000,100000,720,100 kb
scaffold_9,9400001,19,Chr9,21681353,9500000,9450000.5,100000,100000,190,100 kb
scaffold_9,9500001,17,Chr9,21681353,9600000,9550000.5,100000,100000,170,100 kb
scaffold_9,9600001,90,Chr9,21681353,9700000,9650000.5,100000,100000,900,100 kb
scaffold_9,9700001,20,Chr9,21681353,9800000,9750000.5,100000,100000,200,100 kb
scaffold_9,9800001,53,Chr9,21681353,9900000,9850000.5,100000,100000,530,100 kb
scaffold_9,9900001,63,Chr9,21681353,10000000,9950000.5,100000,100000,630,100 kb
scaffold_9,10000001,68,Chr9,21681353,10100000,10050000.5,100000,100000,680,100 kb
scaffold_9,10100001,113,Chr9,21681353,10200000,10150000.5,100000,100000,1130,100 kb
scaffold_9,10200001,75,Chr9,21681353,10300000,10250000.5,100000,100000,750,100 kb
scaffold_9,10300001,53,Chr9,21681353,10400000,10350000.5,100000,100000,530,100 kb
scaffold_9,10400001,81,Chr9,21681353,10500000,10450000.5,100000,100000,810,100 kb
scaffold_9,10500001,78,Chr9,21681353,10600000,10550000.5,100000,100000,780,100 kb
scaffold_9,10600001,34,Chr9,21681353,10700000,10650000.5,100000,100000,340,100 kb
scaffold_9,10700001,30,Chr9,21681353,10800000,10750000.5,100000,100000,300,100 kb
scaffold_9,10800001,68,Chr9,21681353,10900000,10850000.5,100000,100000,680,100 kb
scaffold_9,10900001,43,Chr9,21681353,11000000,10950000.5,100000,100000,430,100 kb
scaffold_9,11000001,58,Chr9,21681353,11100000,11050000.5,100000,100000,580,100 kb
scaffold_9,11100001,58,Chr9,21681353,11200000,11150000.5,100000,100000,580,100 kb
scaffold_9,11200001,69,Chr9,21681353,11300000,11250000.5,100000,100000,690,100 kb
scaffold_9,11300001,39,Chr9,21681353,11400000,11350000.5,100000,100000,390,100 kb
scaffold_9,11400001,58,Chr9,21681353,11500000,11450000.5,100000,100000,580,100 kb
scaffold_9,11500001,48,Chr9,21681353,11600000,11550000.5,100000,100000,480,100 kb
scaffold_9,11600001,35,Chr9,21681353,11700000,11650000.5,100000,100000,350,100 kb
scaffold_9,11700001,23,Chr9,21681353,11800000,11750000.5,100000,100000,230,100 kb
scaffold_9,11800001,35,Chr9,21681353,11900000,11850000.5,100000,100000,350,100 kb
scaffold_9,11900001,72,Chr9,21681353,12000000,11950000.5,100000,100000,720,100 kb
scaffold_9,12000001,36,Chr9,21681353,12100000,12050000.5,100000,100000,360,100 kb
scaffold_9,12100001,96,Chr9,21681353,12200000,12150000.5,100000,100000,960,100 kb
scaffold_9,12200001,78,Chr9,21681353,12300000,12250000.5,100000,100000,780,100 kb
scaffold_9,12300001,56,Chr9,21681353,12400000,12350000.5,100000,100000,560,100 kb
scaffold_9,12400001,85,Chr9,21681353,12500000,12450000.5,100000,100000,850,100 kb
scaffold_9,12500001,67,Chr9,21681353,12600000,12550000.5,100000,100000,670,100 kb
scaffold_9,12600001,48,Chr9,21681353,12700000,12650000.5,100000,100000,480,100 kb
scaffold_9,12700001,45,Chr9,21681353,12800000,12750000.5,100000,100000,450,100 kb
scaffold_9,12800001,50,Chr9,21681353,12900000,12850000.5,100000,100000,500,100 kb
scaffold_9,12900001,25,Chr9,21681353,13000000,12950000.5,100000,100000,250,100 kb
scaffold_9,13000001,117,Chr9,21681353,13100000,13050000.5,100000,100000,1170,100 kb
scaffold_9,13100001,126,Chr9,21681353,13200000,13150000.5,100000,100000,1260,100 kb
scaffold_9,13200001,94,Chr9,21681353,13300000,13250000.5,100000,100000,940,100 kb
scaffold_9,13300001,67,Chr9,21681353,13400000,13350000.5,100000,100000,670,100 kb
scaffold_9,13400001,54,Chr9,21681353,13500000,13450000.5,100000,100000,540,100 kb
scaffold_9,13500001,13,Chr9,21681353,13600000,13550000.5,100000,100000,130,100 kb
scaffold_9,13600001,43,Chr9,21681353,13700000,13650000.5,100000,100000,430,100 kb
scaffold_9,13700001,57,Chr9,21681353,13800000,13750000.5,100000,100000,570,100 kb
scaffold_9,13800001,125,Chr9,21681353,13900000,13850000.5,100000,100000,1250,100 kb
scaffold_9,13900001,104,Chr9,21681353,14000000,13950000.5,100000,100000,1040,100 kb
scaffold_9,14000001,22,Chr9,21681353,14100000,14050000.5,100000,100000,220,100 kb
scaffold_9,14100001,51,Chr9,21681353,14200000,14150000.5,100000,100000,510,100 kb
scaffold_9,14200001,78,Chr9,21681353,14300000,14250000.5,100000,100000,780,100 kb
scaffold_9,14300001,110,Chr9,21681353,14400000,14350000.5,100000,100000,1100,100 kb
scaffold_9,14400001,60,Chr9,21681353,14500000,14450000.5,100000,100000,600,100 kb
scaffold_9,14500001,44,Chr9,21681353,14600000,14550000.5,100000,100000,440,100 kb
scaffold_9,14600001,49,Chr9,21681353,14700000,14650000.5,100000,100000,490,100 kb
scaffold_9,14700001,30,Chr9,21681353,14800000,14750000.5,100000,100000,300,100 kb
scaffold_9,14800001,5,Chr9,21681353,14900000,14850000.5,100000,100000,50,100 kb
scaffold_9,14900001,52,Chr9,21681353,15000000,14950000.5,100000,100000,520,100 kb
scaffold_9,15000001,50,Chr9,21681353,15100000,15050000.5,100000,100000,500,100 kb
scaffold_9,15100001,90,Chr9,21681353,15200000,15150000.5,100000,100000,900,100 kb
scaffold_9,15200001,53,Chr9,21681353,15300000,15250000.5,100000,100000,530,100 kb
scaffold_9,15300001,28,Chr9,21681353,15400000,15350000.5,100000,100000,280,100 kb
scaffold_9,15500001,51,Chr9,21681353,15600000,15550000.5,100000,100000,510,100 kb
scaffold_9,15600001,102,Chr9,21681353,15700000,15650000.5,100000,100000,1020,100 kb
scaffold_9,15700001,102,Chr9,21681353,15800000,15750000.5,100000,100000,1020,100 kb
scaffold_9,15800001,83,Chr9,21681353,15900000,15850000.5,100000,100000,830,100 kb
scaffold_9,15900001,43,Chr9,21681353,16000000,15950000.5,100000,100000,430,100 kb
scaffold_9,16000001,36,Chr9,21681353,16100000,16050000.5,100000,100000,360,100 kb
scaffold_9,16100001,43,Chr9,21681353,16200000,16150000.5,100000,100000,430,100 kb
scaffold_9,16200001,32,Chr9,21681353,16300000,16250000.5,100000,100000,320,100 kb
scaffold_9,16300001,89,Chr9,21681353,16400000,16350000.5,100000,100000,890,100 kb
scaffold_9,16400001,71,Chr9,21681353,16500000,16450000.5,100000,100000,710,100 kb
scaffold_9,16500001,116,Chr9,21681353,16600000,16550000.5,100000,100000,1160,100 kb
scaffold_9,16600001,149,Chr9,21681353,16700000,16650000.5,100000,100000,1490,100 kb
scaffold_9,16700001,98,Chr9,21681353,16800000,16750000.5,100000,100000,980,100 kb
scaffold_9,16800001,164,Chr9,21681353,16900000,16850000.5,100000,100000,1640,100 kb
scaffold_9,16900001,84,Chr9,21681353,17000000,16950000.5,100000,100000,840,100 kb
scaffold_9,17000001,37,Chr9,21681353,17100000,17050000.5,100000,100000,370,100 kb
scaffold_9,17100001,127,Chr9,21681353,17200000,17150000.5,100000,100000,1270,100 kb
scaffold_9,17200001,101,Chr9,21681353,17300000,17250000.5,100000,100000,1010,100 kb
scaffold_9,17300001,66,Chr9,21681353,17400000,17350000.5,100000,100000,660,100 kb
scaffold_9,17400001,85,Chr9,21681353,17500000,17450000.5,100000,100000,850,100 kb
scaffold_9,17500001,102,Chr9,21681353,17600000,17550000.5,100000,100000,1020,100 kb
scaffold_9,17600001,125,Chr9,21681353,17700000,17650000.5,100000,100000,1250,100 kb
scaffold_9,17700001,72,Chr9,21681353,17800000,17750000.5,100000,100000,720,100 kb
scaffold_9,17800001,77,Chr9,21681353,17900000,17850000.5,100000,100000,770,100 kb
scaffold_9,17900001,94,Chr9,21681353,18000000,17950000.5,100000,100000,940,100 kb
scaffold_9,18000001,129,Chr9,21681353,18100000,18050000.5,100000,100000,1290,100 kb
scaffold_9,18100001,69,Chr9,21681353,18200000,18150000.5,100000,100000,690,100 kb
scaffold_9,18200001,79,Chr9,21681353,18300000,18250000.5,100000,100000,790,100 kb
scaffold_9,18300001,89,Chr9,21681353,18400000,18350000.5,100000,100000,890,100 kb
scaffold_9,18400001,88,Chr9,21681353,18500000,18450000.5,100000,100000,880,100 kb
scaffold_9,18500001,64,Chr9,21681353,18600000,18550000.5,100000,100000,640,100 kb
scaffold_9,18600001,84,Chr9,21681353,18700000,18650000.5,100000,100000,840,100 kb
scaffold_9,18700001,63,Chr9,21681353,18800000,18750000.5,100000,100000,630,100 kb
scaffold_9,18800001,42,Chr9,21681353,18900000,18850000.5,100000,100000,420,100 kb
scaffold_9,18900001,81,Chr9,21681353,19000000,18950000.5,100000,100000,810,100 kb
scaffold_9,19000001,44,Chr9,21681353,19100000,19050000.5,100000,100000,440,100 kb
scaffold_9,19100001,39,Chr9,21681353,19200000,19150000.5,100000,100000,390,100 kb
scaffold_9,19200001,48,Chr9,21681353,19300000,19250000.5,100000,100000,480,100 kb
scaffold_9,19300001,90,Chr9,21681353,19400000,19350000.5,100000,100000,900,100 kb
scaffold_9,19400001,70,Chr9,21681353,19500000,19450000.5,100000,100000,700,100 kb
scaffold_9,19500001,84,Chr9,21681353,19600000,19550000.5,100000,100000,840,100 kb
scaffold_9,19600001,50,Chr9,21681353,19700000,19650000.5,100000,100000,500,100 kb
scaffold_9,19700001,58,Chr9,21681353,19800000,19750000.5,100000,100000,580,100 kb
scaffold_9,19800001,62,Chr9,21681353,19900000,19850000.5,100000,100000,620,100 kb
scaffold_9,19900001,52,Chr9,21681353,20000000,19950000.5,100000,100000,520,100 kb
scaffold_9,20000001,71,Chr9,21681353,20100000,20050000.5,100000,100000,710,100 kb
scaffold_9,20100001,41,Chr9,21681353,20200000,20150000.5,100000,100000,410,100 kb
scaffold_9,20200001,71,Chr9,21681353,20300000,20250000.5,100000,100000,710,100 kb
scaffold_9,20300001,114,Chr9,21681353,20400000,20350000.5,100000,100000,1140,100 kb
scaffold_9,20400001,56,Chr9,21681353,20500000,20450000.5,100000,100000,560,100 kb
scaffold_9,20500001,68,Chr9,21681353,20600000,20550000.5,100000,100000,680,100 kb
scaffold_9,20600001,43,Chr9,21681353,20700000,20650000.5,100000,100000,430,100 kb
scaffold_9,20700001,30,Chr9,21681353,20800000,20750000.5,100000,100000,300,100 kb
scaffold_9,20800001,78,Chr9,21681353,20900000,20850000.5,100000,100000,780,100 kb
scaffold_9,20900001,91,Chr9,21681353,21000000,20950000.5,100000,100000,910,100 kb
scaffold_9,21000001,91,Chr9,21681353,21100000,21050000.5,100000,100000,910,100 kb
scaffold_9,21100001,32,Chr9,21681353,21200000,21150000.5,100000,100000,320,100 kb
scaffold_9,21200001,83,Chr9,21681353,21300000,21250000.5,100000,100000,830,100 kb
scaffold_9,21300001,64,Chr9,21681353,21400000,21350000.5,100000,100000,640,100 kb
scaffold_9,21400001,97,Chr9,21681353,21500000,21450000.5,100000,100000,970,100 kb
scaffold_9,21500001,40,Chr9,21681353,21600000,21550000.5,100000,100000,400,100 kb
scaffold_9,21600001,1,Chr9,21681353,21681353,21640677,81353,100000,12.292109694786918,100 kb
scaffold_10,1,41,Chr10,21286786,100000,50000.5,100000,100000,410,100 kb
scaffold_10,100001,23,Chr10,21286786,200000,150000.5,100000,100000,230,100 kb
scaffold_10,200001,55,Chr10,21286786,300000,250000.5,100000,100000,550,100 kb
scaffold_10,300001,71,Chr10,21286786,400000,350000.5,100000,100000,710,100 kb
scaffold_10,400001,23,Chr10,21286786,500000,450000.5,100000,100000,230,100 kb
scaffold_10,500001,103,Chr10,21286786,600000,550000.5,100000,100000,1030,100 kb
scaffold_10,600001,23,Chr10,21286786,700000,650000.5,100000,100000,230,100 kb
scaffold_10,700001,56,Chr10,21286786,800000,750000.5,100000,100000,560,100 kb
scaffold_10,800001,63,Chr10,21286786,900000,850000.5,100000,100000,630,100 kb
scaffold_10,900001,78,Chr10,21286786,1000000,950000.5,100000,100000,780,100 kb
scaffold_10,1000001,55,Chr10,21286786,1100000,1050000.5,100000,100000,550,100 kb
scaffold_10,1100001,56,Chr10,21286786,1200000,1150000.5,100000,100000,560,100 kb
scaffold_10,1200001,46,Chr10,21286786,1300000,1250000.5,100000,100000,460,100 kb
scaffold_10,1300001,50,Chr10,21286786,1400000,1350000.5,100000,100000,500,100 kb
scaffold_10,1400001,62,Chr10,21286786,1500000,1450000.5,100000,100000,620,100 kb
scaffold_10,1500001,46,Chr10,21286786,1600000,1550000.5,100000,100000,460,100 kb
scaffold_10,1600001,83,Chr10,21286786,1700000,1650000.5,100000,100000,830,100 kb
scaffold_10,1700001,47,Chr10,21286786,1800000,1750000.5,100000,100000,470,100 kb
scaffold_10,1800001,62,Chr10,21286786,1900000,1850000.5,100000,100000,620,100 kb
scaffold_10,1900001,71,Chr10,21286786,2000000,1950000.5,100000,100000,710,100 kb
scaffold_10,2000001,45,Chr10,21286786,2100000,2050000.5,100000,100000,450,100 kb
scaffold_10,2100001,84,Chr10,21286786,2200000,2150000.5,100000,100000,840,100 kb
scaffold_10,2200001,62,Chr10,21286786,2300000,2250000.5,100000,100000,620,100 kb
scaffold_10,2300001,78,Chr10,21286786,2400000,2350000.5,100000,100000,780,100 kb
scaffold_10,2400001,62,Chr10,21286786,2500000,2450000.5,100000,100000,620,100 kb
scaffold_10,2500001,28,Chr10,21286786,2600000,2550000.5,100000,100000,280,100 kb
scaffold_10,2600001,36,Chr10,21286786,2700000,2650000.5,100000,100000,360,100 kb
scaffold_10,2700001,27,Chr10,21286786,2800000,2750000.5,100000,100000,270,100 kb
scaffold_10,2800001,4,Chr10,21286786,2900000,2850000.5,100000,100000,40,100 kb
scaffold_10,2900001,16,Chr10,21286786,3000000,2950000.5,100000,100000,160,100 kb
scaffold_10,3000001,17,Chr10,21286786,3100000,3050000.5,100000,100000,170,100 kb
scaffold_10,3100001,27,Chr10,21286786,3200000,3150000.5,100000,100000,270,100 kb
scaffold_10,3200001,45,Chr10,21286786,3300000,3250000.5,100000,100000,450,100 kb
scaffold_10,3300001,85,Chr10,21286786,3400000,3350000.5,100000,100000,850,100 kb
scaffold_10,3400001,47,Chr10,21286786,3500000,3450000.5,100000,100000,470,100 kb
scaffold_10,3500001,53,Chr10,21286786,3600000,3550000.5,100000,100000,530,100 kb
scaffold_10,3600001,31,Chr10,21286786,3700000,3650000.5,100000,100000,310,100 kb
scaffold_10,3700001,106,Chr10,21286786,3800000,3750000.5,100000,100000,1060,100 kb
scaffold_10,3800001,33,Chr10,21286786,3900000,3850000.5,100000,100000,330,100 kb
scaffold_10,3900001,51,Chr10,21286786,4000000,3950000.5,100000,100000,510,100 kb
scaffold_10,4000001,44,Chr10,21286786,4100000,4050000.5,100000,100000,440,100 kb
scaffold_10,4100001,72,Chr10,21286786,4200000,4150000.5,100000,100000,720,100 kb
scaffold_10,4200001,48,Chr10,21286786,4300000,4250000.5,100000,100000,480,100 kb
scaffold_10,4300001,63,Chr10,21286786,4400000,4350000.5,100000,100000,630,100 kb
scaffold_10,4400001,42,Chr10,21286786,4500000,4450000.5,100000,100000,420,100 kb
scaffold_10,4500001,96,Chr10,21286786,4600000,4550000.5,100000,100000,960,100 kb
scaffold_10,4600001,81,Chr10,21286786,4700000,4650000.5,100000,100000,810,100 kb
scaffold_10,4700001,82,Chr10,21286786,4800000,4750000.5,100000,100000,820,100 kb
scaffold_10,4800001,33,Chr10,21286786,4900000,4850000.5,100000,100000,330,100 kb
scaffold_10,4900001,60,Chr10,21286786,5000000,4950000.5,100000,100000,600,100 kb
scaffold_10,5000001,140,Chr10,21286786,5100000,5050000.5,100000,100000,1400,100 kb
scaffold_10,5100001,54,Chr10,21286786,5200000,5150000.5,100000,100000,540,100 kb
scaffold_10,5200001,103,Chr10,21286786,5300000,5250000.5,100000,100000,1030,100 kb
scaffold_10,5300001,81,Chr10,21286786,5400000,5350000.5,100000,100000,810,100 kb
scaffold_10,5400001,61,Chr10,21286786,5500000,5450000.5,100000,100000,610,100 kb
scaffold_10,5500001,61,Chr10,21286786,5600000,5550000.5,100000,100000,610,100 kb
scaffold_10,5600001,132,Chr10,21286786,5700000,5650000.5,100000,100000,1320,100 kb
scaffold_10,5700001,177,Chr10,21286786,5800000,5750000.5,100000,100000,1770,100 kb
scaffold_10,5800001,209,Chr10,21286786,5900000,5850000.5,100000,100000,2090,100 kb
scaffold_10,5900001,62,Chr10,21286786,6000000,5950000.5,100000,100000,620,100 kb
scaffold_10,6000001,44,Chr10,21286786,6100000,6050000.5,100000,100000,440,100 kb
scaffold_10,6100001,55,Chr10,21286786,6200000,6150000.5,100000,100000,550,100 kb
scaffold_10,6200001,79,Chr10,21286786,6300000,6250000.5,100000,100000,790,100 kb
scaffold_10,6300001,42,Chr10,21286786,6400000,6350000.5,100000,100000,420,100 kb
scaffold_10,6400001,64,Chr10,21286786,6500000,6450000.5,100000,100000,640,100 kb
scaffold_10,6500001,66,Chr10,21286786,6600000,6550000.5,100000,100000,660,100 kb
scaffold_10,6600001,82,Chr10,21286786,6700000,6650000.5,100000,100000,820,100 kb
scaffold_10,6700001,84,Chr10,21286786,6800000,6750000.5,100000,100000,840,100 kb
scaffold_10,6800001,39,Chr10,21286786,6900000,6850000.5,100000,100000,390,100 kb
scaffold_10,6900001,120,Chr10,21286786,7000000,6950000.5,100000,100000,1200,100 kb
scaffold_10,7000001,76,Chr10,21286786,7100000,7050000.5,100000,100000,760,100 kb
scaffold_10,7100001,28,Chr10,21286786,7200000,7150000.5,100000,100000,280,100 kb
scaffold_10,7200001,48,Chr10,21286786,7300000,7250000.5,100000,100000,480,100 kb
scaffold_10,7300001,89,Chr10,21286786,7400000,7350000.5,100000,100000,890,100 kb
scaffold_10,7400001,68,Chr10,21286786,7500000,7450000.5,100000,100000,680,100 kb
scaffold_10,7500001,51,Chr10,21286786,7600000,7550000.5,100000,100000,510,100 kb
scaffold_10,7600001,64,Chr10,21286786,7700000,7650000.5,100000,100000,640,100 kb
scaffold_10,7700001,79,Chr10,21286786,7800000,7750000.5,100000,100000,790,100 kb
scaffold_10,7800001,66,Chr10,21286786,7900000,7850000.5,100000,100000,660,100 kb
scaffold_10,7900001,65,Chr10,21286786,8000000,7950000.5,100000,100000,650,100 kb
scaffold_10,8000001,74,Chr10,21286786,8100000,8050000.5,100000,100000,740,100 kb
scaffold_10,8100001,88,Chr10,21286786,8200000,8150000.5,100000,100000,880,100 kb
scaffold_10,8200001,83,Chr10,21286786,8300000,8250000.5,100000,100000,830,100 kb
scaffold_10,8300001,23,Chr10,21286786,8400000,8350000.5,100000,100000,230,100 kb
scaffold_10,8400001,24,Chr10,21286786,8500000,8450000.5,100000,100000,240,100 kb
scaffold_10,8500001,61,Chr10,21286786,8600000,8550000.5,100000,100000,610,100 kb
scaffold_10,8600001,127,Chr10,21286786,8700000,8650000.5,100000,100000,1270,100 kb
scaffold_10,8700001,85,Chr10,21286786,8800000,8750000.5,100000,100000,850,100 kb
scaffold_10,8800001,55,Chr10,21286786,8900000,8850000.5,100000,100000,550,100 kb
scaffold_10,8900001,60,Chr10,21286786,9000000,8950000.5,100000,100000,600,100 kb
scaffold_10,9000001,47,Chr10,21286786,9100000,9050000.5,100000,100000,470,100 kb
scaffold_10,9100001,96,Chr10,21286786,9200000,9150000.5,100000,100000,960,100 kb
scaffold_10,9200001,38,Chr10,21286786,9300000,9250000.5,100000,100000,380,100 kb
scaffold_10,9300001,55,Chr10,21286786,9400000,9350000.5,100000,100000,550,100 kb
scaffold_10,9400001,105,Chr10,21286786,9500000,9450000.5,100000,100000,1050,100 kb
scaffold_10,9500001,62,Chr10,21286786,9600000,9550000.5,100000,100000,620,100 kb
scaffold_10,9600001,84,Chr10,21286786,9700000,9650000.5,100000,100000,840,100 kb
scaffold_10,9700001,63,Chr10,21286786,9800000,9750000.5,100000,100000,630,100 kb
scaffold_10,9800001,8,Chr10,21286786,9900000,9850000.5,100000,100000,80,100 kb
scaffold_10,9900001,95,Chr10,21286786,10000000,9950000.5,100000,100000,950,100 kb
scaffold_10,10000001,95,Chr10,21286786,10100000,10050000.5,100000,100000,950,100 kb
scaffold_10,10100001,44,Chr10,21286786,10200000,10150000.5,100000,100000,440,100 kb
scaffold_10,10200001,48,Chr10,21286786,10300000,10250000.5,100000,100000,480,100 kb
scaffold_10,10300001,33,Chr10,21286786,10400000,10350000.5,100000,100000,330,100 kb
scaffold_10,10400001,80,Chr10,21286786,10500000,10450000.5,100000,100000,800,100 kb
scaffold_10,10500001,29,Chr10,21286786,10600000,10550000.5,100000,100000,290,100 kb
scaffold_10,10600001,63,Chr10,21286786,10700000,10650000.5,100000,100000,630,100 kb
scaffold_10,10700001,57,Chr10,21286786,10800000,10750000.5,100000,100000,570,100 kb
scaffold_10,10800001,33,Chr10,21286786,10900000,10850000.5,100000,100000,330,100 kb
scaffold_10,10900001,39,Chr10,21286786,11000000,10950000.5,100000,100000,390,100 kb
scaffold_10,11000001,45,Chr10,21286786,11100000,11050000.5,100000,100000,450,100 kb
scaffold_10,11100001,124,Chr10,21286786,11200000,11150000.5,100000,100000,1240,100 kb
scaffold_10,11200001,32,Chr10,21286786,11300000,11250000.5,100000,100000,320,100 kb
scaffold_10,11300001,25,Chr10,21286786,11400000,11350000.5,100000,100000,250,100 kb
scaffold_10,11400001,57,Chr10,21286786,11500000,11450000.5,100000,100000,570,100 kb
scaffold_10,11500001,100,Chr10,21286786,11600000,11550000.5,100000,100000,1000,100 kb
scaffold_10,11600001,76,Chr10,21286786,11700000,11650000.5,100000,100000,760,100 kb
scaffold_10,11800001,54,Chr10,21286786,11900000,11850000.5,100000,100000,540,100 kb
scaffold_10,11900001,119,Chr10,21286786,12000000,11950000.5,100000,100000,1190,100 kb
scaffold_10,12000001,54,Chr10,21286786,12100000,12050000.5,100000,100000,540,100 kb
scaffold_10,12100001,99,Chr10,21286786,12200000,12150000.5,100000,100000,990,100 kb
scaffold_10,12200001,100,Chr10,21286786,12300000,12250000.5,100000,100000,1000,100 kb
scaffold_10,12300001,97,Chr10,21286786,12400000,12350000.5,100000,100000,970,100 kb
scaffold_10,12400001,64,Chr10,21286786,12500000,12450000.5,100000,100000,640,100 kb
scaffold_10,12500001,84,Chr10,21286786,12600000,12550000.5,100000,100000,840,100 kb
scaffold_10,12600001,58,Chr10,21286786,12700000,12650000.5,100000,100000,580,100 kb
scaffold_10,12700001,79,Chr10,21286786,12800000,12750000.5,100000,100000,790,100 kb
scaffold_10,12800001,102,Chr10,21286786,12900000,12850000.5,100000,100000,1020,100 kb
scaffold_10,12900001,153,Chr10,21286786,13000000,12950000.5,100000,100000,1530,100 kb
scaffold_10,13000001,109,Chr10,21286786,13100000,13050000.5,100000,100000,1090,100 kb
scaffold_10,13100001,53,Chr10,21286786,13200000,13150000.5,100000,100000,530,100 kb
scaffold_10,13200001,108,Chr10,21286786,13300000,13250000.5,100000,100000,1080,100 kb
scaffold_10,13300001,60,Chr10,21286786,13400000,13350000.5,100000,100000,600,100 kb
scaffold_10,13400001,87,Chr10,21286786,13500000,13450000.5,100000,100000,870,100 kb
scaffold_10,13500001,71,Chr10,21286786,13600000,13550000.5,100000,100000,710,100 kb
scaffold_10,13600001,88,Chr10,21286786,13700000,13650000.5,100000,100000,880,100 kb
scaffold_10,13700001,94,Chr10,21286786,13800000,13750000.5,100000,100000,940,100 kb
scaffold_10,13800001,104,Chr10,21286786,13900000,13850000.5,100000,100000,1040,100 kb
scaffold_10,13900001,90,Chr10,21286786,14000000,13950000.5,100000,100000,900,100 kb
scaffold_10,14000001,87,Chr10,21286786,14100000,14050000.5,100000,100000,870,100 kb
scaffold_10,14100001,75,Chr10,21286786,14200000,14150000.5,100000,100000,750,100 kb
scaffold_10,14200001,71,Chr10,21286786,14300000,14250000.5,100000,100000,710,100 kb
scaffold_10,14300001,116,Chr10,21286786,14400000,14350000.5,100000,100000,1160,100 kb
scaffold_10,14400001,70,Chr10,21286786,14500000,14450000.5,100000,100000,700,100 kb
scaffold_10,14500001,82,Chr10,21286786,14600000,14550000.5,100000,100000,820,100 kb
scaffold_10,14600001,131,Chr10,21286786,14700000,14650000.5,100000,100000,1310,100 kb
scaffold_10,14700001,144,Chr10,21286786,14800000,14750000.5,100000,100000,1440,100 kb
scaffold_10,14800001,168,Chr10,21286786,14900000,14850000.5,100000,100000,1680,100 kb
scaffold_10,14900001,64,Chr10,21286786,15000000,14950000.5,100000,100000,640,100 kb
scaffold_10,15000001,90,Chr10,21286786,15100000,15050000.5,100000,100000,900,100 kb
scaffold_10,15100001,81,Chr10,21286786,15200000,15150000.5,100000,100000,810,100 kb
scaffold_10,15200001,103,Chr10,21286786,15300000,15250000.5,100000,100000,1030,100 kb
scaffold_10,15300001,120,Chr10,21286786,15400000,15350000.5,100000,100000,1200,100 kb
scaffold_10,15400001,100,Chr10,21286786,15500000,15450000.5,100000,100000,1000,100 kb
scaffold_10,15500001,75,Chr10,21286786,15600000,15550000.5,100000,100000,750,100 kb
scaffold_10,15600001,118,Chr10,21286786,15700000,15650000.5,100000,100000,1180,100 kb
scaffold_10,15700001,120,Chr10,21286786,15800000,15750000.5,100000,100000,1200,100 kb
scaffold_10,15800001,47,Chr10,21286786,15900000,15850000.5,100000,100000,470,100 kb
scaffold_10,15900001,122,Chr10,21286786,16000000,15950000.5,100000,100000,1220,100 kb
scaffold_10,16000001,114,Chr10,21286786,16100000,16050000.5,100000,100000,1140,100 kb
scaffold_10,16100001,59,Chr10,21286786,16200000,16150000.5,100000,100000,590,100 kb
scaffold_10,16200001,63,Chr10,21286786,16300000,16250000.5,100000,100000,630,100 kb
scaffold_10,16300001,73,Chr10,21286786,16400000,16350000.5,100000,100000,730,100 kb
scaffold_10,16400001,97,Chr10,21286786,16500000,16450000.5,100000,100000,970,100 kb
scaffold_10,16500001,131,Chr10,21286786,16600000,16550000.5,100000,100000,1310,100 kb
scaffold_10,16600001,135,Chr10,21286786,16700000,16650000.5,100000,100000,1350,100 kb
scaffold_10,16700001,101,Chr10,21286786,16800000,16750000.5,100000,100000,1010,100 kb
scaffold_10,16800001,44,Chr10,21286786,16900000,16850000.5,100000,100000,440,100 kb
scaffold_10,16900001,63,Chr10,21286786,17000000,16950000.5,100000,100000,630,100 kb
scaffold_10,17000001,131,Chr10,21286786,17100000,17050000.5,100000,100000,1310,100 kb
scaffold_10,17100001,141,Chr10,21286786,17200000,17150000.5,100000,100000,1410,100 kb
scaffold_10,17200001,138,Chr10,21286786,17300000,17250000.5,100000,100000,1380,100 kb
scaffold_10,17300001,111,Chr10,21286786,17400000,17350000.5,100000,100000,1110,100 kb
scaffold_10,17400001,69,Chr10,21286786,17500000,17450000.5,100000,100000,690,100 kb
scaffold_10,17500001,103,Chr10,21286786,17600000,17550000.5,100000,100000,1030,100 kb
scaffold_10,17600001,108,Chr10,21286786,17700000,17650000.5,100000,100000,1080,100 kb
scaffold_10,17700001,104,Chr10,21286786,17800000,17750000.5,100000,100000,1040,100 kb
scaffold_10,17800001,90,Chr10,21286786,17900000,17850000.5,100000,100000,900,100 kb
scaffold_10,17900001,79,Chr10,21286786,18000000,17950000.5,100000,100000,790,100 kb
scaffold_10,18000001,168,Chr10,21286786,18100000,18050000.5,100000,100000,1680,100 kb
scaffold_10,18100001,96,Chr10,21286786,18200000,18150000.5,100000,100000,960,100 kb
scaffold_10,18200001,83,Chr10,21286786,18300000,18250000.5,100000,100000,830,100 kb
scaffold_10,18300001,59,Chr10,21286786,18400000,18350000.5,100000,100000,590,100 kb
scaffold_10,18400001,86,Chr10,21286786,18500000,18450000.5,100000,100000,860,100 kb
scaffold_10,18500001,93,Chr10,21286786,18600000,18550000.5,100000,100000,930,100 kb
scaffold_10,18600001,77,Chr10,21286786,18700000,18650000.5,100000,100000,770,100 kb
scaffold_10,18700001,168,Chr10,21286786,18800000,18750000.5,100000,100000,1680,100 kb
scaffold_10,18800001,52,Chr10,21286786,18900000,18850000.5,100000,100000,520,100 kb
scaffold_10,18900001,111,Chr10,21286786,19000000,18950000.5,100000,100000,1110,100 kb
scaffold_10,19000001,41,Chr10,21286786,19100000,19050000.5,100000,100000,410,100 kb
scaffold_10,19100001,115,Chr10,21286786,19200000,19150000.5,100000,100000,1150,100 kb
scaffold_10,19200001,105,Chr10,21286786,19300000,19250000.5,100000,100000,1050,100 kb
scaffold_10,19300001,99,Chr10,21286786,19400000,19350000.5,100000,100000,990,100 kb
scaffold_10,19400001,77,Chr10,21286786,19500000,19450000.5,100000,100000,770,100 kb
scaffold_10,19500001,134,Chr10,21286786,19600000,19550000.5,100000,100000,1340,100 kb
scaffold_10,19600001,117,Chr10,21286786,19700000,19650000.5,100000,100000,1170,100 kb
scaffold_10,19700001,143,Chr10,21286786,19800000,19750000.5,100000,100000,1430,100 kb
scaffold_10,19800001,102,Chr10,21286786,19900000,19850000.5,100000,100000,1020,100 kb
scaffold_10,19900001,110,Chr10,21286786,20000000,19950000.5,100000,100000,1100,100 kb
scaffold_10,20000001,62,Chr10,21286786,20100000,20050000.5,100000,100000,620,100 kb
scaffold_10,20100001,83,Chr10,21286786,20200000,20150000.5,100000,100000,830,100 kb
scaffold_10,20200001,131,Chr10,21286786,20300000,20250000.5,100000,100000,1310,100 kb
scaffold_10,20300001,85,Chr10,21286786,20400000,20350000.5,100000,100000,850,100 kb
scaffold_10,20400001,78,Chr10,21286786,20500000,20450000.5,100000,100000,780,100 kb
scaffold_10,20500001,98,Chr10,21286786,20600000,20550000.5,100000,100000,980,100 kb
scaffold_10,20600001,71,Chr10,21286786,20700000,20650000.5,100000,100000,710,100 kb
scaffold_10,20700001,70,Chr10,21286786,20800000,20750000.5,100000,100000,700,100 kb
scaffold_10,20800001,84,Chr10,21286786,20900000,20850000.5,100000,100000,840,100 kb
scaffold_10,20900001,101,Chr10,21286786,21000000,20950000.5,100000,100000,1010,100 kb
scaffold_10,21000001,118,Chr10,21286786,21100000,21050000.5,100000,100000,1180,100 kb
scaffold_10,21100001,116,Chr10,21286786,21200000,21150000.5,100000,100000,1160,100 kb
scaffold_10,21200001,50,Chr10,21286786,21286786,21243393.5,86786,100000,576.1297905192082,100 kb
scaffold_11,1,17,Chr11,19266831,100000,50000.5,100000,100000,170,100 kb
scaffold_11,100001,14,Chr11,19266831,200000,150000.5,100000,100000,140,100 kb
scaffold_11,200001,17,Chr11,19266831,300000,250000.5,100000,100000,170,100 kb
scaffold_11,300001,1,Chr11,19266831,400000,350000.5,100000,100000,10,100 kb
scaffold_11,400001,14,Chr11,19266831,500000,450000.5,100000,100000,140,100 kb
scaffold_11,500001,1,Chr11,19266831,600000,550000.5,100000,100000,10,100 kb
scaffold_11,600001,17,Chr11,19266831,700000,650000.5,100000,100000,170,100 kb
scaffold_11,700001,21,Chr11,19266831,800000,750000.5,100000,100000,210,100 kb
scaffold_11,800001,25,Chr11,19266831,900000,850000.5,100000,100000,250,100 kb
scaffold_11,900001,39,Chr11,19266831,1000000,950000.5,100000,100000,390,100 kb
scaffold_11,1000001,49,Chr11,19266831,1100000,1050000.5,100000,100000,490,100 kb
scaffold_11,1100001,55,Chr11,19266831,1200000,1150000.5,100000,100000,550,100 kb
scaffold_11,1200001,39,Chr11,19266831,1300000,1250000.5,100000,100000,390,100 kb
scaffold_11,1300001,34,Chr11,19266831,1400000,1350000.5,100000,100000,340,100 kb
scaffold_11,1400001,3,Chr11,19266831,1500000,1450000.5,100000,100000,30,100 kb
scaffold_11,1500001,40,Chr11,19266831,1600000,1550000.5,100000,100000,400,100 kb
scaffold_11,1600001,40,Chr11,19266831,1700000,1650000.5,100000,100000,400,100 kb
scaffold_11,1700001,84,Chr11,19266831,1800000,1750000.5,100000,100000,840,100 kb
scaffold_11,1800001,49,Chr11,19266831,1900000,1850000.5,100000,100000,490,100 kb
scaffold_11,1900001,63,Chr11,19266831,2000000,1950000.5,100000,100000,630,100 kb
scaffold_11,2000001,26,Chr11,19266831,2100000,2050000.5,100000,100000,260,100 kb
scaffold_11,2100001,100,Chr11,19266831,2200000,2150000.5,100000,100000,1000,100 kb
scaffold_11,2200001,107,Chr11,19266831,2300000,2250000.5,100000,100000,1070,100 kb
scaffold_11,2300001,90,Chr11,19266831,2400000,2350000.5,100000,100000,900,100 kb
scaffold_11,2400001,53,Chr11,19266831,2500000,2450000.5,100000,100000,530,100 kb
scaffold_11,2500001,39,Chr11,19266831,2600000,2550000.5,100000,100000,390,100 kb
scaffold_11,2600001,74,Chr11,19266831,2700000,2650000.5,100000,100000,740,100 kb
scaffold_11,2700001,56,Chr11,19266831,2800000,2750000.5,100000,100000,560,100 kb
scaffold_11,2800001,47,Chr11,19266831,2900000,2850000.5,100000,100000,470,100 kb
scaffold_11,2900001,70,Chr11,19266831,3000000,2950000.5,100000,100000,700,100 kb
scaffold_11,3000001,27,Chr11,19266831,3100000,3050000.5,100000,100000,270,100 kb
scaffold_11,3100001,40,Chr11,19266831,3200000,3150000.5,100000,100000,400,100 kb
scaffold_11,3200001,63,Chr11,19266831,3300000,3250000.5,100000,100000,630,100 kb
scaffold_11,3300001,76,Chr11,19266831,3400000,3350000.5,100000,100000,760,100 kb
scaffold_11,3400001,88,Chr11,19266831,3500000,3450000.5,100000,100000,880,100 kb
scaffold_11,3500001,37,Chr11,19266831,3600000,3550000.5,100000,100000,370,100 kb
scaffold_11,3600001,97,Chr11,19266831,3700000,3650000.5,100000,100000,970,100 kb
scaffold_11,3700001,59,Chr11,19266831,3800000,3750000.5,100000,100000,590,100 kb
scaffold_11,3800001,60,Chr11,19266831,3900000,3850000.5,100000,100000,600,100 kb
scaffold_11,3900001,8,Chr11,19266831,4000000,3950000.5,100000,100000,80,100 kb
scaffold_11,4000001,50,Chr11,19266831,4100000,4050000.5,100000,100000,500,100 kb
scaffold_11,4100001,32,Chr11,19266831,4200000,4150000.5,100000,100000,320,100 kb
scaffold_11,4200001,46,Chr11,19266831,4300000,4250000.5,100000,100000,460,100 kb
scaffold_11,4300001,50,Chr11,19266831,4400000,4350000.5,100000,100000,500,100 kb
scaffold_11,4400001,68,Chr11,19266831,4500000,4450000.5,100000,100000,680,100 kb
scaffold_11,4500001,127,Chr11,19266831,4600000,4550000.5,100000,100000,1270,100 kb
scaffold_11,4600001,81,Chr11,19266831,4700000,4650000.5,100000,100000,810,100 kb
scaffold_11,4700001,36,Chr11,19266831,4800000,4750000.5,100000,100000,360,100 kb
scaffold_11,4800001,40,Chr11,19266831,4900000,4850000.5,100000,100000,400,100 kb
scaffold_11,4900001,78,Chr11,19266831,5000000,4950000.5,100000,100000,780,100 kb
scaffold_11,5000001,71,Chr11,19266831,5100000,5050000.5,100000,100000,710,100 kb
scaffold_11,5100001,138,Chr11,19266831,5200000,5150000.5,100000,100000,1380,100 kb
scaffold_11,5200001,53,Chr11,19266831,5300000,5250000.5,100000,100000,530,100 kb
scaffold_11,5300001,54,Chr11,19266831,5400000,5350000.5,100000,100000,540,100 kb
scaffold_11,5400001,35,Chr11,19266831,5500000,5450000.5,100000,100000,350,100 kb
scaffold_11,5500001,23,Chr11,19266831,5600000,5550000.5,100000,100000,230,100 kb
scaffold_11,5600001,57,Chr11,19266831,5700000,5650000.5,100000,100000,570,100 kb
scaffold_11,5700001,72,Chr11,19266831,5800000,5750000.5,100000,100000,720,100 kb
scaffold_11,5800001,40,Chr11,19266831,5900000,5850000.5,100000,100000,400,100 kb
scaffold_11,5900001,44,Chr11,19266831,6000000,5950000.5,100000,100000,440,100 kb
scaffold_11,6000001,47,Chr11,19266831,6100000,6050000.5,100000,100000,470,100 kb
scaffold_11,6100001,40,Chr11,19266831,6200000,6150000.5,100000,100000,400,100 kb
scaffold_11,6200001,75,Chr11,19266831,6300000,6250000.5,100000,100000,750,100 kb
scaffold_11,6300001,118,Chr11,19266831,6400000,6350000.5,100000,100000,1180,100 kb
scaffold_11,6400001,75,Chr11,19266831,6500000,6450000.5,100000,100000,750,100 kb
scaffold_11,6500001,103,Chr11,19266831,6600000,6550000.5,100000,100000,1030,100 kb
scaffold_11,6600001,60,Chr11,19266831,6700000,6650000.5,100000,100000,600,100 kb
scaffold_11,6700001,63,Chr11,19266831,6800000,6750000.5,100000,100000,630,100 kb
scaffold_11,6800001,35,Chr11,19266831,6900000,6850000.5,100000,100000,350,100 kb
scaffold_11,6900001,127,Chr11,19266831,7000000,6950000.5,100000,100000,1270,100 kb
scaffold_11,7000001,57,Chr11,19266831,7100000,7050000.5,100000,100000,570,100 kb
scaffold_11,7100001,47,Chr11,19266831,7200000,7150000.5,100000,100000,470,100 kb
scaffold_11,7200001,68,Chr11,19266831,7300000,7250000.5,100000,100000,680,100 kb
scaffold_11,7300001,103,Chr11,19266831,7400000,7350000.5,100000,100000,1030,100 kb
scaffold_11,7400001,51,Chr11,19266831,7500000,7450000.5,100000,100000,510,100 kb
scaffold_11,7500001,51,Chr11,19266831,7600000,7550000.5,100000,100000,510,100 kb
scaffold_11,7600001,146,Chr11,19266831,7700000,7650000.5,100000,100000,1460,100 kb
scaffold_11,7700001,52,Chr11,19266831,7800000,7750000.5,100000,100000,520,100 kb
scaffold_11,7800001,57,Chr11,19266831,7900000,7850000.5,100000,100000,570,100 kb
scaffold_11,7900001,32,Chr11,19266831,8000000,7950000.5,100000,100000,320,100 kb
scaffold_11,8000001,59,Chr11,19266831,8100000,8050000.5,100000,100000,590,100 kb
scaffold_11,8100001,47,Chr11,19266831,8200000,8150000.5,100000,100000,470,100 kb
scaffold_11,8200001,33,Chr11,19266831,8300000,8250000.5,100000,100000,330,100 kb
scaffold_11,8300001,47,Chr11,19266831,8400000,8350000.5,100000,100000,470,100 kb
scaffold_11,8400001,57,Chr11,19266831,8500000,8450000.5,100000,100000,570,100 kb
scaffold_11,8500001,35,Chr11,19266831,8600000,8550000.5,100000,100000,350,100 kb
scaffold_11,8600001,70,Chr11,19266831,8700000,8650000.5,100000,100000,700,100 kb
scaffold_11,8700001,83,Chr11,19266831,8800000,8750000.5,100000,100000,830,100 kb
scaffold_11,8800001,45,Chr11,19266831,8900000,8850000.5,100000,100000,450,100 kb
scaffold_11,8900001,66,Chr11,19266831,9000000,8950000.5,100000,100000,660,100 kb
scaffold_11,9000001,35,Chr11,19266831,9100000,9050000.5,100000,100000,350,100 kb
scaffold_11,9100001,54,Chr11,19266831,9200000,9150000.5,100000,100000,540,100 kb
scaffold_11,9200001,26,Chr11,19266831,9300000,9250000.5,100000,100000,260,100 kb
scaffold_11,9300001,40,Chr11,19266831,9400000,9350000.5,100000,100000,400,100 kb
scaffold_11,9400001,63,Chr11,19266831,9500000,9450000.5,100000,100000,630,100 kb
scaffold_11,9500001,65,Chr11,19266831,9600000,9550000.5,100000,100000,650,100 kb
scaffold_11,9600001,58,Chr11,19266831,9700000,9650000.5,100000,100000,580,100 kb
scaffold_11,9700001,74,Chr11,19266831,9800000,9750000.5,100000,100000,740,100 kb
scaffold_11,9800001,101,Chr11,19266831,9900000,9850000.5,100000,100000,1010,100 kb
scaffold_11,9900001,48,Chr11,19266831,10000000,9950000.5,100000,100000,480,100 kb
scaffold_11,10000001,34,Chr11,19266831,10100000,10050000.5,100000,100000,340,100 kb
scaffold_11,10100001,27,Chr11,19266831,10200000,10150000.5,100000,100000,270,100 kb
scaffold_11,10200001,78,Chr11,19266831,10300000,10250000.5,100000,100000,780,100 kb
scaffold_11,10300001,57,Chr11,19266831,10400000,10350000.5,100000,100000,570,100 kb
scaffold_11,10400001,65,Chr11,19266831,10500000,10450000.5,100000,100000,650,100 kb
scaffold_11,10500001,20,Chr11,19266831,10600000,10550000.5,100000,100000,200,100 kb
scaffold_11,10600001,89,Chr11,19266831,10700000,10650000.5,100000,100000,890,100 kb
scaffold_11,10700001,46,Chr11,19266831,10800000,10750000.5,100000,100000,460,100 kb
scaffold_11,10800001,63,Chr11,19266831,10900000,10850000.5,100000,100000,630,100 kb
scaffold_11,10900001,42,Chr11,19266831,11000000,10950000.5,100000,100000,420,100 kb
scaffold_11,11000001,66,Chr11,19266831,11100000,11050000.5,100000,100000,660,100 kb
scaffold_11,11100001,59,Chr11,19266831,11200000,11150000.5,100000,100000,590,100 kb
scaffold_11,11200001,43,Chr11,19266831,11300000,11250000.5,100000,100000,430,100 kb
scaffold_11,11300001,29,Chr11,19266831,11400000,11350000.5,100000,100000,290,100 kb
scaffold_11,11400001,22,Chr11,19266831,11500000,11450000.5,100000,100000,220,100 kb
scaffold_11,11500001,86,Chr11,19266831,11600000,11550000.5,100000,100000,860,100 kb
scaffold_11,11600001,114,Chr11,19266831,11700000,11650000.5,100000,100000,1140,100 kb
scaffold_11,11700001,60,Chr11,19266831,11800000,11750000.5,100000,100000,600,100 kb
scaffold_11,11800001,91,Chr11,19266831,11900000,11850000.5,100000,100000,910,100 kb
scaffold_11,11900001,119,Chr11,19266831,12000000,11950000.5,100000,100000,1190,100 kb
scaffold_11,12000001,91,Chr11,19266831,12100000,12050000.5,100000,100000,910,100 kb
scaffold_11,12100001,110,Chr11,19266831,12200000,12150000.5,100000,100000,1100,100 kb
scaffold_11,12200001,71,Chr11,19266831,12300000,12250000.5,100000,100000,710,100 kb
scaffold_11,12300001,74,Chr11,19266831,12400000,12350000.5,100000,100000,740,100 kb
scaffold_11,12400001,67,Chr11,19266831,12500000,12450000.5,100000,100000,670,100 kb
scaffold_11,12500001,80,Chr11,19266831,12600000,12550000.5,100000,100000,800,100 kb
scaffold_11,12600001,121,Chr11,19266831,12700000,12650000.5,100000,100000,1210,100 kb
scaffold_11,12700001,75,Chr11,19266831,12800000,12750000.5,100000,100000,750,100 kb
scaffold_11,12800001,45,Chr11,19266831,12900000,12850000.5,100000,100000,450,100 kb
scaffold_11,12900001,57,Chr11,19266831,13000000,12950000.5,100000,100000,570,100 kb
scaffold_11,13000001,48,Chr11,19266831,13100000,13050000.5,100000,100000,480,100 kb
scaffold_11,13100001,92,Chr11,19266831,13200000,13150000.5,100000,100000,920,100 kb
scaffold_11,13200001,64,Chr11,19266831,13300000,13250000.5,100000,100000,640,100 kb
scaffold_11,13300001,86,Chr11,19266831,13400000,13350000.5,100000,100000,860,100 kb
scaffold_11,13400001,61,Chr11,19266831,13500000,13450000.5,100000,100000,610,100 kb
scaffold_11,13500001,106,Chr11,19266831,13600000,13550000.5,100000,100000,1060,100 kb
scaffold_11,13600001,163,Chr11,19266831,13700000,13650000.5,100000,100000,1630,100 kb
scaffold_11,13700001,126,Chr11,19266831,13800000,13750000.5,100000,100000,1260,100 kb
scaffold_11,13800001,38,Chr11,19266831,13900000,13850000.5,100000,100000,380,100 kb
scaffold_11,13900001,50,Chr11,19266831,14000000,13950000.5,100000,100000,500,100 kb
scaffold_11,14000001,90,Chr11,19266831,14100000,14050000.5,100000,100000,900,100 kb
scaffold_11,14100001,104,Chr11,19266831,14200000,14150000.5,100000,100000,1040,100 kb
scaffold_11,14200001,60,Chr11,19266831,14300000,14250000.5,100000,100000,600,100 kb
scaffold_11,14300001,64,Chr11,19266831,14400000,14350000.5,100000,100000,640,100 kb
scaffold_11,14400001,60,Chr11,19266831,14500000,14450000.5,100000,100000,600,100 kb
scaffold_11,14500001,36,Chr11,19266831,14600000,14550000.5,100000,100000,360,100 kb
scaffold_11,14600001,37,Chr11,19266831,14700000,14650000.5,100000,100000,370,100 kb
scaffold_11,14700001,60,Chr11,19266831,14800000,14750000.5,100000,100000,600,100 kb
scaffold_11,14800001,152,Chr11,19266831,14900000,14850000.5,100000,100000,1520,100 kb
scaffold_11,14900001,91,Chr11,19266831,15000000,14950000.5,100000,100000,910,100 kb
scaffold_11,15000001,110,Chr11,19266831,15100000,15050000.5,100000,100000,1100,100 kb
scaffold_11,15100001,110,Chr11,19266831,15200000,15150000.5,100000,100000,1100,100 kb
scaffold_11,15200001,64,Chr11,19266831,15300000,15250000.5,100000,100000,640,100 kb
scaffold_11,15300001,8,Chr11,19266831,15400000,15350000.5,100000,100000,80,100 kb
scaffold_11,15400001,27,Chr11,19266831,15500000,15450000.5,100000,100000,270,100 kb
scaffold_11,15500001,96,Chr11,19266831,15600000,15550000.5,100000,100000,960,100 kb
scaffold_11,15600001,99,Chr11,19266831,15700000,15650000.5,100000,100000,990,100 kb
scaffold_11,15700001,109,Chr11,19266831,15800000,15750000.5,100000,100000,1090,100 kb
scaffold_11,15800001,80,Chr11,19266831,15900000,15850000.5,100000,100000,800,100 kb
scaffold_11,15900001,73,Chr11,19266831,16000000,15950000.5,100000,100000,730,100 kb
scaffold_11,16000001,122,Chr11,19266831,16100000,16050000.5,100000,100000,1220,100 kb
scaffold_11,16100001,93,Chr11,19266831,16200000,16150000.5,100000,100000,930,100 kb
scaffold_11,16200001,82,Chr11,19266831,16300000,16250000.5,100000,100000,820,100 kb
scaffold_11,16300001,104,Chr11,19266831,16400000,16350000.5,100000,100000,1040,100 kb
scaffold_11,16400001,35,Chr11,19266831,16500000,16450000.5,100000,100000,350,100 kb
scaffold_11,16500001,139,Chr11,19266831,16600000,16550000.5,100000,100000,1390,100 kb
scaffold_11,16600001,70,Chr11,19266831,16700000,16650000.5,100000,100000,700,100 kb
scaffold_11,16700001,37,Chr11,19266831,16800000,16750000.5,100000,100000,370,100 kb
scaffold_11,16800001,81,Chr11,19266831,16900000,16850000.5,100000,100000,810,100 kb
scaffold_11,16900001,126,Chr11,19266831,17000000,16950000.5,100000,100000,1260,100 kb
scaffold_11,17000001,83,Chr11,19266831,17100000,17050000.5,100000,100000,830,100 kb
scaffold_11,17100001,83,Chr11,19266831,17200000,17150000.5,100000,100000,830,100 kb
scaffold_11,17200001,126,Chr11,19266831,17300000,17250000.5,100000,100000,1260,100 kb
scaffold_11,17300001,67,Chr11,19266831,17400000,17350000.5,100000,100000,670,100 kb
scaffold_11,17400001,109,Chr11,19266831,17500000,17450000.5,100000,100000,1090,100 kb
scaffold_11,17500001,117,Chr11,19266831,17600000,17550000.5,100000,100000,1170,100 kb
scaffold_11,17600001,102,Chr11,19266831,17700000,17650000.5,100000,100000,1020,100 kb
scaffold_11,17700001,93,Chr11,19266831,17800000,17750000.5,100000,100000,930,100 kb
scaffold_11,17800001,119,Chr11,19266831,17900000,17850000.5,100000,100000,1190,100 kb
scaffold_11,17900001,168,Chr11,19266831,18000000,17950000.5,100000,100000,1680,100 kb
scaffold_11,18000001,114,Chr11,19266831,18100000,18050000.5,100000,100000,1140,100 kb
scaffold_11,18100001,114,Chr11,19266831,18200000,18150000.5,100000,100000,1140,100 kb
scaffold_11,18200001,142,Chr11,19266831,18300000,18250000.5,100000,100000,1420,100 kb
scaffold_11,18300001,78,Chr11,19266831,18400000,18350000.5,100000,100000,780,100 kb
scaffold_11,18400001,104,Chr11,19266831,18500000,18450000.5,100000,100000,1040,100 kb
scaffold_11,18500001,92,Chr11,19266831,18600000,18550000.5,100000,100000,920,100 kb
scaffold_11,18600001,44,Chr11,19266831,18700000,18650000.5,100000,100000,440,100 kb
scaffold_11,18700001,145,Chr11,19266831,18800000,18750000.5,100000,100000,1450,100 kb
scaffold_11,18800001,102,Chr11,19266831,18900000,18850000.5,100000,100000,1020,100 kb
scaffold_11,18900001,88,Chr11,19266831,19000000,18950000.5,100000,100000,880,100 kb
scaffold_11,19000001,44,Chr11,19266831,19100000,19050000.5,100000,100000,440,100 kb
scaffold_11,19100001,42,Chr11,19266831,19200000,19150000.5,100000,100000,420,100 kb
scaffold_11,19200001,22,Chr11,19266831,19266831,19233416,66831,100000,329.1885502236986,100 kb
scaffold_12,1,6,Chr12,17831046,100000,50000.5,100000,100000,60,100 kb
scaffold_12,100001,74,Chr12,17831046,200000,150000.5,100000,100000,740,100 kb
scaffold_12,200001,148,Chr12,17831046,300000,250000.5,100000,100000,1480,100 kb
scaffold_12,300001,79,Chr12,17831046,400000,350000.5,100000,100000,790,100 kb
scaffold_12,400001,95,Chr12,17831046,500000,450000.5,100000,100000,950,100 kb
scaffold_12,500001,28,Chr12,17831046,600000,550000.5,100000,100000,280,100 kb
scaffold_12,600001,88,Chr12,17831046,700000,650000.5,100000,100000,880,100 kb
scaffold_12,700001,121,Chr12,17831046,800000,750000.5,100000,100000,1210,100 kb
scaffold_12,800001,85,Chr12,17831046,900000,850000.5,100000,100000,850,100 kb
scaffold_12,900001,70,Chr12,17831046,1000000,950000.5,100000,100000,700,100 kb
scaffold_12,1000001,29,Chr12,17831046,1100000,1050000.5,100000,100000,290,100 kb
scaffold_12,1100001,99,Chr12,17831046,1200000,1150000.5,100000,100000,990,100 kb
scaffold_12,1200001,78,Chr12,17831046,1300000,1250000.5,100000,100000,780,100 kb
scaffold_12,1300001,87,Chr12,17831046,1400000,1350000.5,100000,100000,870,100 kb
scaffold_12,1400001,124,Chr12,17831046,1500000,1450000.5,100000,100000,1240,100 kb
scaffold_12,1500001,50,Chr12,17831046,1600000,1550000.5,100000,100000,500,100 kb
scaffold_12,1600001,56,Chr12,17831046,1700000,1650000.5,100000,100000,560,100 kb
scaffold_12,1700001,176,Chr12,17831046,1800000,1750000.5,100000,100000,1760,100 kb
scaffold_12,1800001,117,Chr12,17831046,1900000,1850000.5,100000,100000,1170,100 kb
scaffold_12,1900001,145,Chr12,17831046,2000000,1950000.5,100000,100000,1450,100 kb
scaffold_12,2000001,16,Chr12,17831046,2100000,2050000.5,100000,100000,160,100 kb
scaffold_12,2100001,22,Chr12,17831046,2200000,2150000.5,100000,100000,220,100 kb
scaffold_12,2200001,31,Chr12,17831046,2300000,2250000.5,100000,100000,310,100 kb
scaffold_12,2300001,56,Chr12,17831046,2400000,2350000.5,100000,100000,560,100 kb
scaffold_12,2400001,59,Chr12,17831046,2500000,2450000.5,100000,100000,590,100 kb
scaffold_12,2500001,133,Chr12,17831046,2600000,2550000.5,100000,100000,1330,100 kb
scaffold_12,2600001,24,Chr12,17831046,2700000,2650000.5,100000,100000,240,100 kb
scaffold_12,2700001,25,Chr12,17831046,2800000,2750000.5,100000,100000,250,100 kb
scaffold_12,2800001,68,Chr12,17831046,2900000,2850000.5,100000,100000,680,100 kb
scaffold_12,2900001,47,Chr12,17831046,3000000,2950000.5,100000,100000,470,100 kb
scaffold_12,3000001,8,Chr12,17831046,3100000,3050000.5,100000,100000,80,100 kb
scaffold_12,3100001,139,Chr12,17831046,3200000,3150000.5,100000,100000,1390,100 kb
scaffold_12,3200001,113,Chr12,17831046,3300000,3250000.5,100000,100000,1130,100 kb
scaffold_12,3300001,98,Chr12,17831046,3400000,3350000.5,100000,100000,980,100 kb
scaffold_12,3400001,64,Chr12,17831046,3500000,3450000.5,100000,100000,640,100 kb
scaffold_12,3500001,83,Chr12,17831046,3600000,3550000.5,100000,100000,830,100 kb
scaffold_12,3600001,75,Chr12,17831046,3700000,3650000.5,100000,100000,750,100 kb
scaffold_12,3700001,68,Chr12,17831046,3800000,3750000.5,100000,100000,680,100 kb
scaffold_12,3800001,84,Chr12,17831046,3900000,3850000.5,100000,100000,840,100 kb
scaffold_12,3900001,111,Chr12,17831046,4000000,3950000.5,100000,100000,1110,100 kb
scaffold_12,4000001,96,Chr12,17831046,4100000,4050000.5,100000,100000,960,100 kb
scaffold_12,4100001,87,Chr12,17831046,4200000,4150000.5,100000,100000,870,100 kb
scaffold_12,4200001,105,Chr12,17831046,4300000,4250000.5,100000,100000,1050,100 kb
scaffold_12,4300001,52,Chr12,17831046,4400000,4350000.5,100000,100000,520,100 kb
scaffold_12,4400001,65,Chr12,17831046,4500000,4450000.5,100000,100000,650,100 kb
scaffold_12,4500001,166,Chr12,17831046,4600000,4550000.5,100000,100000,1660,100 kb
scaffold_12,4600001,76,Chr12,17831046,4700000,4650000.5,100000,100000,760,100 kb
scaffold_12,4700001,126,Chr12,17831046,4800000,4750000.5,100000,100000,1260,100 kb
scaffold_12,4800001,107,Chr12,17831046,4900000,4850000.5,100000,100000,1070,100 kb
scaffold_12,4900001,90,Chr12,17831046,5000000,4950000.5,100000,100000,900,100 kb
scaffold_12,5000001,122,Chr12,17831046,5100000,5050000.5,100000,100000,1220,100 kb
scaffold_12,5100001,73,Chr12,17831046,5200000,5150000.5,100000,100000,730,100 kb
scaffold_12,5200001,9,Chr12,17831046,5300000,5250000.5,100000,100000,90,100 kb
scaffold_12,5300001,72,Chr12,17831046,5400000,5350000.5,100000,100000,720,100 kb
scaffold_12,5400001,76,Chr12,17831046,5500000,5450000.5,100000,100000,760,100 kb
scaffold_12,5500001,40,Chr12,17831046,5600000,5550000.5,100000,100000,400,100 kb
scaffold_12,5600001,79,Chr12,17831046,5700000,5650000.5,100000,100000,790,100 kb
scaffold_12,5700001,77,Chr12,17831046,5800000,5750000.5,100000,100000,770,100 kb
scaffold_12,5800001,41,Chr12,17831046,5900000,5850000.5,100000,100000,410,100 kb
scaffold_12,5900001,52,Chr12,17831046,6000000,5950000.5,100000,100000,520,100 kb
scaffold_12,6000001,80,Chr12,17831046,6100000,6050000.5,100000,100000,800,100 kb
scaffold_12,6100001,71,Chr12,17831046,6200000,6150000.5,100000,100000,710,100 kb
scaffold_12,6200001,98,Chr12,17831046,6300000,6250000.5,100000,100000,980,100 kb
scaffold_12,6300001,58,Chr12,17831046,6400000,6350000.5,100000,100000,580,100 kb
scaffold_12,6400001,81,Chr12,17831046,6500000,6450000.5,100000,100000,810,100 kb
scaffold_12,6500001,106,Chr12,17831046,6600000,6550000.5,100000,100000,1060,100 kb
scaffold_12,6600001,60,Chr12,17831046,6700000,6650000.5,100000,100000,600,100 kb
scaffold_12,6700001,73,Chr12,17831046,6800000,6750000.5,100000,100000,730,100 kb
scaffold_12,6800001,67,Chr12,17831046,6900000,6850000.5,100000,100000,670,100 kb
scaffold_12,6900001,93,Chr12,17831046,7000000,6950000.5,100000,100000,930,100 kb
scaffold_12,7000001,39,Chr12,17831046,7100000,7050000.5,100000,100000,390,100 kb
scaffold_12,7100001,92,Chr12,17831046,7200000,7150000.5,100000,100000,920,100 kb
scaffold_12,7200001,79,Chr12,17831046,7300000,7250000.5,100000,100000,790,100 kb
scaffold_12,7300001,73,Chr12,17831046,7400000,7350000.5,100000,100000,730,100 kb
scaffold_12,7400001,91,Chr12,17831046,7500000,7450000.5,100000,100000,910,100 kb
scaffold_12,7500001,82,Chr12,17831046,7600000,7550000.5,100000,100000,820,100 kb
scaffold_12,7600001,48,Chr12,17831046,7700000,7650000.5,100000,100000,480,100 kb
scaffold_12,7700001,86,Chr12,17831046,7800000,7750000.5,100000,100000,860,100 kb
scaffold_12,7800001,170,Chr12,17831046,7900000,7850000.5,100000,100000,1700,100 kb
scaffold_12,7900001,52,Chr12,17831046,8000000,7950000.5,100000,100000,520,100 kb
scaffold_12,8000001,76,Chr12,17831046,8100000,8050000.5,100000,100000,760,100 kb
scaffold_12,8100001,105,Chr12,17831046,8200000,8150000.5,100000,100000,1050,100 kb
scaffold_12,8200001,64,Chr12,17831046,8300000,8250000.5,100000,100000,640,100 kb
scaffold_12,8300001,57,Chr12,17831046,8400000,8350000.5,100000,100000,570,100 kb
scaffold_12,8400001,38,Chr12,17831046,8500000,8450000.5,100000,100000,380,100 kb
scaffold_12,8500001,50,Chr12,17831046,8600000,8550000.5,100000,100000,500,100 kb
scaffold_12,8600001,35,Chr12,17831046,8700000,8650000.5,100000,100000,350,100 kb
scaffold_12,8700001,101,Chr12,17831046,8800000,8750000.5,100000,100000,1010,100 kb
scaffold_12,8800001,65,Chr12,17831046,8900000,8850000.5,100000,100000,650,100 kb
scaffold_12,8900001,94,Chr12,17831046,9000000,8950000.5,100000,100000,940,100 kb
scaffold_12,9000001,56,Chr12,17831046,9100000,9050000.5,100000,100000,560,100 kb
scaffold_12,9100001,45,Chr12,17831046,9200000,9150000.5,100000,100000,450,100 kb
scaffold_12,9200001,90,Chr12,17831046,9300000,9250000.5,100000,100000,900,100 kb
scaffold_12,9300001,67,Chr12,17831046,9400000,9350000.5,100000,100000,670,100 kb
scaffold_12,9400001,75,Chr12,17831046,9500000,9450000.5,100000,100000,750,100 kb
scaffold_12,9500001,52,Chr12,17831046,9600000,9550000.5,100000,100000,520,100 kb
scaffold_12,9600001,35,Chr12,17831046,9700000,9650000.5,100000,100000,350,100 kb
scaffold_12,9700001,39,Chr12,17831046,9800000,9750000.5,100000,100000,390,100 kb
scaffold_12,9800001,101,Chr12,17831046,9900000,9850000.5,100000,100000,1010,100 kb
scaffold_12,9900001,59,Chr12,17831046,10000000,9950000.5,100000,100000,590,100 kb
scaffold_12,10000001,43,Chr12,17831046,10100000,10050000.5,100000,100000,430,100 kb
scaffold_12,10100001,51,Chr12,17831046,10200000,10150000.5,100000,100000,510,100 kb
scaffold_12,10200001,40,Chr12,17831046,10300000,10250000.5,100000,100000,400,100 kb
scaffold_12,10300001,65,Chr12,17831046,10400000,10350000.5,100000,100000,650,100 kb
scaffold_12,10400001,50,Chr12,17831046,10500000,10450000.5,100000,100000,500,100 kb
scaffold_12,10500001,117,Chr12,17831046,10600000,10550000.5,100000,100000,1170,100 kb
scaffold_12,10600001,31,Chr12,17831046,10700000,10650000.5,100000,100000,310,100 kb
scaffold_12,10700001,94,Chr12,17831046,10800000,10750000.5,100000,100000,940,100 kb
scaffold_12,10800001,66,Chr12,17831046,10900000,10850000.5,100000,100000,660,100 kb
scaffold_12,10900001,56,Chr12,17831046,11000000,10950000.5,100000,100000,560,100 kb
scaffold_12,11000001,64,Chr12,17831046,11100000,11050000.5,100000,100000,640,100 kb
scaffold_12,11100001,76,Chr12,17831046,11200000,11150000.5,100000,100000,760,100 kb
scaffold_12,11200001,44,Chr12,17831046,11300000,11250000.5,100000,100000,440,100 kb
scaffold_12,11300001,26,Chr12,17831046,11400000,11350000.5,100000,100000,260,100 kb
scaffold_12,11400001,37,Chr12,17831046,11500000,11450000.5,100000,100000,370,100 kb
scaffold_12,11500001,63,Chr12,17831046,11600000,11550000.5,100000,100000,630,100 kb
scaffold_12,11600001,49,Chr12,17831046,11700000,11650000.5,100000,100000,490,100 kb
scaffold_12,11700001,76,Chr12,17831046,11800000,11750000.5,100000,100000,760,100 kb
scaffold_12,11800001,32,Chr12,17831046,11900000,11850000.5,100000,100000,320,100 kb
scaffold_12,11900001,45,Chr12,17831046,12000000,11950000.5,100000,100000,450,100 kb
scaffold_12,12000001,106,Chr12,17831046,12100000,12050000.5,100000,100000,1060,100 kb
scaffold_12,12100001,16,Chr12,17831046,12200000,12150000.5,100000,100000,160,100 kb
scaffold_12,12200001,20,Chr12,17831046,12300000,12250000.5,100000,100000,200,100 kb
scaffold_12,12300001,65,Chr12,17831046,12400000,12350000.5,100000,100000,650,100 kb
scaffold_12,12400001,45,Chr12,17831046,12500000,12450000.5,100000,100000,450,100 kb
scaffold_12,12500001,18,Chr12,17831046,12600000,12550000.5,100000,100000,180,100 kb
scaffold_12,12600001,40,Chr12,17831046,12700000,12650000.5,100000,100000,400,100 kb
scaffold_12,12700001,24,Chr12,17831046,12800000,12750000.5,100000,100000,240,100 kb
scaffold_12,12800001,26,Chr12,17831046,12900000,12850000.5,100000,100000,260,100 kb
scaffold_12,12900001,20,Chr12,17831046,13000000,12950000.5,100000,100000,200,100 kb
scaffold_12,13000001,26,Chr12,17831046,13100000,13050000.5,100000,100000,260,100 kb
scaffold_12,13100001,42,Chr12,17831046,13200000,13150000.5,100000,100000,420,100 kb
scaffold_12,13200001,28,Chr12,17831046,13300000,13250000.5,100000,100000,280,100 kb
scaffold_12,13300001,45,Chr12,17831046,13400000,13350000.5,100000,100000,450,100 kb
scaffold_12,13400001,27,Chr12,17831046,13500000,13450000.5,100000,100000,270,100 kb
scaffold_12,13500001,30,Chr12,17831046,13600000,13550000.5,100000,100000,300,100 kb
scaffold_12,13600001,43,Chr12,17831046,13700000,13650000.5,100000,100000,430,100 kb
scaffold_12,13700001,29,Chr12,17831046,13800000,13750000.5,100000,100000,290,100 kb
scaffold_12,13800001,22,Chr12,17831046,13900000,13850000.5,100000,100000,220,100 kb
scaffold_12,13900001,36,Chr12,17831046,14000000,13950000.5,100000,100000,360,100 kb
scaffold_12,14000001,30,Chr12,17831046,14100000,14050000.5,100000,100000,300,100 kb
scaffold_12,14100001,34,Chr12,17831046,14200000,14150000.5,100000,100000,340,100 kb
scaffold_12,14200001,25,Chr12,17831046,14300000,14250000.5,100000,100000,250,100 kb
scaffold_12,14300001,21,Chr12,17831046,14400000,14350000.5,100000,100000,210,100 kb
scaffold_12,14400001,39,Chr12,17831046,14500000,14450000.5,100000,100000,390,100 kb
scaffold_12,14500001,37,Chr12,17831046,14600000,14550000.5,100000,100000,370,100 kb
scaffold_12,14600001,35,Chr12,17831046,14700000,14650000.5,100000,100000,350,100 kb
scaffold_12,14700001,53,Chr12,17831046,14800000,14750000.5,100000,100000,530,100 kb
scaffold_12,14800001,18,Chr12,17831046,14900000,14850000.5,100000,100000,180,100 kb
scaffold_12,14900001,42,Chr12,17831046,15000000,14950000.5,100000,100000,420,100 kb
scaffold_12,15000001,31,Chr12,17831046,15100000,15050000.5,100000,100000,310,100 kb
scaffold_12,15100001,23,Chr12,17831046,15200000,15150000.5,100000,100000,230,100 kb
scaffold_12,15200001,67,Chr12,17831046,15300000,15250000.5,100000,100000,670,100 kb
scaffold_12,15300001,19,Chr12,17831046,15400000,15350000.5,100000,100000,190,100 kb
scaffold_12,15400001,39,Chr12,17831046,15500000,15450000.5,100000,100000,390,100 kb
scaffold_12,15500001,20,Chr12,17831046,15600000,15550000.5,100000,100000,200,100 kb
scaffold_12,15600001,39,Chr12,17831046,15700000,15650000.5,100000,100000,390,100 kb
scaffold_12,15700001,34,Chr12,17831046,15800000,15750000.5,100000,100000,340,100 kb
scaffold_12,15800001,39,Chr12,17831046,15900000,15850000.5,100000,100000,390,100 kb
scaffold_12,15900001,39,Chr12,17831046,16000000,15950000.5,100000,100000,390,100 kb
scaffold_12,16000001,10,Chr12,17831046,16100000,16050000.5,100000,100000,100,100 kb
scaffold_12,16100001,48,Chr12,17831046,16200000,16150000.5,100000,100000,480,100 kb
scaffold_12,16200001,21,Chr12,17831046,16300000,16250000.5,100000,100000,210,100 kb
scaffold_12,16300001,10,Chr12,17831046,16400000,16350000.5,100000,100000,100,100 kb
scaffold_12,16400001,32,Chr12,17831046,16500000,16450000.5,100000,100000,320,100 kb
scaffold_12,16500001,30,Chr12,17831046,16600000,16550000.5,100000,100000,300,100 kb
scaffold_12,16600001,58,Chr12,17831046,16700000,16650000.5,100000,100000,580,100 kb
scaffold_12,16700001,24,Chr12,17831046,16800000,16750000.5,100000,100000,240,100 kb
scaffold_12,16800001,29,Chr12,17831046,16900000,16850000.5,100000,100000,290,100 kb
scaffold_12,16900001,49,Chr12,17831046,17000000,16950000.5,100000,100000,490,100 kb
scaffold_12,17000001,47,Chr12,17831046,17100000,17050000.5,100000,100000,470,100 kb
scaffold_12,17100001,23,Chr12,17831046,17200000,17150000.5,100000,100000,230,100 kb
scaffold_12,17200001,16,Chr12,17831046,17300000,17250000.5,100000,100000,160,100 kb
scaffold_12,17300001,35,Chr12,17831046,17400000,17350000.5,100000,100000,350,100 kb
scaffold_12,17400001,34,Chr12,17831046,17500000,17450000.5,100000,100000,340,100 kb
scaffold_12,17500001,23,Chr12,17831046,17600000,17550000.5,100000,100000,230,100 kb
scaffold_12,17600001,15,Chr12,17831046,17700000,17650000.5,100000,100000,150,100 kb
scaffold_12,17700001,19,Chr12,17831046,17800000,17750000.5,100000,100000,190,100 kb
scaffold_13,1,3,Chr13,15012242,100000,50000.5,100000,100000,30,100 kb
scaffold_13,100001,6,Chr13,15012242,200000,150000.5,100000,100000,60,100 kb
scaffold_13,200001,31,Chr13,15012242,300000,250000.5,100000,100000,310,100 kb
scaffold_13,300001,19,Chr13,15012242,400000,350000.5,100000,100000,190,100 kb
scaffold_13,400001,41,Chr13,15012242,500000,450000.5,100000,100000,410,100 kb
scaffold_13,500001,142,Chr13,15012242,600000,550000.5,100000,100000,1420,100 kb
scaffold_13,600001,83,Chr13,15012242,700000,650000.5,100000,100000,830,100 kb
scaffold_13,700001,86,Chr13,15012242,800000,750000.5,100000,100000,860,100 kb
scaffold_13,800001,81,Chr13,15012242,900000,850000.5,100000,100000,810,100 kb
scaffold_13,900001,40,Chr13,15012242,1000000,950000.5,100000,100000,400,100 kb
scaffold_13,1000001,66,Chr13,15012242,1100000,1050000.5,100000,100000,660,100 kb
scaffold_13,1100001,80,Chr13,15012242,1200000,1150000.5,100000,100000,800,100 kb
scaffold_13,1200001,70,Chr13,15012242,1300000,1250000.5,100000,100000,700,100 kb
scaffold_13,1300001,26,Chr13,15012242,1400000,1350000.5,100000,100000,260,100 kb
scaffold_13,1400001,40,Chr13,15012242,1500000,1450000.5,100000,100000,400,100 kb
scaffold_13,1500001,67,Chr13,15012242,1600000,1550000.5,100000,100000,670,100 kb
scaffold_13,1600001,43,Chr13,15012242,1700000,1650000.5,100000,100000,430,100 kb
scaffold_13,1700001,27,Chr13,15012242,1800000,1750000.5,100000,100000,270,100 kb
scaffold_13,1800001,76,Chr13,15012242,1900000,1850000.5,100000,100000,760,100 kb
scaffold_13,1900001,58,Chr13,15012242,2000000,1950000.5,100000,100000,580,100 kb
scaffold_13,2000001,129,Chr13,15012242,2100000,2050000.5,100000,100000,1290,100 kb
scaffold_13,2100001,10,Chr13,15012242,2200000,2150000.5,100000,100000,100,100 kb
scaffold_13,2200001,21,Chr13,15012242,2300000,2250000.5,100000,100000,210,100 kb
scaffold_13,2300001,92,Chr13,15012242,2400000,2350000.5,100000,100000,920,100 kb
scaffold_13,2400001,99,Chr13,15012242,2500000,2450000.5,100000,100000,990,100 kb
scaffold_13,2500001,67,Chr13,15012242,2600000,2550000.5,100000,100000,670,100 kb
scaffold_13,2600001,75,Chr13,15012242,2700000,2650000.5,100000,100000,750,100 kb
scaffold_13,2700001,54,Chr13,15012242,2800000,2750000.5,100000,100000,540,100 kb
scaffold_13,2800001,88,Chr13,15012242,2900000,2850000.5,100000,100000,880,100 kb
scaffold_13,2900001,75,Chr13,15012242,3000000,2950000.5,100000,100000,750,100 kb
scaffold_13,3000001,100,Chr13,15012242,3100000,3050000.5,100000,100000,1000,100 kb
scaffold_13,3100001,98,Chr13,15012242,3200000,3150000.5,100000,100000,980,100 kb
scaffold_13,3200001,21,Chr13,15012242,3300000,3250000.5,100000,100000,210,100 kb
scaffold_13,3300001,50,Chr13,15012242,3400000,3350000.5,100000,100000,500,100 kb
scaffold_13,3400001,66,Chr13,15012242,3500000,3450000.5,100000,100000,660,100 kb
scaffold_13,3500001,99,Chr13,15012242,3600000,3550000.5,100000,100000,990,100 kb
scaffold_13,3600001,153,Chr13,15012242,3700000,3650000.5,100000,100000,1530,100 kb
scaffold_13,3700001,42,Chr13,15012242,3800000,3750000.5,100000,100000,420,100 kb
scaffold_13,3800001,88,Chr13,15012242,3900000,3850000.5,100000,100000,880,100 kb
scaffold_13,3900001,86,Chr13,15012242,4000000,3950000.5,100000,100000,860,100 kb
scaffold_13,4000001,5,Chr13,15012242,4100000,4050000.5,100000,100000,50,100 kb
scaffold_13,4100001,61,Chr13,15012242,4200000,4150000.5,100000,100000,610,100 kb
scaffold_13,4200001,51,Chr13,15012242,4300000,4250000.5,100000,100000,510,100 kb
scaffold_13,4300001,87,Chr13,15012242,4400000,4350000.5,100000,100000,870,100 kb
scaffold_13,4400001,53,Chr13,15012242,4500000,4450000.5,100000,100000,530,100 kb
scaffold_13,4500001,28,Chr13,15012242,4600000,4550000.5,100000,100000,280,100 kb
scaffold_13,4600001,53,Chr13,15012242,4700000,4650000.5,100000,100000,530,100 kb
scaffold_13,4700001,22,Chr13,15012242,4800000,4750000.5,100000,100000,220,100 kb
scaffold_13,4800001,72,Chr13,15012242,4900000,4850000.5,100000,100000,720,100 kb
scaffold_13,4900001,38,Chr13,15012242,5000000,4950000.5,100000,100000,380,100 kb
scaffold_13,5000001,83,Chr13,15012242,5100000,5050000.5,100000,100000,830,100 kb
scaffold_13,5100001,105,Chr13,15012242,5200000,5150000.5,100000,100000,1050,100 kb
scaffold_13,5200001,48,Chr13,15012242,5300000,5250000.5,100000,100000,480,100 kb
scaffold_13,5300001,64,Chr13,15012242,5400000,5350000.5,100000,100000,640,100 kb
scaffold_13,5400001,79,Chr13,15012242,5500000,5450000.5,100000,100000,790,100 kb
scaffold_13,5500001,79,Chr13,15012242,5600000,5550000.5,100000,100000,790,100 kb
scaffold_13,5600001,57,Chr13,15012242,5700000,5650000.5,100000,100000,570,100 kb
scaffold_13,5700001,36,Chr13,15012242,5800000,5750000.5,100000,100000,360,100 kb
scaffold_13,5800001,96,Chr13,15012242,5900000,5850000.5,100000,100000,960,100 kb
scaffold_13,5900001,55,Chr13,15012242,6000000,5950000.5,100000,100000,550,100 kb
scaffold_13,6000001,30,Chr13,15012242,6100000,6050000.5,100000,100000,300,100 kb
scaffold_13,6100001,90,Chr13,15012242,6200000,6150000.5,100000,100000,900,100 kb
scaffold_13,6200001,94,Chr13,15012242,6300000,6250000.5,100000,100000,940,100 kb
scaffold_13,6300001,103,Chr13,15012242,6400000,6350000.5,100000,100000,1030,100 kb
scaffold_13,6400001,47,Chr13,15012242,6500000,6450000.5,100000,100000,470,100 kb
scaffold_13,6500001,77,Chr13,15012242,6600000,6550000.5,100000,100000,770,100 kb
scaffold_13,6600001,23,Chr13,15012242,6700000,6650000.5,100000,100000,230,100 kb
scaffold_13,6700001,108,Chr13,15012242,6800000,6750000.5,100000,100000,1080,100 kb
scaffold_13,6800001,49,Chr13,15012242,6900000,6850000.5,100000,100000,490,100 kb
scaffold_13,6900001,86,Chr13,15012242,7000000,6950000.5,100000,100000,860,100 kb
scaffold_13,7000001,31,Chr13,15012242,7100000,7050000.5,100000,100000,310,100 kb
scaffold_13,7100001,15,Chr13,15012242,7200000,7150000.5,100000,100000,150,100 kb
scaffold_13,7200001,97,Chr13,15012242,7300000,7250000.5,100000,100000,970,100 kb
scaffold_13,7300001,95,Chr13,15012242,7400000,7350000.5,100000,100000,950,100 kb
scaffold_13,7400001,78,Chr13,15012242,7500000,7450000.5,100000,100000,780,100 kb
scaffold_13,7500001,136,Chr13,15012242,7600000,7550000.5,100000,100000,1360,100 kb
scaffold_13,7600001,62,Chr13,15012242,7700000,7650000.5,100000,100000,620,100 kb
scaffold_13,7700001,105,Chr13,15012242,7800000,7750000.5,100000,100000,1050,100 kb
scaffold_13,7800001,104,Chr13,15012242,7900000,7850000.5,100000,100000,1040,100 kb
scaffold_13,7900001,80,Chr13,15012242,8000000,7950000.5,100000,100000,800,100 kb
scaffold_13,8000001,71,Chr13,15012242,8100000,8050000.5,100000,100000,710,100 kb
scaffold_13,8100001,74,Chr13,15012242,8200000,8150000.5,100000,100000,740,100 kb
scaffold_13,8200001,34,Chr13,15012242,8300000,8250000.5,100000,100000,340,100 kb
scaffold_13,8300001,41,Chr13,15012242,8400000,8350000.5,100000,100000,410,100 kb
scaffold_13,8400001,127,Chr13,15012242,8500000,8450000.5,100000,100000,1270,100 kb
scaffold_13,8500001,58,Chr13,15012242,8600000,8550000.5,100000,100000,580,100 kb
scaffold_13,8600001,71,Chr13,15012242,8700000,8650000.5,100000,100000,710,100 kb
scaffold_13,8700001,33,Chr13,15012242,8800000,8750000.5,100000,100000,330,100 kb
scaffold_13,8800001,2,Chr13,15012242,8900000,8850000.5,100000,100000,20,100 kb
scaffold_13,8900001,7,Chr13,15012242,9000000,8950000.5,100000,100000,70,100 kb
scaffold_13,9000001,88,Chr13,15012242,9100000,9050000.5,100000,100000,880,100 kb
scaffold_13,9100001,70,Chr13,15012242,9200000,9150000.5,100000,100000,700,100 kb
scaffold_13,9200001,55,Chr13,15012242,9300000,9250000.5,100000,100000,550,100 kb
scaffold_13,9300001,72,Chr13,15012242,9400000,9350000.5,100000,100000,720,100 kb
scaffold_13,9400001,4,Chr13,15012242,9500000,9450000.5,100000,100000,40,100 kb
scaffold_13,9500001,74,Chr13,15012242,9600000,9550000.5,100000,100000,740,100 kb
scaffold_13,9600001,69,Chr13,15012242,9700000,9650000.5,100000,100000,690,100 kb
scaffold_13,9700001,84,Chr13,15012242,9800000,9750000.5,100000,100000,840,100 kb
scaffold_13,9800001,94,Chr13,15012242,9900000,9850000.5,100000,100000,940,100 kb
scaffold_13,9900001,119,Chr13,15012242,10000000,9950000.5,100000,100000,1190,100 kb
scaffold_13,10000001,87,Chr13,15012242,10100000,10050000.5,100000,100000,870,100 kb
scaffold_13,10100001,93,Chr13,15012242,10200000,10150000.5,100000,100000,930,100 kb
scaffold_13,10200001,104,Chr13,15012242,10300000,10250000.5,100000,100000,1040,100 kb
scaffold_13,10300001,47,Chr13,15012242,10400000,10350000.5,100000,100000,470,100 kb
scaffold_13,10400001,77,Chr13,15012242,10500000,10450000.5,100000,100000,770,100 kb
scaffold_13,10500001,81,Chr13,15012242,10600000,10550000.5,100000,100000,810,100 kb
scaffold_13,10600001,51,Chr13,15012242,10700000,10650000.5,100000,100000,510,100 kb
scaffold_13,10700001,75,Chr13,15012242,10800000,10750000.5,100000,100000,750,100 kb
scaffold_13,10800001,73,Chr13,15012242,10900000,10850000.5,100000,100000,730,100 kb
scaffold_13,10900001,146,Chr13,15012242,11000000,10950000.5,100000,100000,1460,100 kb
scaffold_13,11000001,75,Chr13,15012242,11100000,11050000.5,100000,100000,750,100 kb
scaffold_13,11100001,121,Chr13,15012242,11200000,11150000.5,100000,100000,1210,100 kb
scaffold_13,11200001,64,Chr13,15012242,11300000,11250000.5,100000,100000,640,100 kb
scaffold_13,11300001,159,Chr13,15012242,11400000,11350000.5,100000,100000,1590,100 kb
scaffold_13,11400001,104,Chr13,15012242,11500000,11450000.5,100000,100000,1040,100 kb
scaffold_13,11500001,117,Chr13,15012242,11600000,11550000.5,100000,100000,1170,100 kb
scaffold_13,11600001,89,Chr13,15012242,11700000,11650000.5,100000,100000,890,100 kb
scaffold_13,11700001,58,Chr13,15012242,11800000,11750000.5,100000,100000,580,100 kb
scaffold_13,11800001,85,Chr13,15012242,11900000,11850000.5,100000,100000,850,100 kb
scaffold_13,11900001,139,Chr13,15012242,12000000,11950000.5,100000,100000,1390,100 kb
scaffold_13,12000001,67,Chr13,15012242,12100000,12050000.5,100000,100000,670,100 kb
scaffold_13,12100001,163,Chr13,15012242,12200000,12150000.5,100000,100000,1630,100 kb
scaffold_13,12200001,63,Chr13,15012242,12300000,12250000.5,100000,100000,630,100 kb
scaffold_13,12300001,105,Chr13,15012242,12400000,12350000.5,100000,100000,1050,100 kb
scaffold_13,12400001,82,Chr13,15012242,12500000,12450000.5,100000,100000,820,100 kb
scaffold_13,12500001,26,Chr13,15012242,12600000,12550000.5,100000,100000,260,100 kb
scaffold_13,12600001,150,Chr13,15012242,12700000,12650000.5,100000,100000,1500,100 kb
scaffold_13,12700001,176,Chr13,15012242,12800000,12750000.5,100000,100000,1760,100 kb
scaffold_13,12800001,99,Chr13,15012242,12900000,12850000.5,100000,100000,990,100 kb
scaffold_13,12900001,111,Chr13,15012242,13000000,12950000.5,100000,100000,1110,100 kb
scaffold_13,13000001,97,Chr13,15012242,13100000,13050000.5,100000,100000,970,100 kb
scaffold_13,13100001,95,Chr13,15012242,13200000,13150000.5,100000,100000,950,100 kb
scaffold_13,13200001,128,Chr13,15012242,13300000,13250000.5,100000,100000,1280,100 kb
scaffold_13,13300001,129,Chr13,15012242,13400000,13350000.5,100000,100000,1290,100 kb
scaffold_13,13400001,44,Chr13,15012242,13500000,13450000.5,100000,100000,440,100 kb
scaffold_13,13500001,88,Chr13,15012242,13600000,13550000.5,100000,100000,880,100 kb
scaffold_13,13600001,115,Chr13,15012242,13700000,13650000.5,100000,100000,1150,100 kb
scaffold_13,13700001,62,Chr13,15012242,13800000,13750000.5,100000,100000,620,100 kb
scaffold_13,13800001,101,Chr13,15012242,13900000,13850000.5,100000,100000,1010,100 kb
scaffold_13,13900001,188,Chr13,15012242,14000000,13950000.5,100000,100000,1880,100 kb
scaffold_13,14000001,36,Chr13,15012242,14100000,14050000.5,100000,100000,360,100 kb
scaffold_13,14100001,47,Chr13,15012242,14200000,14150000.5,100000,100000,470,100 kb
scaffold_13,14200001,83,Chr13,15012242,14300000,14250000.5,100000,100000,830,100 kb
scaffold_13,14300001,89,Chr13,15012242,14400000,14350000.5,100000,100000,890,100 kb
scaffold_13,14400001,110,Chr13,15012242,14500000,14450000.5,100000,100000,1100,100 kb
scaffold_13,14500001,36,Chr13,15012242,14600000,14550000.5,100000,100000,360,100 kb
scaffold_13,14600001,42,Chr13,15012242,14700000,14650000.5,100000,100000,420,100 kb
scaffold_13,14700001,84,Chr13,15012242,14800000,14750000.5,100000,100000,840,100 kb
scaffold_13,14800001,71,Chr13,15012242,14900000,14850000.5,100000,100000,710,100 kb
scaffold_13,14900001,15,Chr13,15012242,15000000,14950000.5,100000,100000,150,100 kb
scaffold_14,1,5,Chr14,9100013,100000,50000.5,100000,100000,50,100 kb
scaffold_14,100001,44,Chr14,9100013,200000,150000.5,100000,100000,440,100 kb
scaffold_14,200001,36,Chr14,9100013,300000,250000.5,100000,100000,360,100 kb
scaffold_14,300001,16,Chr14,9100013,400000,350000.5,100000,100000,160,100 kb
scaffold_14,400001,28,Chr14,9100013,500000,450000.5,100000,100000,280,100 kb
scaffold_14,500001,17,Chr14,9100013,600000,550000.5,100000,100000,170,100 kb
scaffold_14,600001,21,Chr14,9100013,700000,650000.5,100000,100000,210,100 kb
scaffold_14,700001,21,Chr14,9100013,800000,750000.5,100000,100000,210,100 kb
scaffold_14,800001,14,Chr14,9100013,900000,850000.5,100000,100000,140,100 kb
scaffold_14,900001,16,Chr14,9100013,1000000,950000.5,100000,100000,160,100 kb
scaffold_14,1000001,25,Chr14,9100013,1100000,1050000.5,100000,100000,250,100 kb
scaffold_14,1100001,12,Chr14,9100013,1200000,1150000.5,100000,100000,120,100 kb
scaffold_14,1200001,24,Chr14,9100013,1300000,1250000.5,100000,100000,240,100 kb
scaffold_14,1300001,17,Chr14,9100013,1400000,1350000.5,100000,100000,170,100 kb
scaffold_14,1400001,12,Chr14,9100013,1500000,1450000.5,100000,100000,120,100 kb
scaffold_14,1500001,17,Chr14,9100013,1600000,1550000.5,100000,100000,170,100 kb
scaffold_14,1600001,28,Chr14,9100013,1700000,1650000.5,100000,100000,280,100 kb
scaffold_14,1700001,16,Chr14,9100013,1800000,1750000.5,100000,100000,160,100 kb
scaffold_14,1800001,18,Chr14,9100013,1900000,1850000.5,100000,100000,180,100 kb
scaffold_14,1900001,8,Chr14,9100013,2000000,1950000.5,100000,100000,80,100 kb
scaffold_14,2000001,14,Chr14,9100013,2100000,2050000.5,100000,100000,140,100 kb
scaffold_14,2100001,6,Chr14,9100013,2200000,2150000.5,100000,100000,60,100 kb
scaffold_14,2200001,18,Chr14,9100013,2300000,2250000.5,100000,100000,180,100 kb
scaffold_14,2300001,20,Chr14,9100013,2400000,2350000.5,100000,100000,200,100 kb
scaffold_14,2400001,39,Chr14,9100013,2500000,2450000.5,100000,100000,390,100 kb
scaffold_14,2500001,9,Chr14,9100013,2600000,2550000.5,100000,100000,90,100 kb
scaffold_14,2600001,26,Chr14,9100013,2700000,2650000.5,100000,100000,260,100 kb
scaffold_14,2700001,35,Chr14,9100013,2800000,2750000.5,100000,100000,350,100 kb
scaffold_14,2800001,20,Chr14,9100013,2900000,2850000.5,100000,100000,200,100 kb
scaffold_14,2900001,19,Chr14,9100013,3000000,2950000.5,100000,100000,190,100 kb
scaffold_14,3000001,12,Chr14,9100013,3100000,3050000.5,100000,100000,120,100 kb
scaffold_14,3100001,14,Chr14,9100013,3200000,3150000.5,100000,100000,140,100 kb
scaffold_14,3200001,28,Chr14,9100013,3300000,3250000.5,100000,100000,280,100 kb
scaffold_14,3300001,26,Chr14,9100013,3400000,3350000.5,100000,100000,260,100 kb
scaffold_14,3400001,17,Chr14,9100013,3500000,3450000.5,100000,100000,170,100 kb
scaffold_14,3500001,23,Chr14,9100013,3600000,3550000.5,100000,100000,230,100 kb
scaffold_14,3600001,11,Chr14,9100013,3700000,3650000.5,100000,100000,110,100 kb
scaffold_14,3700001,23,Chr14,9100013,3800000,3750000.5,100000,100000,230,100 kb
scaffold_14,3800001,26,Chr14,9100013,3900000,3850000.5,100000,100000,260,100 kb
scaffold_14,3900001,47,Chr14,9100013,4000000,3950000.5,100000,100000,470,100 kb
scaffold_14,4000001,18,Chr14,9100013,4100000,4050000.5,100000,100000,180,100 kb
scaffold_14,4100001,27,Chr14,9100013,4200000,4150000.5,100000,100000,270,100 kb
scaffold_14,4200001,29,Chr14,9100013,4300000,4250000.5,100000,100000,290,100 kb
scaffold_14,4300001,23,Chr14,9100013,4400000,4350000.5,100000,100000,230,100 kb
scaffold_14,4400001,22,Chr14,9100013,4500000,4450000.5,100000,100000,220,100 kb
scaffold_14,4500001,16,Chr14,9100013,4600000,4550000.5,100000,100000,160,100 kb
scaffold_14,4600001,30,Chr14,9100013,4700000,4650000.5,100000,100000,300,100 kb
scaffold_14,4700001,24,Chr14,9100013,4800000,4750000.5,100000,100000,240,100 kb
scaffold_14,4800001,60,Chr14,9100013,4900000,4850000.5,100000,100000,600,100 kb
scaffold_14,4900001,20,Chr14,9100013,5000000,4950000.5,100000,100000,200,100 kb
scaffold_14,5000001,22,Chr14,9100013,5100000,5050000.5,100000,100000,220,100 kb
scaffold_14,5100001,20,Chr14,9100013,5200000,5150000.5,100000,100000,200,100 kb
scaffold_14,5200001,17,Chr14,9100013,5300000,5250000.5,100000,100000,170,100 kb
scaffold_14,5300001,19,Chr14,9100013,5400000,5350000.5,100000,100000,190,100 kb
scaffold_14,5400001,28,Chr14,9100013,5500000,5450000.5,100000,100000,280,100 kb
scaffold_14,5500001,20,Chr14,9100013,5600000,5550000.5,100000,100000,200,100 kb
scaffold_14,5600001,10,Chr14,9100013,5700000,5650000.5,100000,100000,100,100 kb
scaffold_14,5700001,7,Chr14,9100013,5800000,5750000.5,100000,100000,70,100 kb
scaffold_14,5800001,36,Chr14,9100013,5900000,5850000.5,100000,100000,360,100 kb
scaffold_14,5900001,10,Chr14,9100013,6000000,5950000.5,100000,100000,100,100 kb
scaffold_14,6000001,47,Chr14,9100013,6100000,6050000.5,100000,100000,470,100 kb
scaffold_14,6100001,6,Chr14,9100013,6200000,6150000.5,100000,100000,60,100 kb
scaffold_14,6200001,24,Chr14,9100013,6300000,6250000.5,100000,100000,240,100 kb
scaffold_14,6300001,26,Chr14,9100013,6400000,6350000.5,100000,100000,260,100 kb
scaffold_14,6400001,7,Chr14,9100013,6500000,6450000.5,100000,100000,70,100 kb
scaffold_14,6500001,14,Chr14,9100013,6600000,6550000.5,100000,100000,140,100 kb
scaffold_14,6600001,3,Chr14,9100013,6700000,6650000.5,100000,100000,30,100 kb
scaffold_14,6700001,15,Chr14,9100013,6800000,6750000.5,100000,100000,150,100 kb
scaffold_14,6800001,10,Chr14,9100013,6900000,6850000.5,100000,100000,100,100 kb
scaffold_14,6900001,5,Chr14,9100013,7000000,6950000.5,100000,100000,50,100 kb
scaffold_14,7000001,16,Chr14,9100013,7100000,7050000.5,100000,100000,160,100 kb
scaffold_14,7100001,24,Chr14,9100013,7200000,7150000.5,100000,100000,240,100 kb
scaffold_14,7200001,6,Chr14,9100013,7300000,7250000.5,100000,100000,60,100 kb
scaffold_14,7300001,19,Chr14,9100013,7400000,7350000.5,100000,100000,190,100 kb
scaffold_14,7400001,46,Chr14,9100013,7500000,7450000.5,100000,100000,460,100 kb
scaffold_14,7500001,13,Chr14,9100013,7600000,7550000.5,100000,100000,130,100 kb
scaffold_14,7600001,17,Chr14,9100013,7700000,7650000.5,100000,100000,170,100 kb
scaffold_14,7700001,24,Chr14,9100013,7800000,7750000.5,100000,100000,240,100 kb
scaffold_14,7800001,11,Chr14,9100013,7900000,7850000.5,100000,100000,110,100 kb
scaffold_14,7900001,28,Chr14,9100013,8000000,7950000.5,100000,100000,280,100 kb
scaffold_14,8000001,33,Chr14,9100013,8100000,8050000.5,100000,100000,330,100 kb
scaffold_14,8100001,26,Chr14,9100013,8200000,8150000.5,100000,100000,260,100 kb
scaffold_14,8200001,25,Chr14,9100013,8300000,8250000.5,100000,100000,250,100 kb
scaffold_14,8300001,17,Chr14,9100013,8400000,8350000.5,100000,100000,170,100 kb
scaffold_14,8400001,17,Chr14,9100013,8500000,8450000.5,100000,100000,170,100 kb
scaffold_14,8500001,21,Chr14,9100013,8600000,8550000.5,100000,100000,210,100 kb
scaffold_14,8600001,22,Chr14,9100013,8700000,8650000.5,100000,100000,220,100 kb
scaffold_14,8700001,18,Chr14,9100013,8800000,8750000.5,100000,100000,180,100 kb
scaffold_14,8800001,14,Chr14,9100013,8900000,8850000.5,100000,100000,140,100 kb
scaffold_14,8900001,22,Chr14,9100013,9000000,8950000.5,100000,100000,220,100 kb
scaffold_14,9000001,7,Chr14,9100013,9100000,9050000.5,100000,100000,70,100 kb
scaffold_15,1,1,Chr15,6213574,100000,50000.5,100000,100000,10,100 kb
scaffold_15,400001,4,Chr15,6213574,500000,450000.5,100000,100000,40,100 kb
scaffold_15,500001,13,Chr15,6213574,600000,550000.5,100000,100000,130,100 kb
scaffold_15,600001,17,Chr15,6213574,700000,650000.5,100000,100000,170,100 kb
scaffold_15,700001,8,Chr15,6213574,800000,750000.5,100000,100000,80,100 kb
scaffold_15,800001,18,Chr15,6213574,900000,850000.5,100000,100000,180,100 kb
scaffold_15,900001,26,Chr15,6213574,1000000,950000.5,100000,100000,260,100 kb
scaffold_15,1000001,22,Chr15,6213574,1100000,1050000.5,100000,100000,220,100 kb
scaffold_15,1100001,16,Chr15,6213574,1200000,1150000.5,100000,100000,160,100 kb
scaffold_15,1200001,17,Chr15,6213574,1300000,1250000.5,100000,100000,170,100 kb
scaffold_15,1300001,5,Chr15,6213574,1400000,1350000.5,100000,100000,50,100 kb
scaffold_15,1400001,16,Chr15,6213574,1500000,1450000.5,100000,100000,160,100 kb
scaffold_15,1500001,12,Chr15,6213574,1600000,1550000.5,100000,100000,120,100 kb
scaffold_15,1600001,25,Chr15,6213574,1700000,1650000.5,100000,100000,250,100 kb
scaffold_15,1700001,8,Chr15,6213574,1800000,1750000.5,100000,100000,80,100 kb
scaffold_15,1800001,29,Chr15,6213574,1900000,1850000.5,100000,100000,290,100 kb
scaffold_15,1900001,13,Chr15,6213574,2000000,1950000.5,100000,100000,130,100 kb
scaffold_15,2000001,14,Chr15,6213574,2100000,2050000.5,100000,100000,140,100 kb
scaffold_15,2100001,22,Chr15,6213574,2200000,2150000.5,100000,100000,220,100 kb
scaffold_15,2200001,5,Chr15,6213574,2300000,2250000.5,100000,100000,50,100 kb
scaffold_15,2300001,14,Chr15,6213574,2400000,2350000.5,100000,100000,140,100 kb
scaffold_15,2400001,16,Chr15,6213574,2500000,2450000.5,100000,100000,160,100 kb
scaffold_15,2500001,12,Chr15,6213574,2600000,2550000.5,100000,100000,120,100 kb
scaffold_15,2600001,24,Chr15,6213574,2700000,2650000.5,100000,100000,240,100 kb
scaffold_15,2700001,12,Chr15,6213574,2800000,2750000.5,100000,100000,120,100 kb
scaffold_15,2800001,10,Chr15,6213574,2900000,2850000.5,100000,100000,100,100 kb
scaffold_15,2900001,12,Chr15,6213574,3000000,2950000.5,100000,100000,120,100 kb
scaffold_15,3000001,14,Chr15,6213574,3100000,3050000.5,100000,100000,140,100 kb
scaffold_15,3100001,11,Chr15,6213574,3200000,3150000.5,100000,100000,110,100 kb
scaffold_15,3200001,15,Chr15,6213574,3300000,3250000.5,100000,100000,150,100 kb
scaffold_15,3300001,11,Chr15,6213574,3400000,3350000.5,100000,100000,110,100 kb
scaffold_15,3400001,6,Chr15,6213574,3500000,3450000.5,100000,100000,60,100 kb
scaffold_15,3500001,15,Chr15,6213574,3600000,3550000.5,100000,100000,150,100 kb
scaffold_15,3600001,16,Chr15,6213574,3700000,3650000.5,100000,100000,160,100 kb
scaffold_15,3700001,12,Chr15,6213574,3800000,3750000.5,100000,100000,120,100 kb
scaffold_15,3800001,12,Chr15,6213574,3900000,3850000.5,100000,100000,120,100 kb
scaffold_15,3900001,17,Chr15,6213574,4000000,3950000.5,100000,100000,170,100 kb
scaffold_15,4000001,12,Chr15,6213574,4100000,4050000.5,100000,100000,120,100 kb
scaffold_15,4100001,12,Chr15,6213574,4200000,4150000.5,100000,100000,120,100 kb
scaffold_15,4200001,15,Chr15,6213574,4300000,4250000.5,100000,100000,150,100 kb
scaffold_15,4300001,17,Chr15,6213574,4400000,4350000.5,100000,100000,170,100 kb
scaffold_15,4400001,34,Chr15,6213574,4500000,4450000.5,100000,100000,340,100 kb
scaffold_15,4500001,18,Chr15,6213574,4600000,4550000.5,100000,100000,180,100 kb
scaffold_15,4600001,21,Chr15,6213574,4700000,4650000.5,100000,100000,210,100 kb
scaffold_15,4700001,20,Chr15,6213574,4800000,4750000.5,100000,100000,200,100 kb
scaffold_15,4800001,17,Chr15,6213574,4900000,4850000.5,100000,100000,170,100 kb
scaffold_15,4900001,6,Chr15,6213574,5000000,4950000.5,100000,100000,60,100 kb
scaffold_15,5000001,19,Chr15,6213574,5100000,5050000.5,100000,100000,190,100 kb
scaffold_15,5100001,8,Chr15,6213574,5200000,5150000.5,100000,100000,80,100 kb
scaffold_15,5200001,9,Chr15,6213574,5300000,5250000.5,100000,100000,90,100 kb
scaffold_15,5300001,12,Chr15,6213574,5400000,5350000.5,100000,100000,120,100 kb
scaffold_15,5400001,21,Chr15,6213574,5500000,5450000.5,100000,100000,210,100 kb
scaffold_15,5500001,11,Chr15,6213574,5600000,5550000.5,100000,100000,110,100 kb
scaffold_15,5600001,15,Chr15,6213574,5700000,5650000.5,100000,100000,150,100 kb
scaffold_15,5700001,16,Chr15,6213574,5800000,5750000.5,100000,100000,160,100 kb
scaffold_15,5800001,1,Chr15,6213574,5900000,5850000.5,100000,100000,10,100 kb
scaffold_15,5900001,7,Chr15,6213574,6000000,5950000.5,100000,100000,70,100 kb
scaffold_15,6000001,6,Chr15,6213574,6100000,6050000.5,100000,100000,60,100 kb
scaffold_15,6100001,5,Chr15,6213574,6200000,6150000.5,100000,100000,50,100 kb
scaffold_16,1,17,Chr16,2846023,100000,50000.5,100000,100000,170,100 kb
scaffold_16,100001,15,Chr16,2846023,200000,150000.5,100000,100000,150,100 kb
scaffold_16,200001,35,Chr16,2846023,300000,250000.5,100000,100000,350,100 kb
scaffold_16,300001,24,Chr16,2846023,400000,350000.5,100000,100000,240,100 kb
scaffold_16,400001,32,Chr16,2846023,500000,450000.5,100000,100000,320,100 kb
scaffold_16,500001,12,Chr16,2846023,600000,550000.5,100000,100000,120,100 kb
scaffold_16,600001,28,Chr16,2846023,700000,650000.5,100000,100000,280,100 kb
scaffold_16,700001,83,Chr16,2846023,800000,750000.5,100000,100000,830,100 kb
scaffold_16,800001,34,Chr16,2846023,900000,850000.5,100000,100000,340,100 kb
scaffold_16,900001,103,Chr16,2846023,1000000,950000.5,100000,100000,1030,100 kb
scaffold_16,1000001,74,Chr16,2846023,1100000,1050000.5,100000,100000,740,100 kb
scaffold_16,1100001,26,Chr16,2846023,1200000,1150000.5,100000,100000,260,100 kb
scaffold_16,1200001,49,Chr16,2846023,1300000,1250000.5,100000,100000,490,100 kb
scaffold_16,1300001,75,Chr16,2846023,1400000,1350000.5,100000,100000,750,100 kb
scaffold_16,1400001,46,Chr16,2846023,1500000,1450000.5,100000,100000,460,100 kb
scaffold_16,1500001,94,Chr16,2846023,1600000,1550000.5,100000,100000,940,100 kb
scaffold_16,1600001,71,Chr16,2846023,1700000,1650000.5,100000,100000,710,100 kb
scaffold_16,1700001,48,Chr16,2846023,1800000,1750000.5,100000,100000,480,100 kb
scaffold_16,1800001,57,Chr16,2846023,1900000,1850000.5,100000,100000,570,100 kb
scaffold_16,1900001,71,Chr16,2846023,2000000,1950000.5,100000,100000,710,100 kb
scaffold_16,2000001,23,Chr16,2846023,2100000,2050000.5,100000,100000,230,100 kb
scaffold_16,2100001,66,Chr16,2846023,2200000,2150000.5,100000,100000,660,100 kb
scaffold_16,2200001,75,Chr16,2846023,2300000,2250000.5,100000,100000,750,100 kb
scaffold_16,2300001,87,Chr16,2846023,2400000,2350000.5,100000,100000,870,100 kb
scaffold_16,2400001,36,Chr16,2846023,2500000,2450000.5,100000,100000,360,100 kb
scaffold_16,2500001,21,Chr16,2846023,2600000,2550000.5,100000,100000,210,100 kb
scaffold_16,2600001,44,Chr16,2846023,2700000,2650000.5,100000,100000,440,100 kb
scaffold_16,2700001,28,Chr16,2846023,2800000,2750000.5,100000,100000,280,100 kb
scaffold_16,2800001,2,Chr16,2846023,2846023,2823012,46023,100000,43.45653260326358,100 kb
scaffold_17,1,1,Chr17,2695941,100000,50000.5,100000,100000,10,100 kb
scaffold_17,100001,14,Chr17,2695941,200000,150000.5,100000,100000,140,100 kb
scaffold_17,200001,6,Chr17,2695941,300000,250000.5,100000,100000,60,100 kb
scaffold_17,300001,20,Chr17,2695941,400000,350000.5,100000,100000,200,100 kb
scaffold_17,400001,9,Chr17,2695941,500000,450000.5,100000,100000,90,100 kb
scaffold_17,500001,12,Chr17,2695941,600000,550000.5,100000,100000,120,100 kb
scaffold_17,600001,16,Chr17,2695941,700000,650000.5,100000,100000,160,100 kb
scaffold_17,700001,33,Chr17,2695941,800000,750000.5,100000,100000,330,100 kb
scaffold_17,800001,29,Chr17,2695941,900000,850000.5,100000,100000,290,100 kb
scaffold_17,900001,26,Chr17,2695941,1000000,950000.5,100000,100000,260,100 kb
scaffold_17,1000001,40,Chr17,2695941,1100000,1050000.5,100000,100000,400,100 kb
scaffold_17,1100001,23,Chr17,2695941,1200000,1150000.5,100000,100000,230,100 kb
scaffold_17,1200001,16,Chr17,2695941,1300000,1250000.5,100000,100000,160,100 kb
scaffold_17,1300001,18,Chr17,2695941,1400000,1350000.5,100000,100000,180,100 kb
scaffold_17,1400001,3,Chr17,2695941,1500000,1450000.5,100000,100000,30,100 kb
scaffold_17,1500001,9,Chr17,2695941,1600000,1550000.5,100000,100000,90,100 kb
scaffold_17,1600001,5,Chr17,2695941,1700000,1650000.5,100000,100000,50,100 kb
scaffold_17,1700001,9,Chr17,2695941,1800000,1750000.5,100000,100000,90,100 kb
scaffold_17,1800001,20,Chr17,2695941,1900000,1850000.5,100000,100000,200,100 kb
scaffold_17,1900001,20,Chr17,2695941,2000000,1950000.5,100000,100000,200,100 kb
scaffold_17,2000001,9,Chr17,2695941,2100000,2050000.5,100000,100000,90,100 kb
scaffold_17,2100001,13,Chr17,2695941,2200000,2150000.5,100000,100000,130,100 kb
scaffold_17,2200001,18,Chr17,2695941,2300000,2250000.5,100000,100000,180,100 kb
scaffold_17,2300001,11,Chr17,2695941,2400000,2350000.5,100000,100000,110,100 kb
scaffold_17,2400001,14,Chr17,2695941,2500000,2450000.5,100000,100000,140,100 kb
scaffold_17,2500001,11,Chr17,2695941,2600000,2550000.5,100000,100000,110,100 kb
scaffold_17,2600001,6,Chr17,2695941,2695941,2647971,95941,100000,62.53843507989285,100 kb
scaffold_18,1,12,Chr18,1965232,100000,50000.5,100000,100000,120,100 kb
scaffold_18,100001,14,Chr18,1965232,200000,150000.5,100000,100000,140,100 kb
scaffold_18,200001,21,Chr18,1965232,300000,250000.5,100000,100000,210,100 kb
scaffold_18,300001,8,Chr18,1965232,400000,350000.5,100000,100000,80,100 kb
scaffold_18,400001,26,Chr18,1965232,500000,450000.5,100000,100000,260,100 kb
scaffold_18,500001,13,Chr18,1965232,600000,550000.5,100000,100000,130,100 kb
scaffold_18,600001,25,Chr18,1965232,700000,650000.5,100000,100000,250,100 kb
scaffold_18,700001,23,Chr18,1965232,800000,750000.5,100000,100000,230,100 kb
scaffold_18,800001,15,Chr18,1965232,900000,850000.5,100000,100000,150,100 kb
scaffold_18,900001,7,Chr18,1965232,1000000,950000.5,100000,100000,70,100 kb
scaffold_18,1000001,8,Chr18,1965232,1100000,1050000.5,100000,100000,80,100 kb
scaffold_18,1100001,18,Chr18,1965232,1200000,1150000.5,100000,100000,180,100 kb
scaffold_18,1200001,10,Chr18,1965232,1300000,1250000.5,100000,100000,100,100 kb
scaffold_18,1300001,10,Chr18,1965232,1400000,1350000.5,100000,100000,100,100 kb
scaffold_18,1400001,6,Chr18,1965232,1500000,1450000.5,100000,100000,60,100 kb
scaffold_18,1500001,3,Chr18,1965232,1600000,1550000.5,100000,100000,30,100 kb
scaffold_18,1600001,6,Chr18,1965232,1700000,1650000.5,100000,100000,60,100 kb
scaffold_18,1700001,15,Chr18,1965232,1800000,1750000.5,100000,100000,150,100 kb
scaffold_18,1800001,12,Chr18,1965232,1900000,1850000.5,100000,100000,120,100 kb
scaffold_18,1900001,3,Chr18,1965232,1965232,1932616.5,65232,100000,45.989698307579104,100 kb
scaffold_2,15200001,0,Chr2,40817374,15300000,15250000.5,100000,100000,0,100 kb
scaffold_5,8100001,0,Chr5,30106416,8200000,8150000.5,100000,100000,0,100 kb
scaffold_5,30100001,0,Chr5,30106416,30106416,30103208.5,6416,100000,0,100 kb
scaffold_6,23900001,0,Chr6,23938505,23938505,23919253,38505,100000,0,100 kb
scaffold_8,18500001,0,Chr8,22139275,18600000,18550000.5,100000,100000,0,100 kb
scaffold_9,15400001,0,Chr9,21681353,15500000,15450000.5,100000,100000,0,100 kb
scaffold_10,11700001,0,Chr10,21286786,11800000,11750000.5,100000,100000,0,100 kb
scaffold_12,17800001,0,Chr12,17831046,17831046,17815523.5,31046,100000,0,100 kb
scaffold_13,15000001,0,Chr13,15012242,15012242,15006121.5,12242,100000,0,100 kb
scaffold_14,9100001,0,Chr14,9100013,9100013,9100007,13,100000,0,100 kb
scaffold_15,100001,0,Chr15,6213574,200000,150000.5,100000,100000,0,100 kb
scaffold_15,200001,0,Chr15,6213574,300000,250000.5,100000,100000,0,100 kb
scaffold_15,300001,0,Chr15,6213574,400000,350000.5,100000,100000,0,100 kb
scaffold_15,6200001,0,Chr15,6213574,6213574,6206787.5,13574,100000,0,100 kb
scaffold_1,1,153,Chr1,45697135,250000,125000.5,250000,250000,612,250 kb
scaffold_1,250001,222,Chr1,45697135,500000,375000.5,250000,250000,888,250 kb
scaffold_1,500001,164,Chr1,45697135,750000,625000.5,250000,250000,656,250 kb
scaffold_1,750001,137,Chr1,45697135,1000000,875000.5,250000,250000,548,250 kb
scaffold_1,1000001,162,Chr1,45697135,1250000,1125000.5,250000,250000,648,250 kb
scaffold_1,1250001,297,Chr1,45697135,1500000,1375000.5,250000,250000,1188,250 kb
scaffold_1,1500001,176,Chr1,45697135,1750000,1625000.5,250000,250000,704,250 kb
scaffold_1,1750001,219,Chr1,45697135,2000000,1875000.5,250000,250000,876,250 kb
scaffold_1,2000001,192,Chr1,45697135,2250000,2125000.5,250000,250000,768,250 kb
scaffold_1,2250001,186,Chr1,45697135,2500000,2375000.5,250000,250000,744,250 kb
scaffold_1,2500001,272,Chr1,45697135,2750000,2625000.5,250000,250000,1088,250 kb
scaffold_1,2750001,238,Chr1,45697135,3000000,2875000.5,250000,250000,952,250 kb
scaffold_1,3000001,307,Chr1,45697135,3250000,3125000.5,250000,250000,1228,250 kb
scaffold_1,3250001,164,Chr1,45697135,3500000,3375000.5,250000,250000,656,250 kb
scaffold_1,3500001,198,Chr1,45697135,3750000,3625000.5,250000,250000,792,250 kb
scaffold_1,3750001,237,Chr1,45697135,4000000,3875000.5,250000,250000,948,250 kb
scaffold_1,4000001,160,Chr1,45697135,4250000,4125000.5,250000,250000,640,250 kb
scaffold_1,4250001,353,Chr1,45697135,4500000,4375000.5,250000,250000,1412,250 kb
scaffold_1,4500001,253,Chr1,45697135,4750000,4625000.5,250000,250000,1012,250 kb
scaffold_1,4750001,133,Chr1,45697135,5000000,4875000.5,250000,250000,532,250 kb
scaffold_1,5000001,176,Chr1,45697135,5250000,5125000.5,250000,250000,704,250 kb
scaffold_1,5250001,155,Chr1,45697135,5500000,5375000.5,250000,250000,620,250 kb
scaffold_1,5500001,235,Chr1,45697135,5750000,5625000.5,250000,250000,940,250 kb
scaffold_1,5750001,174,Chr1,45697135,6000000,5875000.5,250000,250000,696,250 kb
scaffold_1,6000001,210,Chr1,45697135,6250000,6125000.5,250000,250000,840,250 kb
scaffold_1,6250001,189,Chr1,45697135,6500000,6375000.5,250000,250000,756,250 kb
scaffold_1,6500001,211,Chr1,45697135,6750000,6625000.5,250000,250000,844,250 kb
scaffold_1,6750001,147,Chr1,45697135,7000000,6875000.5,250000,250000,588,250 kb
scaffold_1,7000001,139,Chr1,45697135,7250000,7125000.5,250000,250000,556,250 kb
scaffold_1,7250001,54,Chr1,45697135,7500000,7375000.5,250000,250000,216,250 kb
scaffold_1,7500001,108,Chr1,45697135,7750000,7625000.5,250000,250000,432,250 kb
scaffold_1,7750001,42,Chr1,45697135,8000000,7875000.5,250000,250000,168,250 kb
scaffold_1,8000001,118,Chr1,45697135,8250000,8125000.5,250000,250000,472,250 kb
scaffold_1,8250001,71,Chr1,45697135,8500000,8375000.5,250000,250000,284,250 kb
scaffold_1,8500001,114,Chr1,45697135,8750000,8625000.5,250000,250000,456,250 kb
scaffold_1,8750001,102,Chr1,45697135,9000000,8875000.5,250000,250000,408,250 kb
scaffold_1,9000001,66,Chr1,45697135,9250000,9125000.5,250000,250000,264,250 kb
scaffold_1,9250001,190,Chr1,45697135,9500000,9375000.5,250000,250000,760,250 kb
scaffold_1,9500001,158,Chr1,45697135,9750000,9625000.5,250000,250000,632,250 kb
scaffold_1,9750001,173,Chr1,45697135,10000000,9875000.5,250000,250000,692,250 kb
scaffold_1,10000001,81,Chr1,45697135,10250000,10125000.5,250000,250000,324,250 kb
scaffold_1,10250001,142,Chr1,45697135,10500000,10375000.5,250000,250000,568,250 kb
scaffold_1,10500001,99,Chr1,45697135,10750000,10625000.5,250000,250000,396,250 kb
scaffold_1,10750001,108,Chr1,45697135,11000000,10875000.5,250000,250000,432,250 kb
scaffold_1,11000001,49,Chr1,45697135,11250000,11125000.5,250000,250000,196,250 kb
scaffold_1,11250001,131,Chr1,45697135,11500000,11375000.5,250000,250000,524,250 kb
scaffold_1,11500001,164,Chr1,45697135,11750000,11625000.5,250000,250000,656,250 kb
scaffold_1,11750001,84,Chr1,45697135,12000000,11875000.5,250000,250000,336,250 kb
scaffold_1,12000001,133,Chr1,45697135,12250000,12125000.5,250000,250000,532,250 kb
scaffold_1,12250001,141,Chr1,45697135,12500000,12375000.5,250000,250000,564,250 kb
scaffold_1,12500001,66,Chr1,45697135,12750000,12625000.5,250000,250000,264,250 kb
scaffold_1,12750001,94,Chr1,45697135,13000000,12875000.5,250000,250000,376,250 kb
scaffold_1,13000001,77,Chr1,45697135,13250000,13125000.5,250000,250000,308,250 kb
scaffold_1,13250001,120,Chr1,45697135,13500000,13375000.5,250000,250000,480,250 kb
scaffold_1,13500001,107,Chr1,45697135,13750000,13625000.5,250000,250000,428,250 kb
scaffold_1,13750001,96,Chr1,45697135,14000000,13875000.5,250000,250000,384,250 kb
scaffold_1,14000001,98,Chr1,45697135,14250000,14125000.5,250000,250000,392,250 kb
scaffold_1,14250001,63,Chr1,45697135,14500000,14375000.5,250000,250000,252,250 kb
scaffold_1,14500001,62,Chr1,45697135,14750000,14625000.5,250000,250000,248,250 kb
scaffold_1,14750001,50,Chr1,45697135,15000000,14875000.5,250000,250000,200,250 kb
scaffold_1,15000001,81,Chr1,45697135,15250000,15125000.5,250000,250000,324,250 kb
scaffold_1,15250001,54,Chr1,45697135,15500000,15375000.5,250000,250000,216,250 kb
scaffold_1,15500001,50,Chr1,45697135,15750000,15625000.5,250000,250000,200,250 kb
scaffold_1,15750001,76,Chr1,45697135,16000000,15875000.5,250000,250000,304,250 kb
scaffold_1,16000001,41,Chr1,45697135,16250000,16125000.5,250000,250000,164,250 kb
scaffold_1,16250001,74,Chr1,45697135,16500000,16375000.5,250000,250000,296,250 kb
scaffold_1,16500001,85,Chr1,45697135,16750000,16625000.5,250000,250000,340,250 kb
scaffold_1,16750001,107,Chr1,45697135,17000000,16875000.5,250000,250000,428,250 kb
scaffold_1,17000001,199,Chr1,45697135,17250000,17125000.5,250000,250000,796,250 kb
scaffold_1,17250001,146,Chr1,45697135,17500000,17375000.5,250000,250000,584,250 kb
scaffold_1,17500001,131,Chr1,45697135,17750000,17625000.5,250000,250000,524,250 kb
scaffold_1,17750001,40,Chr1,45697135,18000000,17875000.5,250000,250000,160,250 kb
scaffold_1,18000001,168,Chr1,45697135,18250000,18125000.5,250000,250000,672,250 kb
scaffold_1,18250001,119,Chr1,45697135,18500000,18375000.5,250000,250000,476,250 kb
scaffold_1,18500001,121,Chr1,45697135,18750000,18625000.5,250000,250000,484,250 kb
scaffold_1,18750001,84,Chr1,45697135,19000000,18875000.5,250000,250000,336,250 kb
scaffold_1,19000001,192,Chr1,45697135,19250000,19125000.5,250000,250000,768,250 kb
scaffold_1,19250001,154,Chr1,45697135,19500000,19375000.5,250000,250000,616,250 kb
scaffold_1,19500001,192,Chr1,45697135,19750000,19625000.5,250000,250000,768,250 kb
scaffold_1,19750001,136,Chr1,45697135,20000000,19875000.5,250000,250000,544,250 kb
scaffold_1,20000001,135,Chr1,45697135,20250000,20125000.5,250000,250000,540,250 kb
scaffold_1,20250001,149,Chr1,45697135,20500000,20375000.5,250000,250000,596,250 kb
scaffold_1,20500001,125,Chr1,45697135,20750000,20625000.5,250000,250000,500,250 kb
scaffold_1,20750001,164,Chr1,45697135,21000000,20875000.5,250000,250000,656,250 kb
scaffold_1,21000001,234,Chr1,45697135,21250000,21125000.5,250000,250000,936,250 kb
scaffold_1,21250001,95,Chr1,45697135,21500000,21375000.5,250000,250000,380,250 kb
scaffold_1,21500001,132,Chr1,45697135,21750000,21625000.5,250000,250000,528,250 kb
scaffold_1,21750001,138,Chr1,45697135,22000000,21875000.5,250000,250000,552,250 kb
scaffold_1,22000001,70,Chr1,45697135,22250000,22125000.5,250000,250000,280,250 kb
scaffold_1,22250001,168,Chr1,45697135,22500000,22375000.5,250000,250000,672,250 kb
scaffold_1,22500001,115,Chr1,45697135,22750000,22625000.5,250000,250000,460,250 kb
scaffold_1,22750001,120,Chr1,45697135,23000000,22875000.5,250000,250000,480,250 kb
scaffold_1,23000001,152,Chr1,45697135,23250000,23125000.5,250000,250000,608,250 kb
scaffold_1,23250001,141,Chr1,45697135,23500000,23375000.5,250000,250000,564,250 kb
scaffold_1,23500001,100,Chr1,45697135,23750000,23625000.5,250000,250000,400,250 kb
scaffold_1,23750001,90,Chr1,45697135,24000000,23875000.5,250000,250000,360,250 kb
scaffold_1,24000001,120,Chr1,45697135,24250000,24125000.5,250000,250000,480,250 kb
scaffold_1,24250001,180,Chr1,45697135,24500000,24375000.5,250000,250000,720,250 kb
scaffold_1,24500001,128,Chr1,45697135,24750000,24625000.5,250000,250000,512,250 kb
scaffold_1,24750001,207,Chr1,45697135,25000000,24875000.5,250000,250000,828,250 kb
scaffold_1,25000001,85,Chr1,45697135,25250000,25125000.5,250000,250000,340,250 kb
scaffold_1,25250001,138,Chr1,45697135,25500000,25375000.5,250000,250000,552,250 kb
scaffold_1,25500001,125,Chr1,45697135,25750000,25625000.5,250000,250000,500,250 kb
scaffold_1,25750001,101,Chr1,45697135,26000000,25875000.5,250000,250000,404,250 kb
scaffold_1,26000001,97,Chr1,45697135,26250000,26125000.5,250000,250000,388,250 kb
scaffold_1,26250001,160,Chr1,45697135,26500000,26375000.5,250000,250000,640,250 kb
scaffold_1,26500001,65,Chr1,45697135,26750000,26625000.5,250000,250000,260,250 kb
scaffold_1,26750001,57,Chr1,45697135,27000000,26875000.5,250000,250000,228,250 kb
scaffold_1,27000001,80,Chr1,45697135,27250000,27125000.5,250000,250000,320,250 kb
scaffold_1,27250001,78,Chr1,45697135,27500000,27375000.5,250000,250000,312,250 kb
scaffold_1,27500001,94,Chr1,45697135,27750000,27625000.5,250000,250000,376,250 kb
scaffold_1,27750001,46,Chr1,45697135,28000000,27875000.5,250000,250000,184,250 kb
scaffold_1,28000001,95,Chr1,45697135,28250000,28125000.5,250000,250000,380,250 kb
scaffold_1,28250001,81,Chr1,45697135,28500000,28375000.5,250000,250000,324,250 kb
scaffold_1,28500001,72,Chr1,45697135,28750000,28625000.5,250000,250000,288,250 kb
scaffold_1,28750001,92,Chr1,45697135,29000000,28875000.5,250000,250000,368,250 kb
scaffold_1,29000001,133,Chr1,45697135,29250000,29125000.5,250000,250000,532,250 kb
scaffold_1,29250001,105,Chr1,45697135,29500000,29375000.5,250000,250000,420,250 kb
scaffold_1,29500001,120,Chr1,45697135,29750000,29625000.5,250000,250000,480,250 kb
scaffold_1,29750001,120,Chr1,45697135,30000000,29875000.5,250000,250000,480,250 kb
scaffold_1,30000001,54,Chr1,45697135,30250000,30125000.5,250000,250000,216,250 kb
scaffold_1,30250001,111,Chr1,45697135,30500000,30375000.5,250000,250000,444,250 kb
scaffold_1,30500001,77,Chr1,45697135,30750000,30625000.5,250000,250000,308,250 kb
scaffold_1,30750001,57,Chr1,45697135,31000000,30875000.5,250000,250000,228,250 kb
scaffold_1,31000001,72,Chr1,45697135,31250000,31125000.5,250000,250000,288,250 kb
scaffold_1,31250001,62,Chr1,45697135,31500000,31375000.5,250000,250000,248,250 kb
scaffold_1,31500001,50,Chr1,45697135,31750000,31625000.5,250000,250000,200,250 kb
scaffold_1,31750001,26,Chr1,45697135,32000000,31875000.5,250000,250000,104,250 kb
scaffold_1,32000001,38,Chr1,45697135,32250000,32125000.5,250000,250000,152,250 kb
scaffold_1,32250001,63,Chr1,45697135,32500000,32375000.5,250000,250000,252,250 kb
scaffold_1,32500001,76,Chr1,45697135,32750000,32625000.5,250000,250000,304,250 kb
scaffold_1,32750001,49,Chr1,45697135,33000000,32875000.5,250000,250000,196,250 kb
scaffold_1,33000001,68,Chr1,45697135,33250000,33125000.5,250000,250000,272,250 kb
scaffold_1,33250001,59,Chr1,45697135,33500000,33375000.5,250000,250000,236,250 kb
scaffold_1,33500001,74,Chr1,45697135,33750000,33625000.5,250000,250000,296,250 kb
scaffold_1,33750001,94,Chr1,45697135,34000000,33875000.5,250000,250000,376,250 kb
scaffold_1,34000001,128,Chr1,45697135,34250000,34125000.5,250000,250000,512,250 kb
scaffold_1,34250001,78,Chr1,45697135,34500000,34375000.5,250000,250000,312,250 kb
scaffold_1,34500001,168,Chr1,45697135,34750000,34625000.5,250000,250000,672,250 kb
scaffold_1,34750001,115,Chr1,45697135,35000000,34875000.5,250000,250000,460,250 kb
scaffold_1,35000001,118,Chr1,45697135,35250000,35125000.5,250000,250000,472,250 kb
scaffold_1,35250001,152,Chr1,45697135,35500000,35375000.5,250000,250000,608,250 kb
scaffold_1,35500001,111,Chr1,45697135,35750000,35625000.5,250000,250000,444,250 kb
scaffold_1,35750001,60,Chr1,45697135,36000000,35875000.5,250000,250000,240,250 kb
scaffold_1,36000001,155,Chr1,45697135,36250000,36125000.5,250000,250000,620,250 kb
scaffold_1,36250001,151,Chr1,45697135,36500000,36375000.5,250000,250000,604,250 kb
scaffold_1,36500001,122,Chr1,45697135,36750000,36625000.5,250000,250000,488,250 kb
scaffold_1,36750001,167,Chr1,45697135,37000000,36875000.5,250000,250000,668,250 kb
scaffold_1,37000001,191,Chr1,45697135,37250000,37125000.5,250000,250000,764,250 kb
scaffold_1,37250001,168,Chr1,45697135,37500000,37375000.5,250000,250000,672,250 kb
scaffold_1,37500001,180,Chr1,45697135,37750000,37625000.5,250000,250000,720,250 kb
scaffold_1,37750001,197,Chr1,45697135,38000000,37875000.5,250000,250000,788,250 kb
scaffold_1,38000001,148,Chr1,45697135,38250000,38125000.5,250000,250000,592,250 kb
scaffold_1,38250001,116,Chr1,45697135,38500000,38375000.5,250000,250000,464,250 kb
scaffold_1,38500001,148,Chr1,45697135,38750000,38625000.5,250000,250000,592,250 kb
scaffold_1,38750001,257,Chr1,45697135,39000000,38875000.5,250000,250000,1028,250 kb
scaffold_1,39000001,185,Chr1,45697135,39250000,39125000.5,250000,250000,740,250 kb
scaffold_1,39250001,107,Chr1,45697135,39500000,39375000.5,250000,250000,428,250 kb
scaffold_1,39500001,69,Chr1,45697135,39750000,39625000.5,250000,250000,276,250 kb
scaffold_1,39750001,242,Chr1,45697135,40000000,39875000.5,250000,250000,968,250 kb
scaffold_1,40000001,262,Chr1,45697135,40250000,40125000.5,250000,250000,1048,250 kb
scaffold_1,40250001,240,Chr1,45697135,40500000,40375000.5,250000,250000,960,250 kb
scaffold_1,40500001,210,Chr1,45697135,40750000,40625000.5,250000,250000,840,250 kb
scaffold_1,40750001,188,Chr1,45697135,41000000,40875000.5,250000,250000,752,250 kb
scaffold_1,41000001,281,Chr1,45697135,41250000,41125000.5,250000,250000,1124,250 kb
scaffold_1,41250001,199,Chr1,45697135,41500000,41375000.5,250000,250000,796,250 kb
scaffold_1,41500001,123,Chr1,45697135,41750000,41625000.5,250000,250000,492,250 kb
scaffold_1,41750001,188,Chr1,45697135,42000000,41875000.5,250000,250000,752,250 kb
scaffold_1,42000001,319,Chr1,45697135,42250000,42125000.5,250000,250000,1276,250 kb
scaffold_1,42250001,185,Chr1,45697135,42500000,42375000.5,250000,250000,740,250 kb
scaffold_1,42500001,246,Chr1,45697135,42750000,42625000.5,250000,250000,984,250 kb
scaffold_1,42750001,196,Chr1,45697135,43000000,42875000.5,250000,250000,784,250 kb
scaffold_1,43000001,332,Chr1,45697135,43250000,43125000.5,250000,250000,1328,250 kb
scaffold_1,43250001,211,Chr1,45697135,43500000,43375000.5,250000,250000,844,250 kb
scaffold_1,43500001,272,Chr1,45697135,43750000,43625000.5,250000,250000,1088,250 kb
scaffold_1,43750001,192,Chr1,45697135,44000000,43875000.5,250000,250000,768,250 kb
scaffold_1,44000001,240,Chr1,45697135,44250000,44125000.5,250000,250000,960,250 kb
scaffold_1,44250001,189,Chr1,45697135,44500000,44375000.5,250000,250000,756,250 kb
scaffold_1,44500001,255,Chr1,45697135,44750000,44625000.5,250000,250000,1020,250 kb
scaffold_1,44750001,235,Chr1,45697135,45000000,44875000.5,250000,250000,940,250 kb
scaffold_1,45000001,243,Chr1,45697135,45250000,45125000.5,250000,250000,972,250 kb
scaffold_1,45250001,177,Chr1,45697135,45500000,45375000.5,250000,250000,708,250 kb
scaffold_1,45500001,156,Chr1,45697135,45697135,45598568,197135,250000,791.3358865751895,250 kb
scaffold_2,1,33,Chr2,40817374,250000,125000.5,250000,250000,132,250 kb
scaffold_2,250001,35,Chr2,40817374,500000,375000.5,250000,250000,140,250 kb
scaffold_2,500001,61,Chr2,40817374,750000,625000.5,250000,250000,244,250 kb
scaffold_2,750001,40,Chr2,40817374,1000000,875000.5,250000,250000,160,250 kb
scaffold_2,1000001,34,Chr2,40817374,1250000,1125000.5,250000,250000,136,250 kb
scaffold_2,1250001,155,Chr2,40817374,1500000,1375000.5,250000,250000,620,250 kb
scaffold_2,1500001,32,Chr2,40817374,1750000,1625000.5,250000,250000,128,250 kb
scaffold_2,1750001,38,Chr2,40817374,2000000,1875000.5,250000,250000,152,250 kb
scaffold_2,2000001,39,Chr2,40817374,2250000,2125000.5,250000,250000,156,250 kb
scaffold_2,2250001,40,Chr2,40817374,2500000,2375000.5,250000,250000,160,250 kb
scaffold_2,2500001,33,Chr2,40817374,2750000,2625000.5,250000,250000,132,250 kb
scaffold_2,2750001,36,Chr2,40817374,3000000,2875000.5,250000,250000,144,250 kb
scaffold_2,3000001,26,Chr2,40817374,3250000,3125000.5,250000,250000,104,250 kb
scaffold_2,3250001,36,Chr2,40817374,3500000,3375000.5,250000,250000,144,250 kb
scaffold_2,3500001,29,Chr2,40817374,3750000,3625000.5,250000,250000,116,250 kb
scaffold_2,3750001,52,Chr2,40817374,4000000,3875000.5,250000,250000,208,250 kb
scaffold_2,4000001,27,Chr2,40817374,4250000,4125000.5,250000,250000,108,250 kb
scaffold_2,4250001,34,Chr2,40817374,4500000,4375000.5,250000,250000,136,250 kb
scaffold_2,4500001,20,Chr2,40817374,4750000,4625000.5,250000,250000,80,250 kb
scaffold_2,4750001,44,Chr2,40817374,5000000,4875000.5,250000,250000,176,250 kb
scaffold_2,5000001,21,Chr2,40817374,5250000,5125000.5,250000,250000,84,250 kb
scaffold_2,5250001,27,Chr2,40817374,5500000,5375000.5,250000,250000,108,250 kb
scaffold_2,5500001,58,Chr2,40817374,5750000,5625000.5,250000,250000,232,250 kb
scaffold_2,5750001,42,Chr2,40817374,6000000,5875000.5,250000,250000,168,250 kb
scaffold_2,6000001,80,Chr2,40817374,6250000,6125000.5,250000,250000,320,250 kb
scaffold_2,6250001,31,Chr2,40817374,6500000,6375000.5,250000,250000,124,250 kb
scaffold_2,6500001,46,Chr2,40817374,6750000,6625000.5,250000,250000,184,250 kb
scaffold_2,6750001,27,Chr2,40817374,7000000,6875000.5,250000,250000,108,250 kb
scaffold_2,7000001,47,Chr2,40817374,7250000,7125000.5,250000,250000,188,250 kb
scaffold_2,7250001,15,Chr2,40817374,7500000,7375000.5,250000,250000,60,250 kb
scaffold_2,7500001,40,Chr2,40817374,7750000,7625000.5,250000,250000,160,250 kb
scaffold_2,7750001,38,Chr2,40817374,8000000,7875000.5,250000,250000,152,250 kb
scaffold_2,8000001,42,Chr2,40817374,8250000,8125000.5,250000,250000,168,250 kb
scaffold_2,8250001,21,Chr2,40817374,8500000,8375000.5,250000,250000,84,250 kb
scaffold_2,8500001,48,Chr2,40817374,8750000,8625000.5,250000,250000,192,250 kb
scaffold_2,8750001,45,Chr2,40817374,9000000,8875000.5,250000,250000,180,250 kb
scaffold_2,9000001,33,Chr2,40817374,9250000,9125000.5,250000,250000,132,250 kb
scaffold_2,9250001,62,Chr2,40817374,9500000,9375000.5,250000,250000,248,250 kb
scaffold_2,9500001,48,Chr2,40817374,9750000,9625000.5,250000,250000,192,250 kb
scaffold_2,9750001,48,Chr2,40817374,10000000,9875000.5,250000,250000,192,250 kb
scaffold_2,10000001,43,Chr2,40817374,10250000,10125000.5,250000,250000,172,250 kb
scaffold_2,10250001,29,Chr2,40817374,10500000,10375000.5,250000,250000,116,250 kb
scaffold_2,10500001,48,Chr2,40817374,10750000,10625000.5,250000,250000,192,250 kb
scaffold_2,10750001,52,Chr2,40817374,11000000,10875000.5,250000,250000,208,250 kb
scaffold_2,11000001,29,Chr2,40817374,11250000,11125000.5,250000,250000,116,250 kb
scaffold_2,11250001,40,Chr2,40817374,11500000,11375000.5,250000,250000,160,250 kb
scaffold_2,11500001,52,Chr2,40817374,11750000,11625000.5,250000,250000,208,250 kb
scaffold_2,11750001,37,Chr2,40817374,12000000,11875000.5,250000,250000,148,250 kb
scaffold_2,12000001,43,Chr2,40817374,12250000,12125000.5,250000,250000,172,250 kb
scaffold_2,12250001,58,Chr2,40817374,12500000,12375000.5,250000,250000,232,250 kb
scaffold_2,12500001,50,Chr2,40817374,12750000,12625000.5,250000,250000,200,250 kb
scaffold_2,12750001,24,Chr2,40817374,13000000,12875000.5,250000,250000,96,250 kb
scaffold_2,13000001,35,Chr2,40817374,13250000,13125000.5,250000,250000,140,250 kb
scaffold_2,13250001,30,Chr2,40817374,13500000,13375000.5,250000,250000,120,250 kb
scaffold_2,13500001,54,Chr2,40817374,13750000,13625000.5,250000,250000,216,250 kb
scaffold_2,13750001,39,Chr2,40817374,14000000,13875000.5,250000,250000,156,250 kb
scaffold_2,14000001,27,Chr2,40817374,14250000,14125000.5,250000,250000,108,250 kb
scaffold_2,14250001,37,Chr2,40817374,14500000,14375000.5,250000,250000,148,250 kb
scaffold_2,14500001,30,Chr2,40817374,14750000,14625000.5,250000,250000,120,250 kb
scaffold_2,14750001,23,Chr2,40817374,15000000,14875000.5,250000,250000,92,250 kb
scaffold_2,15000001,11,Chr2,40817374,15250000,15125000.5,250000,250000,44,250 kb
scaffold_2,15250001,16,Chr2,40817374,15500000,15375000.5,250000,250000,64,250 kb
scaffold_2,15500001,29,Chr2,40817374,15750000,15625000.5,250000,250000,116,250 kb
scaffold_2,15750001,44,Chr2,40817374,16000000,15875000.5,250000,250000,176,250 kb
scaffold_2,16000001,55,Chr2,40817374,16250000,16125000.5,250000,250000,220,250 kb
scaffold_2,16250001,48,Chr2,40817374,16500000,16375000.5,250000,250000,192,250 kb
scaffold_2,16500001,63,Chr2,40817374,16750000,16625000.5,250000,250000,252,250 kb
scaffold_2,16750001,41,Chr2,40817374,17000000,16875000.5,250000,250000,164,250 kb
scaffold_2,17000001,38,Chr2,40817374,17250000,17125000.5,250000,250000,152,250 kb
scaffold_2,17250001,43,Chr2,40817374,17500000,17375000.5,250000,250000,172,250 kb
scaffold_2,17500001,18,Chr2,40817374,17750000,17625000.5,250000,250000,72,250 kb
scaffold_2,17750001,22,Chr2,40817374,18000000,17875000.5,250000,250000,88,250 kb
scaffold_2,18000001,46,Chr2,40817374,18250000,18125000.5,250000,250000,184,250 kb
scaffold_2,18250001,49,Chr2,40817374,18500000,18375000.5,250000,250000,196,250 kb
scaffold_2,18500001,61,Chr2,40817374,18750000,18625000.5,250000,250000,244,250 kb
scaffold_2,18750001,32,Chr2,40817374,19000000,18875000.5,250000,250000,128,250 kb
scaffold_2,19000001,87,Chr2,40817374,19250000,19125000.5,250000,250000,348,250 kb
scaffold_2,19250001,101,Chr2,40817374,19500000,19375000.5,250000,250000,404,250 kb
scaffold_2,19500001,110,Chr2,40817374,19750000,19625000.5,250000,250000,440,250 kb
scaffold_2,19750001,91,Chr2,40817374,20000000,19875000.5,250000,250000,364,250 kb
scaffold_2,20000001,95,Chr2,40817374,20250000,20125000.5,250000,250000,380,250 kb
scaffold_2,20250001,108,Chr2,40817374,20500000,20375000.5,250000,250000,432,250 kb
scaffold_2,20500001,63,Chr2,40817374,20750000,20625000.5,250000,250000,252,250 kb
scaffold_2,20750001,49,Chr2,40817374,21000000,20875000.5,250000,250000,196,250 kb
scaffold_2,21000001,47,Chr2,40817374,21250000,21125000.5,250000,250000,188,250 kb
scaffold_2,21250001,83,Chr2,40817374,21500000,21375000.5,250000,250000,332,250 kb
scaffold_2,21500001,97,Chr2,40817374,21750000,21625000.5,250000,250000,388,250 kb
scaffold_2,21750001,67,Chr2,40817374,22000000,21875000.5,250000,250000,268,250 kb
scaffold_2,22000001,85,Chr2,40817374,22250000,22125000.5,250000,250000,340,250 kb
scaffold_2,22250001,76,Chr2,40817374,22500000,22375000.5,250000,250000,304,250 kb
scaffold_2,22500001,61,Chr2,40817374,22750000,22625000.5,250000,250000,244,250 kb
scaffold_2,22750001,93,Chr2,40817374,23000000,22875000.5,250000,250000,372,250 kb
scaffold_2,23000001,88,Chr2,40817374,23250000,23125000.5,250000,250000,352,250 kb
scaffold_2,23250001,89,Chr2,40817374,23500000,23375000.5,250000,250000,356,250 kb
scaffold_2,23500001,73,Chr2,40817374,23750000,23625000.5,250000,250000,292,250 kb
scaffold_2,23750001,60,Chr2,40817374,24000000,23875000.5,250000,250000,240,250 kb
scaffold_2,24000001,113,Chr2,40817374,24250000,24125000.5,250000,250000,452,250 kb
scaffold_2,24250001,108,Chr2,40817374,24500000,24375000.5,250000,250000,432,250 kb
scaffold_2,24500001,125,Chr2,40817374,24750000,24625000.5,250000,250000,500,250 kb
scaffold_2,24750001,67,Chr2,40817374,25000000,24875000.5,250000,250000,268,250 kb
scaffold_2,25000001,115,Chr2,40817374,25250000,25125000.5,250000,250000,460,250 kb
scaffold_2,25250001,101,Chr2,40817374,25500000,25375000.5,250000,250000,404,250 kb
scaffold_2,25500001,143,Chr2,40817374,25750000,25625000.5,250000,250000,572,250 kb
scaffold_2,25750001,181,Chr2,40817374,26000000,25875000.5,250000,250000,724,250 kb
scaffold_2,26000001,121,Chr2,40817374,26250000,26125000.5,250000,250000,484,250 kb
scaffold_2,26250001,147,Chr2,40817374,26500000,26375000.5,250000,250000,588,250 kb
scaffold_2,26500001,199,Chr2,40817374,26750000,26625000.5,250000,250000,796,250 kb
scaffold_2,26750001,90,Chr2,40817374,27000000,26875000.5,250000,250000,360,250 kb
scaffold_2,27000001,184,Chr2,40817374,27250000,27125000.5,250000,250000,736,250 kb
scaffold_2,27250001,109,Chr2,40817374,27500000,27375000.5,250000,250000,436,250 kb
scaffold_2,27500001,156,Chr2,40817374,27750000,27625000.5,250000,250000,624,250 kb
scaffold_2,27750001,106,Chr2,40817374,28000000,27875000.5,250000,250000,424,250 kb
scaffold_2,28000001,101,Chr2,40817374,28250000,28125000.5,250000,250000,404,250 kb
scaffold_2,28250001,126,Chr2,40817374,28500000,28375000.5,250000,250000,504,250 kb
scaffold_2,28500001,119,Chr2,40817374,28750000,28625000.5,250000,250000,476,250 kb
scaffold_2,28750001,128,Chr2,40817374,29000000,28875000.5,250000,250000,512,250 kb
scaffold_2,29000001,118,Chr2,40817374,29250000,29125000.5,250000,250000,472,250 kb
scaffold_2,29250001,138,Chr2,40817374,29500000,29375000.5,250000,250000,552,250 kb
scaffold_2,29500001,189,Chr2,40817374,29750000,29625000.5,250000,250000,756,250 kb
scaffold_2,29750001,129,Chr2,40817374,30000000,29875000.5,250000,250000,516,250 kb
scaffold_2,30000001,198,Chr2,40817374,30250000,30125000.5,250000,250000,792,250 kb
scaffold_2,30250001,251,Chr2,40817374,30500000,30375000.5,250000,250000,1004,250 kb
scaffold_2,30500001,154,Chr2,40817374,30750000,30625000.5,250000,250000,616,250 kb
scaffold_2,30750001,200,Chr2,40817374,31000000,30875000.5,250000,250000,800,250 kb
scaffold_2,31000001,132,Chr2,40817374,31250000,31125000.5,250000,250000,528,250 kb
scaffold_2,31250001,188,Chr2,40817374,31500000,31375000.5,250000,250000,752,250 kb
scaffold_2,31500001,176,Chr2,40817374,31750000,31625000.5,250000,250000,704,250 kb
scaffold_2,31750001,196,Chr2,40817374,32000000,31875000.5,250000,250000,784,250 kb
scaffold_2,32000001,43,Chr2,40817374,32250000,32125000.5,250000,250000,172,250 kb
scaffold_2,32250001,228,Chr2,40817374,32500000,32375000.5,250000,250000,912,250 kb
scaffold_2,32500001,157,Chr2,40817374,32750000,32625000.5,250000,250000,628,250 kb
scaffold_2,32750001,187,Chr2,40817374,33000000,32875000.5,250000,250000,748,250 kb
scaffold_2,33000001,194,Chr2,40817374,33250000,33125000.5,250000,250000,776,250 kb
scaffold_2,33250001,192,Chr2,40817374,33500000,33375000.5,250000,250000,768,250 kb
scaffold_2,33500001,139,Chr2,40817374,33750000,33625000.5,250000,250000,556,250 kb
scaffold_2,33750001,139,Chr2,40817374,34000000,33875000.5,250000,250000,556,250 kb
scaffold_2,34000001,137,Chr2,40817374,34250000,34125000.5,250000,250000,548,250 kb
scaffold_2,34250001,142,Chr2,40817374,34500000,34375000.5,250000,250000,568,250 kb
scaffold_2,34500001,187,Chr2,40817374,34750000,34625000.5,250000,250000,748,250 kb
scaffold_2,34750001,229,Chr2,40817374,35000000,34875000.5,250000,250000,916,250 kb
scaffold_2,35000001,194,Chr2,40817374,35250000,35125000.5,250000,250000,776,250 kb
scaffold_2,35250001,190,Chr2,40817374,35500000,35375000.5,250000,250000,760,250 kb
scaffold_2,35500001,229,Chr2,40817374,35750000,35625000.5,250000,250000,916,250 kb
scaffold_2,35750001,242,Chr2,40817374,36000000,35875000.5,250000,250000,968,250 kb
scaffold_2,36000001,171,Chr2,40817374,36250000,36125000.5,250000,250000,684,250 kb
scaffold_2,36250001,196,Chr2,40817374,36500000,36375000.5,250000,250000,784,250 kb
scaffold_2,36500001,231,Chr2,40817374,36750000,36625000.5,250000,250000,924,250 kb
scaffold_2,36750001,187,Chr2,40817374,37000000,36875000.5,250000,250000,748,250 kb
scaffold_2,37000001,270,Chr2,40817374,37250000,37125000.5,250000,250000,1080,250 kb
scaffold_2,37250001,199,Chr2,40817374,37500000,37375000.5,250000,250000,796,250 kb
scaffold_2,37500001,217,Chr2,40817374,37750000,37625000.5,250000,250000,868,250 kb
scaffold_2,37750001,190,Chr2,40817374,38000000,37875000.5,250000,250000,760,250 kb
scaffold_2,38000001,292,Chr2,40817374,38250000,38125000.5,250000,250000,1168,250 kb
scaffold_2,38250001,268,Chr2,40817374,38500000,38375000.5,250000,250000,1072,250 kb
scaffold_2,38500001,169,Chr2,40817374,38750000,38625000.5,250000,250000,676,250 kb
scaffold_2,38750001,222,Chr2,40817374,39000000,38875000.5,250000,250000,888,250 kb
scaffold_2,39000001,255,Chr2,40817374,39250000,39125000.5,250000,250000,1020,250 kb
scaffold_2,39250001,286,Chr2,40817374,39500000,39375000.5,250000,250000,1144,250 kb
scaffold_2,39500001,234,Chr2,40817374,39750000,39625000.5,250000,250000,936,250 kb
scaffold_2,39750001,211,Chr2,40817374,40000000,39875000.5,250000,250000,844,250 kb
scaffold_2,40000001,238,Chr2,40817374,40250000,40125000.5,250000,250000,952,250 kb
scaffold_2,40250001,241,Chr2,40817374,40500000,40375000.5,250000,250000,964,250 kb
scaffold_2,40500001,168,Chr2,40817374,40750000,40625000.5,250000,250000,672,250 kb
scaffold_2,40750001,47,Chr2,40817374,40817374,40783687.5,67374,250000,697.5984801258645,250 kb
scaffold_3,1,26,Chr3,35723232,250000,125000.5,250000,250000,104,250 kb
scaffold_3,250001,51,Chr3,35723232,500000,375000.5,250000,250000,204,250 kb
scaffold_3,500001,30,Chr3,35723232,750000,625000.5,250000,250000,120,250 kb
scaffold_3,750001,60,Chr3,35723232,1000000,875000.5,250000,250000,240,250 kb
scaffold_3,1000001,29,Chr3,35723232,1250000,1125000.5,250000,250000,116,250 kb
scaffold_3,1250001,36,Chr3,35723232,1500000,1375000.5,250000,250000,144,250 kb
scaffold_3,1500001,42,Chr3,35723232,1750000,1625000.5,250000,250000,168,250 kb
scaffold_3,1750001,42,Chr3,35723232,2000000,1875000.5,250000,250000,168,250 kb
scaffold_3,2000001,27,Chr3,35723232,2250000,2125000.5,250000,250000,108,250 kb
scaffold_3,2250001,21,Chr3,35723232,2500000,2375000.5,250000,250000,84,250 kb
scaffold_3,2500001,29,Chr3,35723232,2750000,2625000.5,250000,250000,116,250 kb
scaffold_3,2750001,35,Chr3,35723232,3000000,2875000.5,250000,250000,140,250 kb
scaffold_3,3000001,35,Chr3,35723232,3250000,3125000.5,250000,250000,140,250 kb
scaffold_3,3250001,17,Chr3,35723232,3500000,3375000.5,250000,250000,68,250 kb
scaffold_3,3500001,37,Chr3,35723232,3750000,3625000.5,250000,250000,148,250 kb
scaffold_3,3750001,34,Chr3,35723232,4000000,3875000.5,250000,250000,136,250 kb
scaffold_3,4000001,24,Chr3,35723232,4250000,4125000.5,250000,250000,96,250 kb
scaffold_3,4250001,25,Chr3,35723232,4500000,4375000.5,250000,250000,100,250 kb
scaffold_3,4500001,50,Chr3,35723232,4750000,4625000.5,250000,250000,200,250 kb
scaffold_3,4750001,38,Chr3,35723232,5000000,4875000.5,250000,250000,152,250 kb
scaffold_3,5000001,33,Chr3,35723232,5250000,5125000.5,250000,250000,132,250 kb
scaffold_3,5250001,47,Chr3,35723232,5500000,5375000.5,250000,250000,188,250 kb
scaffold_3,5500001,36,Chr3,35723232,5750000,5625000.5,250000,250000,144,250 kb
scaffold_3,5750001,36,Chr3,35723232,6000000,5875000.5,250000,250000,144,250 kb
scaffold_3,6000001,45,Chr3,35723232,6250000,6125000.5,250000,250000,180,250 kb
scaffold_3,6250001,50,Chr3,35723232,6500000,6375000.5,250000,250000,200,250 kb
scaffold_3,6500001,39,Chr3,35723232,6750000,6625000.5,250000,250000,156,250 kb
scaffold_3,6750001,48,Chr3,35723232,7000000,6875000.5,250000,250000,192,250 kb
scaffold_3,7000001,36,Chr3,35723232,7250000,7125000.5,250000,250000,144,250 kb
scaffold_3,7250001,55,Chr3,35723232,7500000,7375000.5,250000,250000,220,250 kb
scaffold_3,7500001,30,Chr3,35723232,7750000,7625000.5,250000,250000,120,250 kb
scaffold_3,7750001,39,Chr3,35723232,8000000,7875000.5,250000,250000,156,250 kb
scaffold_3,8000001,29,Chr3,35723232,8250000,8125000.5,250000,250000,116,250 kb
scaffold_3,8250001,48,Chr3,35723232,8500000,8375000.5,250000,250000,192,250 kb
scaffold_3,8500001,30,Chr3,35723232,8750000,8625000.5,250000,250000,120,250 kb
scaffold_3,8750001,35,Chr3,35723232,9000000,8875000.5,250000,250000,140,250 kb
scaffold_3,9000001,66,Chr3,35723232,9250000,9125000.5,250000,250000,264,250 kb
scaffold_3,9250001,93,Chr3,35723232,9500000,9375000.5,250000,250000,372,250 kb
scaffold_3,9500001,59,Chr3,35723232,9750000,9625000.5,250000,250000,236,250 kb
scaffold_3,9750001,69,Chr3,35723232,10000000,9875000.5,250000,250000,276,250 kb
scaffold_3,10000001,59,Chr3,35723232,10250000,10125000.5,250000,250000,236,250 kb
scaffold_3,10250001,42,Chr3,35723232,10500000,10375000.5,250000,250000,168,250 kb
scaffold_3,10500001,36,Chr3,35723232,10750000,10625000.5,250000,250000,144,250 kb
scaffold_3,10750001,57,Chr3,35723232,11000000,10875000.5,250000,250000,228,250 kb
scaffold_3,11000001,66,Chr3,35723232,11250000,11125000.5,250000,250000,264,250 kb
scaffold_3,11250001,25,Chr3,35723232,11500000,11375000.5,250000,250000,100,250 kb
scaffold_3,11500001,52,Chr3,35723232,11750000,11625000.5,250000,250000,208,250 kb
scaffold_3,11750001,44,Chr3,35723232,12000000,11875000.5,250000,250000,176,250 kb
scaffold_3,12000001,65,Chr3,35723232,12250000,12125000.5,250000,250000,260,250 kb
scaffold_3,12250001,39,Chr3,35723232,12500000,12375000.5,250000,250000,156,250 kb
scaffold_3,12500001,17,Chr3,35723232,12750000,12625000.5,250000,250000,68,250 kb
scaffold_3,12750001,31,Chr3,35723232,13000000,12875000.5,250000,250000,124,250 kb
scaffold_3,13000001,21,Chr3,35723232,13250000,13125000.5,250000,250000,84,250 kb
scaffold_3,13250001,53,Chr3,35723232,13500000,13375000.5,250000,250000,212,250 kb
scaffold_3,13500001,38,Chr3,35723232,13750000,13625000.5,250000,250000,152,250 kb
scaffold_3,13750001,32,Chr3,35723232,14000000,13875000.5,250000,250000,128,250 kb
scaffold_3,14000001,34,Chr3,35723232,14250000,14125000.5,250000,250000,136,250 kb
scaffold_3,14250001,26,Chr3,35723232,14500000,14375000.5,250000,250000,104,250 kb
scaffold_3,14500001,54,Chr3,35723232,14750000,14625000.5,250000,250000,216,250 kb
scaffold_3,14750001,53,Chr3,35723232,15000000,14875000.5,250000,250000,212,250 kb
scaffold_3,15000001,69,Chr3,35723232,15250000,15125000.5,250000,250000,276,250 kb
scaffold_3,15250001,55,Chr3,35723232,15500000,15375000.5,250000,250000,220,250 kb
scaffold_3,15500001,49,Chr3,35723232,15750000,15625000.5,250000,250000,196,250 kb
scaffold_3,15750001,40,Chr3,35723232,16000000,15875000.5,250000,250000,160,250 kb
scaffold_3,16000001,36,Chr3,35723232,16250000,16125000.5,250000,250000,144,250 kb
scaffold_3,16250001,52,Chr3,35723232,16500000,16375000.5,250000,250000,208,250 kb
scaffold_3,16500001,44,Chr3,35723232,16750000,16625000.5,250000,250000,176,250 kb
scaffold_3,16750001,71,Chr3,35723232,17000000,16875000.5,250000,250000,284,250 kb
scaffold_3,17000001,63,Chr3,35723232,17250000,17125000.5,250000,250000,252,250 kb
scaffold_3,17250001,96,Chr3,35723232,17500000,17375000.5,250000,250000,384,250 kb
scaffold_3,17500001,84,Chr3,35723232,17750000,17625000.5,250000,250000,336,250 kb
scaffold_3,17750001,92,Chr3,35723232,18000000,17875000.5,250000,250000,368,250 kb
scaffold_3,18000001,85,Chr3,35723232,18250000,18125000.5,250000,250000,340,250 kb
scaffold_3,18250001,84,Chr3,35723232,18500000,18375000.5,250000,250000,336,250 kb
scaffold_3,18500001,109,Chr3,35723232,18750000,18625000.5,250000,250000,436,250 kb
scaffold_3,18750001,140,Chr3,35723232,19000000,18875000.5,250000,250000,560,250 kb
scaffold_3,19000001,66,Chr3,35723232,19250000,19125000.5,250000,250000,264,250 kb
scaffold_3,19250001,108,Chr3,35723232,19500000,19375000.5,250000,250000,432,250 kb
scaffold_3,19500001,81,Chr3,35723232,19750000,19625000.5,250000,250000,324,250 kb
scaffold_3,19750001,124,Chr3,35723232,20000000,19875000.5,250000,250000,496,250 kb
scaffold_3,20000001,89,Chr3,35723232,20250000,20125000.5,250000,250000,356,250 kb
scaffold_3,20250001,86,Chr3,35723232,20500000,20375000.5,250000,250000,344,250 kb
scaffold_3,20500001,98,Chr3,35723232,20750000,20625000.5,250000,250000,392,250 kb
scaffold_3,20750001,123,Chr3,35723232,21000000,20875000.5,250000,250000,492,250 kb
scaffold_3,21000001,66,Chr3,35723232,21250000,21125000.5,250000,250000,264,250 kb
scaffold_3,21250001,156,Chr3,35723232,21500000,21375000.5,250000,250000,624,250 kb
scaffold_3,21500001,101,Chr3,35723232,21750000,21625000.5,250000,250000,404,250 kb
scaffold_3,21750001,190,Chr3,35723232,22000000,21875000.5,250000,250000,760,250 kb
scaffold_3,22000001,112,Chr3,35723232,22250000,22125000.5,250000,250000,448,250 kb
scaffold_3,22250001,123,Chr3,35723232,22500000,22375000.5,250000,250000,492,250 kb
scaffold_3,22500001,81,Chr3,35723232,22750000,22625000.5,250000,250000,324,250 kb
scaffold_3,22750001,89,Chr3,35723232,23000000,22875000.5,250000,250000,356,250 kb
scaffold_3,23000001,143,Chr3,35723232,23250000,23125000.5,250000,250000,572,250 kb
scaffold_3,23250001,104,Chr3,35723232,23500000,23375000.5,250000,250000,416,250 kb
scaffold_3,23500001,95,Chr3,35723232,23750000,23625000.5,250000,250000,380,250 kb
scaffold_3,23750001,57,Chr3,35723232,24000000,23875000.5,250000,250000,228,250 kb
scaffold_3,24000001,150,Chr3,35723232,24250000,24125000.5,250000,250000,600,250 kb
scaffold_3,24250001,114,Chr3,35723232,24500000,24375000.5,250000,250000,456,250 kb
scaffold_3,24500001,174,Chr3,35723232,24750000,24625000.5,250000,250000,696,250 kb
scaffold_3,24750001,72,Chr3,35723232,25000000,24875000.5,250000,250000,288,250 kb
scaffold_3,25000001,126,Chr3,35723232,25250000,25125000.5,250000,250000,504,250 kb
scaffold_3,25250001,147,Chr3,35723232,25500000,25375000.5,250000,250000,588,250 kb
scaffold_3,25500001,156,Chr3,35723232,25750000,25625000.5,250000,250000,624,250 kb
scaffold_3,25750001,151,Chr3,35723232,26000000,25875000.5,250000,250000,604,250 kb
scaffold_3,26000001,119,Chr3,35723232,26250000,26125000.5,250000,250000,476,250 kb
scaffold_3,26250001,172,Chr3,35723232,26500000,26375000.5,250000,250000,688,250 kb
scaffold_3,26500001,181,Chr3,35723232,26750000,26625000.5,250000,250000,724,250 kb
scaffold_3,26750001,192,Chr3,35723232,27000000,26875000.5,250000,250000,768,250 kb
scaffold_3,27000001,185,Chr3,35723232,27250000,27125000.5,250000,250000,740,250 kb
scaffold_3,27250001,183,Chr3,35723232,27500000,27375000.5,250000,250000,732,250 kb
scaffold_3,27500001,218,Chr3,35723232,27750000,27625000.5,250000,250000,872,250 kb
scaffold_3,27750001,171,Chr3,35723232,28000000,27875000.5,250000,250000,684,250 kb
scaffold_3,28000001,138,Chr3,35723232,28250000,28125000.5,250000,250000,552,250 kb
scaffold_3,28250001,250,Chr3,35723232,28500000,28375000.5,250000,250000,1000,250 kb
scaffold_3,28500001,193,Chr3,35723232,28750000,28625000.5,250000,250000,772,250 kb
scaffold_3,28750001,251,Chr3,35723232,29000000,28875000.5,250000,250000,1004,250 kb
scaffold_3,29000001,253,Chr3,35723232,29250000,29125000.5,250000,250000,1012,250 kb
scaffold_3,29250001,306,Chr3,35723232,29500000,29375000.5,250000,250000,1224,250 kb
scaffold_3,29500001,331,Chr3,35723232,29750000,29625000.5,250000,250000,1324,250 kb
scaffold_3,29750001,223,Chr3,35723232,30000000,29875000.5,250000,250000,892,250 kb
scaffold_3,30000001,199,Chr3,35723232,30250000,30125000.5,250000,250000,796,250 kb
scaffold_3,30250001,170,Chr3,35723232,30500000,30375000.5,250000,250000,680,250 kb
scaffold_3,30500001,213,Chr3,35723232,30750000,30625000.5,250000,250000,852,250 kb
scaffold_3,30750001,168,Chr3,35723232,31000000,30875000.5,250000,250000,672,250 kb
scaffold_3,31000001,243,Chr3,35723232,31250000,31125000.5,250000,250000,972,250 kb
scaffold_3,31250001,340,Chr3,35723232,31500000,31375000.5,250000,250000,1360,250 kb
scaffold_3,31500001,178,Chr3,35723232,31750000,31625000.5,250000,250000,712,250 kb
scaffold_3,31750001,262,Chr3,35723232,32000000,31875000.5,250000,250000,1048,250 kb
scaffold_3,32000001,193,Chr3,35723232,32250000,32125000.5,250000,250000,772,250 kb
scaffold_3,32250001,285,Chr3,35723232,32500000,32375000.5,250000,250000,1140,250 kb
scaffold_3,32500001,242,Chr3,35723232,32750000,32625000.5,250000,250000,968,250 kb
scaffold_3,32750001,187,Chr3,35723232,33000000,32875000.5,250000,250000,748,250 kb
scaffold_3,33000001,252,Chr3,35723232,33250000,33125000.5,250000,250000,1008,250 kb
scaffold_3,33250001,211,Chr3,35723232,33500000,33375000.5,250000,250000,844,250 kb
scaffold_3,33500001,240,Chr3,35723232,33750000,33625000.5,250000,250000,960,250 kb
scaffold_3,33750001,247,Chr3,35723232,34000000,33875000.5,250000,250000,988,250 kb
scaffold_3,34000001,228,Chr3,35723232,34250000,34125000.5,250000,250000,912,250 kb
scaffold_3,34250001,270,Chr3,35723232,34500000,34375000.5,250000,250000,1080,250 kb
scaffold_3,34500001,338,Chr3,35723232,34750000,34625000.5,250000,250000,1352,250 kb
scaffold_3,34750001,78,Chr3,35723232,35000000,34875000.5,250000,250000,312,250 kb
scaffold_3,35000001,267,Chr3,35723232,35250000,35125000.5,250000,250000,1068,250 kb
scaffold_3,35250001,355,Chr3,35723232,35500000,35375000.5,250000,250000,1420,250 kb
scaffold_3,35500001,230,Chr3,35723232,35723232,35611616.5,223232,250000,1030.318233944954,250 kb
scaffold_4,1,24,Chr4,32323243,250000,125000.5,250000,250000,96,250 kb
scaffold_4,250001,49,Chr4,32323243,500000,375000.5,250000,250000,196,250 kb
scaffold_4,500001,36,Chr4,32323243,750000,625000.5,250000,250000,144,250 kb
scaffold_4,750001,18,Chr4,32323243,1000000,875000.5,250000,250000,72,250 kb
scaffold_4,1000001,44,Chr4,32323243,1250000,1125000.5,250000,250000,176,250 kb
scaffold_4,1250001,18,Chr4,32323243,1500000,1375000.5,250000,250000,72,250 kb
scaffold_4,1500001,32,Chr4,32323243,1750000,1625000.5,250000,250000,128,250 kb
scaffold_4,1750001,44,Chr4,32323243,2000000,1875000.5,250000,250000,176,250 kb
scaffold_4,2000001,16,Chr4,32323243,2250000,2125000.5,250000,250000,64,250 kb
scaffold_4,2250001,38,Chr4,32323243,2500000,2375000.5,250000,250000,152,250 kb
scaffold_4,2500001,48,Chr4,32323243,2750000,2625000.5,250000,250000,192,250 kb
scaffold_4,2750001,27,Chr4,32323243,3000000,2875000.5,250000,250000,108,250 kb
scaffold_4,3000001,45,Chr4,32323243,3250000,3125000.5,250000,250000,180,250 kb
scaffold_4,3250001,34,Chr4,32323243,3500000,3375000.5,250000,250000,136,250 kb
scaffold_4,3500001,52,Chr4,32323243,3750000,3625000.5,250000,250000,208,250 kb
scaffold_4,3750001,44,Chr4,32323243,4000000,3875000.5,250000,250000,176,250 kb
scaffold_4,4000001,32,Chr4,32323243,4250000,4125000.5,250000,250000,128,250 kb
scaffold_4,4250001,43,Chr4,32323243,4500000,4375000.5,250000,250000,172,250 kb
scaffold_4,4500001,29,Chr4,32323243,4750000,4625000.5,250000,250000,116,250 kb
scaffold_4,4750001,50,Chr4,32323243,5000000,4875000.5,250000,250000,200,250 kb
scaffold_4,5000001,25,Chr4,32323243,5250000,5125000.5,250000,250000,100,250 kb
scaffold_4,5250001,29,Chr4,32323243,5500000,5375000.5,250000,250000,116,250 kb
scaffold_4,5500001,24,Chr4,32323243,5750000,5625000.5,250000,250000,96,250 kb
scaffold_4,5750001,30,Chr4,32323243,6000000,5875000.5,250000,250000,120,250 kb
scaffold_4,6000001,40,Chr4,32323243,6250000,6125000.5,250000,250000,160,250 kb
scaffold_4,6250001,46,Chr4,32323243,6500000,6375000.5,250000,250000,184,250 kb
scaffold_4,6500001,25,Chr4,32323243,6750000,6625000.5,250000,250000,100,250 kb
scaffold_4,6750001,19,Chr4,32323243,7000000,6875000.5,250000,250000,76,250 kb
scaffold_4,7000001,24,Chr4,32323243,7250000,7125000.5,250000,250000,96,250 kb
scaffold_4,7250001,24,Chr4,32323243,7500000,7375000.5,250000,250000,96,250 kb
scaffold_4,7500001,29,Chr4,32323243,7750000,7625000.5,250000,250000,116,250 kb
scaffold_4,7750001,33,Chr4,32323243,8000000,7875000.5,250000,250000,132,250 kb
scaffold_4,8000001,42,Chr4,32323243,8250000,8125000.5,250000,250000,168,250 kb
scaffold_4,8250001,31,Chr4,32323243,8500000,8375000.5,250000,250000,124,250 kb
scaffold_4,8500001,38,Chr4,32323243,8750000,8625000.5,250000,250000,152,250 kb
scaffold_4,8750001,21,Chr4,32323243,9000000,8875000.5,250000,250000,84,250 kb
scaffold_4,9000001,29,Chr4,32323243,9250000,9125000.5,250000,250000,116,250 kb
scaffold_4,9250001,46,Chr4,32323243,9500000,9375000.5,250000,250000,184,250 kb
scaffold_4,9500001,46,Chr4,32323243,9750000,9625000.5,250000,250000,184,250 kb
scaffold_4,9750001,17,Chr4,32323243,10000000,9875000.5,250000,250000,68,250 kb
scaffold_4,10000001,42,Chr4,32323243,10250000,10125000.5,250000,250000,168,250 kb
scaffold_4,10250001,41,Chr4,32323243,10500000,10375000.5,250000,250000,164,250 kb
scaffold_4,10500001,47,Chr4,32323243,10750000,10625000.5,250000,250000,188,250 kb
scaffold_4,10750001,33,Chr4,32323243,11000000,10875000.5,250000,250000,132,250 kb
scaffold_4,11000001,42,Chr4,32323243,11250000,11125000.5,250000,250000,168,250 kb
scaffold_4,11250001,21,Chr4,32323243,11500000,11375000.5,250000,250000,84,250 kb
scaffold_4,11500001,28,Chr4,32323243,11750000,11625000.5,250000,250000,112,250 kb
scaffold_4,11750001,33,Chr4,32323243,12000000,11875000.5,250000,250000,132,250 kb
scaffold_4,12000001,46,Chr4,32323243,12250000,12125000.5,250000,250000,184,250 kb
scaffold_4,12250001,31,Chr4,32323243,12500000,12375000.5,250000,250000,124,250 kb
scaffold_4,12500001,40,Chr4,32323243,12750000,12625000.5,250000,250000,160,250 kb
scaffold_4,12750001,32,Chr4,32323243,13000000,12875000.5,250000,250000,128,250 kb
scaffold_4,13000001,70,Chr4,32323243,13250000,13125000.5,250000,250000,280,250 kb
scaffold_4,13250001,36,Chr4,32323243,13500000,13375000.5,250000,250000,144,250 kb
scaffold_4,13500001,37,Chr4,32323243,13750000,13625000.5,250000,250000,148,250 kb
scaffold_4,13750001,60,Chr4,32323243,14000000,13875000.5,250000,250000,240,250 kb
scaffold_4,14000001,50,Chr4,32323243,14250000,14125000.5,250000,250000,200,250 kb
scaffold_4,14250001,26,Chr4,32323243,14500000,14375000.5,250000,250000,104,250 kb
scaffold_4,14500001,32,Chr4,32323243,14750000,14625000.5,250000,250000,128,250 kb
scaffold_4,14750001,31,Chr4,32323243,15000000,14875000.5,250000,250000,124,250 kb
scaffold_4,15000001,44,Chr4,32323243,15250000,15125000.5,250000,250000,176,250 kb
scaffold_4,15250001,61,Chr4,32323243,15500000,15375000.5,250000,250000,244,250 kb
scaffold_4,15500001,45,Chr4,32323243,15750000,15625000.5,250000,250000,180,250 kb
scaffold_4,15750001,60,Chr4,32323243,16000000,15875000.5,250000,250000,240,250 kb
scaffold_4,16000001,45,Chr4,32323243,16250000,16125000.5,250000,250000,180,250 kb
scaffold_4,16250001,35,Chr4,32323243,16500000,16375000.5,250000,250000,140,250 kb
scaffold_4,16500001,89,Chr4,32323243,16750000,16625000.5,250000,250000,356,250 kb
scaffold_4,16750001,69,Chr4,32323243,17000000,16875000.5,250000,250000,276,250 kb
scaffold_4,17000001,37,Chr4,32323243,17250000,17125000.5,250000,250000,148,250 kb
scaffold_4,17250001,58,Chr4,32323243,17500000,17375000.5,250000,250000,232,250 kb
scaffold_4,17500001,46,Chr4,32323243,17750000,17625000.5,250000,250000,184,250 kb
scaffold_4,17750001,49,Chr4,32323243,18000000,17875000.5,250000,250000,196,250 kb
scaffold_4,18000001,35,Chr4,32323243,18250000,18125000.5,250000,250000,140,250 kb
scaffold_4,18250001,50,Chr4,32323243,18500000,18375000.5,250000,250000,200,250 kb
scaffold_4,18500001,48,Chr4,32323243,18750000,18625000.5,250000,250000,192,250 kb
scaffold_4,18750001,95,Chr4,32323243,19000000,18875000.5,250000,250000,380,250 kb
scaffold_4,19000001,34,Chr4,32323243,19250000,19125000.5,250000,250000,136,250 kb
scaffold_4,19250001,96,Chr4,32323243,19500000,19375000.5,250000,250000,384,250 kb
scaffold_4,19500001,115,Chr4,32323243,19750000,19625000.5,250000,250000,460,250 kb
scaffold_4,19750001,76,Chr4,32323243,20000000,19875000.5,250000,250000,304,250 kb
scaffold_4,20000001,70,Chr4,32323243,20250000,20125000.5,250000,250000,280,250 kb
scaffold_4,20250001,152,Chr4,32323243,20500000,20375000.5,250000,250000,608,250 kb
scaffold_4,20500001,107,Chr4,32323243,20750000,20625000.5,250000,250000,428,250 kb
scaffold_4,20750001,70,Chr4,32323243,21000000,20875000.5,250000,250000,280,250 kb
scaffold_4,21000001,125,Chr4,32323243,21250000,21125000.5,250000,250000,500,250 kb
scaffold_4,21250001,148,Chr4,32323243,21500000,21375000.5,250000,250000,592,250 kb
scaffold_4,21500001,222,Chr4,32323243,21750000,21625000.5,250000,250000,888,250 kb
scaffold_4,21750001,72,Chr4,32323243,22000000,21875000.5,250000,250000,288,250 kb
scaffold_4,22000001,112,Chr4,32323243,22250000,22125000.5,250000,250000,448,250 kb
scaffold_4,22250001,68,Chr4,32323243,22500000,22375000.5,250000,250000,272,250 kb
scaffold_4,22500001,161,Chr4,32323243,22750000,22625000.5,250000,250000,644,250 kb
scaffold_4,22750001,111,Chr4,32323243,23000000,22875000.5,250000,250000,444,250 kb
scaffold_4,23000001,109,Chr4,32323243,23250000,23125000.5,250000,250000,436,250 kb
scaffold_4,23250001,145,Chr4,32323243,23500000,23375000.5,250000,250000,580,250 kb
scaffold_4,23500001,132,Chr4,32323243,23750000,23625000.5,250000,250000,528,250 kb
scaffold_4,23750001,111,Chr4,32323243,24000000,23875000.5,250000,250000,444,250 kb
scaffold_4,24000001,160,Chr4,32323243,24250000,24125000.5,250000,250000,640,250 kb
scaffold_4,24250001,177,Chr4,32323243,24500000,24375000.5,250000,250000,708,250 kb
scaffold_4,24500001,137,Chr4,32323243,24750000,24625000.5,250000,250000,548,250 kb
scaffold_4,24750001,177,Chr4,32323243,25000000,24875000.5,250000,250000,708,250 kb
scaffold_4,25000001,145,Chr4,32323243,25250000,25125000.5,250000,250000,580,250 kb
scaffold_4,25250001,91,Chr4,32323243,25500000,25375000.5,250000,250000,364,250 kb
scaffold_4,25500001,146,Chr4,32323243,25750000,25625000.5,250000,250000,584,250 kb
scaffold_4,25750001,143,Chr4,32323243,26000000,25875000.5,250000,250000,572,250 kb
scaffold_4,26000001,76,Chr4,32323243,26250000,26125000.5,250000,250000,304,250 kb
scaffold_4,26250001,205,Chr4,32323243,26500000,26375000.5,250000,250000,820,250 kb
scaffold_4,26500001,162,Chr4,32323243,26750000,26625000.5,250000,250000,648,250 kb
scaffold_4,26750001,163,Chr4,32323243,27000000,26875000.5,250000,250000,652,250 kb
scaffold_4,27000001,260,Chr4,32323243,27250000,27125000.5,250000,250000,1040,250 kb
scaffold_4,27250001,233,Chr4,32323243,27500000,27375000.5,250000,250000,932,250 kb
scaffold_4,27500001,154,Chr4,32323243,27750000,27625000.5,250000,250000,616,250 kb
scaffold_4,27750001,155,Chr4,32323243,28000000,27875000.5,250000,250000,620,250 kb
scaffold_4,28000001,207,Chr4,32323243,28250000,28125000.5,250000,250000,828,250 kb
scaffold_4,28250001,197,Chr4,32323243,28500000,28375000.5,250000,250000,788,250 kb
scaffold_4,28500001,255,Chr4,32323243,28750000,28625000.5,250000,250000,1020,250 kb
scaffold_4,28750001,185,Chr4,32323243,29000000,28875000.5,250000,250000,740,250 kb
scaffold_4,29000001,288,Chr4,32323243,29250000,29125000.5,250000,250000,1152,250 kb
scaffold_4,29250001,219,Chr4,32323243,29500000,29375000.5,250000,250000,876,250 kb
scaffold_4,29500001,217,Chr4,32323243,29750000,29625000.5,250000,250000,868,250 kb
scaffold_4,29750001,182,Chr4,32323243,30000000,29875000.5,250000,250000,728,250 kb
scaffold_4,30000001,262,Chr4,32323243,30250000,30125000.5,250000,250000,1048,250 kb
scaffold_4,30250001,195,Chr4,32323243,30500000,30375000.5,250000,250000,780,250 kb
scaffold_4,30500001,135,Chr4,32323243,30750000,30625000.5,250000,250000,540,250 kb
scaffold_4,30750001,190,Chr4,32323243,31000000,30875000.5,250000,250000,760,250 kb
scaffold_4,31000001,294,Chr4,32323243,31250000,31125000.5,250000,250000,1176,250 kb
scaffold_4,31250001,245,Chr4,32323243,31500000,31375000.5,250000,250000,980,250 kb
scaffold_4,31500001,222,Chr4,32323243,31750000,31625000.5,250000,250000,888,250 kb
scaffold_4,31750001,210,Chr4,32323243,32000000,31875000.5,250000,250000,840,250 kb
scaffold_4,32000001,195,Chr4,32323243,32250000,32125000.5,250000,250000,780,250 kb
scaffold_4,32250001,93,Chr4,32323243,32323243,32286622,73243,250000,1269.7459142853243,250 kb
scaffold_5,1,185,Chr5,30106416,250000,125000.5,250000,250000,740,250 kb
scaffold_5,250001,240,Chr5,30106416,500000,375000.5,250000,250000,960,250 kb
scaffold_5,500001,232,Chr5,30106416,750000,625000.5,250000,250000,928,250 kb
scaffold_5,750001,125,Chr5,30106416,1000000,875000.5,250000,250000,500,250 kb
scaffold_5,1000001,183,Chr5,30106416,1250000,1125000.5,250000,250000,732,250 kb
scaffold_5,1250001,190,Chr5,30106416,1500000,1375000.5,250000,250000,760,250 kb
scaffold_5,1500001,258,Chr5,30106416,1750000,1625000.5,250000,250000,1032,250 kb
scaffold_5,1750001,274,Chr5,30106416,2000000,1875000.5,250000,250000,1096,250 kb
scaffold_5,2000001,64,Chr5,30106416,2250000,2125000.5,250000,250000,256,250 kb
scaffold_5,2250001,245,Chr5,30106416,2500000,2375000.5,250000,250000,980,250 kb
scaffold_5,2500001,94,Chr5,30106416,2750000,2625000.5,250000,250000,376,250 kb
scaffold_5,2750001,189,Chr5,30106416,3000000,2875000.5,250000,250000,756,250 kb
scaffold_5,3000001,114,Chr5,30106416,3250000,3125000.5,250000,250000,456,250 kb
scaffold_5,3250001,238,Chr5,30106416,3500000,3375000.5,250000,250000,952,250 kb
scaffold_5,3500001,50,Chr5,30106416,3750000,3625000.5,250000,250000,200,250 kb
scaffold_5,3750001,31,Chr5,30106416,4000000,3875000.5,250000,250000,124,250 kb
scaffold_5,4000001,219,Chr5,30106416,4250000,4125000.5,250000,250000,876,250 kb
scaffold_5,4250001,219,Chr5,30106416,4500000,4375000.5,250000,250000,876,250 kb
scaffold_5,4500001,159,Chr5,30106416,4750000,4625000.5,250000,250000,636,250 kb
scaffold_5,4750001,88,Chr5,30106416,5000000,4875000.5,250000,250000,352,250 kb
scaffold_5,5000001,165,Chr5,30106416,5250000,5125000.5,250000,250000,660,250 kb
scaffold_5,5250001,291,Chr5,30106416,5500000,5375000.5,250000,250000,1164,250 kb
scaffold_5,5500001,316,Chr5,30106416,5750000,5625000.5,250000,250000,1264,250 kb
scaffold_5,5750001,292,Chr5,30106416,6000000,5875000.5,250000,250000,1168,250 kb
scaffold_5,6000001,170,Chr5,30106416,6250000,6125000.5,250000,250000,680,250 kb
scaffold_5,6250001,203,Chr5,30106416,6500000,6375000.5,250000,250000,812,250 kb
scaffold_5,6500001,163,Chr5,30106416,6750000,6625000.5,250000,250000,652,250 kb
scaffold_5,6750001,163,Chr5,30106416,7000000,6875000.5,250000,250000,652,250 kb
scaffold_5,7000001,213,Chr5,30106416,7250000,7125000.5,250000,250000,852,250 kb
scaffold_5,7250001,199,Chr5,30106416,7500000,7375000.5,250000,250000,796,250 kb
scaffold_5,7500001,82,Chr5,30106416,7750000,7625000.5,250000,250000,328,250 kb
scaffold_5,7750001,55,Chr5,30106416,8000000,7875000.5,250000,250000,220,250 kb
scaffold_5,8000001,1,Chr5,30106416,8250000,8125000.5,250000,250000,4,250 kb
scaffold_5,8250001,109,Chr5,30106416,8500000,8375000.5,250000,250000,436,250 kb
scaffold_5,8500001,93,Chr5,30106416,8750000,8625000.5,250000,250000,372,250 kb
scaffold_5,8750001,65,Chr5,30106416,9000000,8875000.5,250000,250000,260,250 kb
scaffold_5,9000001,99,Chr5,30106416,9250000,9125000.5,250000,250000,396,250 kb
scaffold_5,9250001,64,Chr5,30106416,9500000,9375000.5,250000,250000,256,250 kb
scaffold_5,9500001,47,Chr5,30106416,9750000,9625000.5,250000,250000,188,250 kb
scaffold_5,9750001,173,Chr5,30106416,10000000,9875000.5,250000,250000,692,250 kb
scaffold_5,10000001,112,Chr5,30106416,10250000,10125000.5,250000,250000,448,250 kb
scaffold_5,10250001,125,Chr5,30106416,10500000,10375000.5,250000,250000,500,250 kb
scaffold_5,10500001,173,Chr5,30106416,10750000,10625000.5,250000,250000,692,250 kb
scaffold_5,10750001,241,Chr5,30106416,11000000,10875000.5,250000,250000,964,250 kb
scaffold_5,11000001,213,Chr5,30106416,11250000,11125000.5,250000,250000,852,250 kb
scaffold_5,11250001,167,Chr5,30106416,11500000,11375000.5,250000,250000,668,250 kb
scaffold_5,11500001,198,Chr5,30106416,11750000,11625000.5,250000,250000,792,250 kb
scaffold_5,11750001,170,Chr5,30106416,12000000,11875000.5,250000,250000,680,250 kb
scaffold_5,12000001,171,Chr5,30106416,12250000,12125000.5,250000,250000,684,250 kb
scaffold_5,12250001,115,Chr5,30106416,12500000,12375000.5,250000,250000,460,250 kb
scaffold_5,12500001,165,Chr5,30106416,12750000,12625000.5,250000,250000,660,250 kb
scaffold_5,12750001,171,Chr5,30106416,13000000,12875000.5,250000,250000,684,250 kb
scaffold_5,13000001,199,Chr5,30106416,13250000,13125000.5,250000,250000,796,250 kb
scaffold_5,13250001,112,Chr5,30106416,13500000,13375000.5,250000,250000,448,250 kb
scaffold_5,13500001,137,Chr5,30106416,13750000,13625000.5,250000,250000,548,250 kb
scaffold_5,13750001,123,Chr5,30106416,14000000,13875000.5,250000,250000,492,250 kb
scaffold_5,14000001,98,Chr5,30106416,14250000,14125000.5,250000,250000,392,250 kb
scaffold_5,14250001,145,Chr5,30106416,14500000,14375000.5,250000,250000,580,250 kb
scaffold_5,14500001,133,Chr5,30106416,14750000,14625000.5,250000,250000,532,250 kb
scaffold_5,14750001,145,Chr5,30106416,15000000,14875000.5,250000,250000,580,250 kb
scaffold_5,15000001,128,Chr5,30106416,15250000,15125000.5,250000,250000,512,250 kb
scaffold_5,15250001,63,Chr5,30106416,15500000,15375000.5,250000,250000,252,250 kb
scaffold_5,15500001,73,Chr5,30106416,15750000,15625000.5,250000,250000,292,250 kb
scaffold_5,15750001,124,Chr5,30106416,16000000,15875000.5,250000,250000,496,250 kb
scaffold_5,16000001,125,Chr5,30106416,16250000,16125000.5,250000,250000,500,250 kb
scaffold_5,16250001,115,Chr5,30106416,16500000,16375000.5,250000,250000,460,250 kb
scaffold_5,16500001,75,Chr5,30106416,16750000,16625000.5,250000,250000,300,250 kb
scaffold_5,16750001,80,Chr5,30106416,17000000,16875000.5,250000,250000,320,250 kb
scaffold_5,17000001,76,Chr5,30106416,17250000,17125000.5,250000,250000,304,250 kb
scaffold_5,17250001,67,Chr5,30106416,17500000,17375000.5,250000,250000,268,250 kb
scaffold_5,17500001,91,Chr5,30106416,17750000,17625000.5,250000,250000,364,250 kb
scaffold_5,17750001,44,Chr5,30106416,18000000,17875000.5,250000,250000,176,250 kb
scaffold_5,18000001,33,Chr5,30106416,18250000,18125000.5,250000,250000,132,250 kb
scaffold_5,18250001,19,Chr5,30106416,18500000,18375000.5,250000,250000,76,250 kb
scaffold_5,18500001,46,Chr5,30106416,18750000,18625000.5,250000,250000,184,250 kb
scaffold_5,18750001,81,Chr5,30106416,19000000,18875000.5,250000,250000,324,250 kb
scaffold_5,19000001,81,Chr5,30106416,19250000,19125000.5,250000,250000,324,250 kb
scaffold_5,19250001,77,Chr5,30106416,19500000,19375000.5,250000,250000,308,250 kb
scaffold_5,19500001,175,Chr5,30106416,19750000,19625000.5,250000,250000,700,250 kb
scaffold_5,19750001,100,Chr5,30106416,20000000,19875000.5,250000,250000,400,250 kb
scaffold_5,20000001,91,Chr5,30106416,20250000,20125000.5,250000,250000,364,250 kb
scaffold_5,20250001,112,Chr5,30106416,20500000,20375000.5,250000,250000,448,250 kb
scaffold_5,20500001,153,Chr5,30106416,20750000,20625000.5,250000,250000,612,250 kb
scaffold_5,20750001,109,Chr5,30106416,21000000,20875000.5,250000,250000,436,250 kb
scaffold_5,21000001,71,Chr5,30106416,21250000,21125000.5,250000,250000,284,250 kb
scaffold_5,21250001,95,Chr5,30106416,21500000,21375000.5,250000,250000,380,250 kb
scaffold_5,21500001,177,Chr5,30106416,21750000,21625000.5,250000,250000,708,250 kb
scaffold_5,21750001,143,Chr5,30106416,22000000,21875000.5,250000,250000,572,250 kb
scaffold_5,22000001,114,Chr5,30106416,22250000,22125000.5,250000,250000,456,250 kb
scaffold_5,22250001,124,Chr5,30106416,22500000,22375000.5,250000,250000,496,250 kb
scaffold_5,22500001,176,Chr5,30106416,22750000,22625000.5,250000,250000,704,250 kb
scaffold_5,22750001,143,Chr5,30106416,23000000,22875000.5,250000,250000,572,250 kb
scaffold_5,23000001,121,Chr5,30106416,23250000,23125000.5,250000,250000,484,250 kb
scaffold_5,23250001,92,Chr5,30106416,23500000,23375000.5,250000,250000,368,250 kb
scaffold_5,23500001,129,Chr5,30106416,23750000,23625000.5,250000,250000,516,250 kb
scaffold_5,23750001,163,Chr5,30106416,24000000,23875000.5,250000,250000,652,250 kb
scaffold_5,24000001,55,Chr5,30106416,24250000,24125000.5,250000,250000,220,250 kb
scaffold_5,24250001,175,Chr5,30106416,24500000,24375000.5,250000,250000,700,250 kb
scaffold_5,24500001,161,Chr5,30106416,24750000,24625000.5,250000,250000,644,250 kb
scaffold_5,24750001,108,Chr5,30106416,25000000,24875000.5,250000,250000,432,250 kb
scaffold_5,25000001,95,Chr5,30106416,25250000,25125000.5,250000,250000,380,250 kb
scaffold_5,25250001,121,Chr5,30106416,25500000,25375000.5,250000,250000,484,250 kb
scaffold_5,25500001,207,Chr5,30106416,25750000,25625000.5,250000,250000,828,250 kb
scaffold_5,25750001,204,Chr5,30106416,26000000,25875000.5,250000,250000,816,250 kb
scaffold_5,26000001,168,Chr5,30106416,26250000,26125000.5,250000,250000,672,250 kb
scaffold_5,26250001,187,Chr5,30106416,26500000,26375000.5,250000,250000,748,250 kb
scaffold_5,26500001,271,Chr5,30106416,26750000,26625000.5,250000,250000,1084,250 kb
scaffold_5,26750001,187,Chr5,30106416,27000000,26875000.5,250000,250000,748,250 kb
scaffold_5,27000001,74,Chr5,30106416,27250000,27125000.5,250000,250000,296,250 kb
scaffold_5,27250001,11,Chr5,30106416,27500000,27375000.5,250000,250000,44,250 kb
scaffold_5,27500001,45,Chr5,30106416,27750000,27625000.5,250000,250000,180,250 kb
scaffold_5,27750001,227,Chr5,30106416,28000000,27875000.5,250000,250000,908,250 kb
scaffold_5,28000001,152,Chr5,30106416,28250000,28125000.5,250000,250000,608,250 kb
scaffold_5,28250001,266,Chr5,30106416,28500000,28375000.5,250000,250000,1064,250 kb
scaffold_5,28500001,134,Chr5,30106416,28750000,28625000.5,250000,250000,536,250 kb
scaffold_5,28750001,144,Chr5,30106416,29000000,28875000.5,250000,250000,576,250 kb
scaffold_5,29000001,194,Chr5,30106416,29250000,29125000.5,250000,250000,776,250 kb
scaffold_5,29250001,152,Chr5,30106416,29500000,29375000.5,250000,250000,608,250 kb
scaffold_5,29500001,399,Chr5,30106416,29750000,29625000.5,250000,250000,1596,250 kb
scaffold_5,29750001,183,Chr5,30106416,30000000,29875000.5,250000,250000,732,250 kb
scaffold_5,30000001,45,Chr5,30106416,30106416,30053208.5,106416,250000,422.8687415426252,250 kb
scaffold_6,1,188,Chr6,23938505,250000,125000.5,250000,250000,752,250 kb
scaffold_6,250001,136,Chr6,23938505,500000,375000.5,250000,250000,544,250 kb
scaffold_6,500001,235,Chr6,23938505,750000,625000.5,250000,250000,940,250 kb
scaffold_6,750001,192,Chr6,23938505,1000000,875000.5,250000,250000,768,250 kb
scaffold_6,1000001,264,Chr6,23938505,1250000,1125000.5,250000,250000,1056,250 kb
scaffold_6,1250001,203,Chr6,23938505,1500000,1375000.5,250000,250000,812,250 kb
scaffold_6,1500001,246,Chr6,23938505,1750000,1625000.5,250000,250000,984,250 kb
scaffold_6,1750001,194,Chr6,23938505,2000000,1875000.5,250000,250000,776,250 kb
scaffold_6,2000001,303,Chr6,23938505,2250000,2125000.5,250000,250000,1212,250 kb
scaffold_6,2250001,240,Chr6,23938505,2500000,2375000.5,250000,250000,960,250 kb
scaffold_6,2500001,286,Chr6,23938505,2750000,2625000.5,250000,250000,1144,250 kb
scaffold_6,2750001,292,Chr6,23938505,3000000,2875000.5,250000,250000,1168,250 kb
scaffold_6,3000001,346,Chr6,23938505,3250000,3125000.5,250000,250000,1384,250 kb
scaffold_6,3250001,241,Chr6,23938505,3500000,3375000.5,250000,250000,964,250 kb
scaffold_6,3500001,244,Chr6,23938505,3750000,3625000.5,250000,250000,976,250 kb
scaffold_6,3750001,257,Chr6,23938505,4000000,3875000.5,250000,250000,1028,250 kb
scaffold_6,4000001,221,Chr6,23938505,4250000,4125000.5,250000,250000,884,250 kb
scaffold_6,4250001,265,Chr6,23938505,4500000,4375000.5,250000,250000,1060,250 kb
scaffold_6,4500001,336,Chr6,23938505,4750000,4625000.5,250000,250000,1344,250 kb
scaffold_6,4750001,264,Chr6,23938505,5000000,4875000.5,250000,250000,1056,250 kb
scaffold_6,5000001,211,Chr6,23938505,5250000,5125000.5,250000,250000,844,250 kb
scaffold_6,5250001,212,Chr6,23938505,5500000,5375000.5,250000,250000,848,250 kb
scaffold_6,5500001,326,Chr6,23938505,5750000,5625000.5,250000,250000,1304,250 kb
scaffold_6,5750001,280,Chr6,23938505,6000000,5875000.5,250000,250000,1120,250 kb
scaffold_6,6000001,267,Chr6,23938505,6250000,6125000.5,250000,250000,1068,250 kb
scaffold_6,6250001,275,Chr6,23938505,6500000,6375000.5,250000,250000,1100,250 kb
scaffold_6,6500001,178,Chr6,23938505,6750000,6625000.5,250000,250000,712,250 kb
scaffold_6,6750001,273,Chr6,23938505,7000000,6875000.5,250000,250000,1092,250 kb
scaffold_6,7000001,279,Chr6,23938505,7250000,7125000.5,250000,250000,1116,250 kb
scaffold_6,7250001,278,Chr6,23938505,7500000,7375000.5,250000,250000,1112,250 kb
scaffold_6,7500001,286,Chr6,23938505,7750000,7625000.5,250000,250000,1144,250 kb
scaffold_6,7750001,184,Chr6,23938505,8000000,7875000.5,250000,250000,736,250 kb
scaffold_6,8000001,295,Chr6,23938505,8250000,8125000.5,250000,250000,1180,250 kb
scaffold_6,8250001,156,Chr6,23938505,8500000,8375000.5,250000,250000,624,250 kb
scaffold_6,8500001,134,Chr6,23938505,8750000,8625000.5,250000,250000,536,250 kb
scaffold_6,8750001,111,Chr6,23938505,9000000,8875000.5,250000,250000,444,250 kb
scaffold_6,9000001,166,Chr6,23938505,9250000,9125000.5,250000,250000,664,250 kb
scaffold_6,9250001,108,Chr6,23938505,9500000,9375000.5,250000,250000,432,250 kb
scaffold_6,9500001,122,Chr6,23938505,9750000,9625000.5,250000,250000,488,250 kb
scaffold_6,9750001,195,Chr6,23938505,10000000,9875000.5,250000,250000,780,250 kb
scaffold_6,10000001,192,Chr6,23938505,10250000,10125000.5,250000,250000,768,250 kb
scaffold_6,10250001,210,Chr6,23938505,10500000,10375000.5,250000,250000,840,250 kb
scaffold_6,10500001,114,Chr6,23938505,10750000,10625000.5,250000,250000,456,250 kb
scaffold_6,10750001,155,Chr6,23938505,11000000,10875000.5,250000,250000,620,250 kb
scaffold_6,11000001,298,Chr6,23938505,11250000,11125000.5,250000,250000,1192,250 kb
scaffold_6,11250001,123,Chr6,23938505,11500000,11375000.5,250000,250000,492,250 kb
scaffold_6,11500001,173,Chr6,23938505,11750000,11625000.5,250000,250000,692,250 kb
scaffold_6,11750001,173,Chr6,23938505,12000000,11875000.5,250000,250000,692,250 kb
scaffold_6,12000001,74,Chr6,23938505,12250000,12125000.5,250000,250000,296,250 kb
scaffold_6,12250001,144,Chr6,23938505,12500000,12375000.5,250000,250000,576,250 kb
scaffold_6,12500001,119,Chr6,23938505,12750000,12625000.5,250000,250000,476,250 kb
scaffold_6,12750001,115,Chr6,23938505,13000000,12875000.5,250000,250000,460,250 kb
scaffold_6,13000001,120,Chr6,23938505,13250000,13125000.5,250000,250000,480,250 kb
scaffold_6,13250001,147,Chr6,23938505,13500000,13375000.5,250000,250000,588,250 kb
scaffold_6,13500001,247,Chr6,23938505,13750000,13625000.5,250000,250000,988,250 kb
scaffold_6,13750001,124,Chr6,23938505,14000000,13875000.5,250000,250000,496,250 kb
scaffold_6,14000001,144,Chr6,23938505,14250000,14125000.5,250000,250000,576,250 kb
scaffold_6,14250001,113,Chr6,23938505,14500000,14375000.5,250000,250000,452,250 kb
scaffold_6,14500001,203,Chr6,23938505,14750000,14625000.5,250000,250000,812,250 kb
scaffold_6,14750001,133,Chr6,23938505,15000000,14875000.5,250000,250000,532,250 kb
scaffold_6,15000001,202,Chr6,23938505,15250000,15125000.5,250000,250000,808,250 kb
scaffold_6,15250001,182,Chr6,23938505,15500000,15375000.5,250000,250000,728,250 kb
scaffold_6,15500001,130,Chr6,23938505,15750000,15625000.5,250000,250000,520,250 kb
scaffold_6,15750001,137,Chr6,23938505,16000000,15875000.5,250000,250000,548,250 kb
scaffold_6,16000001,257,Chr6,23938505,16250000,16125000.5,250000,250000,1028,250 kb
scaffold_6,16250001,227,Chr6,23938505,16500000,16375000.5,250000,250000,908,250 kb
scaffold_6,16500001,135,Chr6,23938505,16750000,16625000.5,250000,250000,540,250 kb
scaffold_6,16750001,148,Chr6,23938505,17000000,16875000.5,250000,250000,592,250 kb
scaffold_6,17000001,197,Chr6,23938505,17250000,17125000.5,250000,250000,788,250 kb
scaffold_6,17250001,187,Chr6,23938505,17500000,17375000.5,250000,250000,748,250 kb
scaffold_6,17500001,155,Chr6,23938505,17750000,17625000.5,250000,250000,620,250 kb
scaffold_6,17750001,192,Chr6,23938505,18000000,17875000.5,250000,250000,768,250 kb
scaffold_6,18000001,169,Chr6,23938505,18250000,18125000.5,250000,250000,676,250 kb
scaffold_6,18250001,270,Chr6,23938505,18500000,18375000.5,250000,250000,1080,250 kb
scaffold_6,18500001,185,Chr6,23938505,18750000,18625000.5,250000,250000,740,250 kb
scaffold_6,18750001,84,Chr6,23938505,19000000,18875000.5,250000,250000,336,250 kb
scaffold_6,19000001,68,Chr6,23938505,19250000,19125000.5,250000,250000,272,250 kb
scaffold_6,19250001,60,Chr6,23938505,19500000,19375000.5,250000,250000,240,250 kb
scaffold_6,19500001,113,Chr6,23938505,19750000,19625000.5,250000,250000,452,250 kb
scaffold_6,19750001,99,Chr6,23938505,20000000,19875000.5,250000,250000,396,250 kb
scaffold_6,20000001,166,Chr6,23938505,20250000,20125000.5,250000,250000,664,250 kb
scaffold_6,20250001,209,Chr6,23938505,20500000,20375000.5,250000,250000,836,250 kb
scaffold_6,20500001,103,Chr6,23938505,20750000,20625000.5,250000,250000,412,250 kb
scaffold_6,20750001,92,Chr6,23938505,21000000,20875000.5,250000,250000,368,250 kb
scaffold_6,21000001,122,Chr6,23938505,21250000,21125000.5,250000,250000,488,250 kb
scaffold_6,21250001,139,Chr6,23938505,21500000,21375000.5,250000,250000,556,250 kb
scaffold_6,21500001,159,Chr6,23938505,21750000,21625000.5,250000,250000,636,250 kb
scaffold_6,21750001,94,Chr6,23938505,22000000,21875000.5,250000,250000,376,250 kb
scaffold_6,22000001,86,Chr6,23938505,22250000,22125000.5,250000,250000,344,250 kb
scaffold_6,22250001,111,Chr6,23938505,22500000,22375000.5,250000,250000,444,250 kb
scaffold_6,22500001,93,Chr6,23938505,22750000,22625000.5,250000,250000,372,250 kb
scaffold_6,22750001,51,Chr6,23938505,23000000,22875000.5,250000,250000,204,250 kb
scaffold_6,23000001,86,Chr6,23938505,23250000,23125000.5,250000,250000,344,250 kb
scaffold_6,23250001,60,Chr6,23938505,23500000,23375000.5,250000,250000,240,250 kb
scaffold_6,23500001,48,Chr6,23938505,23750000,23625000.5,250000,250000,192,250 kb
scaffold_6,23750001,22,Chr6,23938505,23938505,23844253,188505,250000,116.70777963449245,250 kb
scaffold_7,1,110,Chr7,22643560,250000,125000.5,250000,250000,440,250 kb
scaffold_7,250001,228,Chr7,22643560,500000,375000.5,250000,250000,912,250 kb
scaffold_7,500001,258,Chr7,22643560,750000,625000.5,250000,250000,1032,250 kb
scaffold_7,750001,202,Chr7,22643560,1000000,875000.5,250000,250000,808,250 kb
scaffold_7,1000001,180,Chr7,22643560,1250000,1125000.5,250000,250000,720,250 kb
scaffold_7,1250001,305,Chr7,22643560,1500000,1375000.5,250000,250000,1220,250 kb
scaffold_7,1500001,180,Chr7,22643560,1750000,1625000.5,250000,250000,720,250 kb
scaffold_7,1750001,239,Chr7,22643560,2000000,1875000.5,250000,250000,956,250 kb
scaffold_7,2000001,170,Chr7,22643560,2250000,2125000.5,250000,250000,680,250 kb
scaffold_7,2250001,415,Chr7,22643560,2500000,2375000.5,250000,250000,1660,250 kb
scaffold_7,2500001,249,Chr7,22643560,2750000,2625000.5,250000,250000,996,250 kb
scaffold_7,2750001,211,Chr7,22643560,3000000,2875000.5,250000,250000,844,250 kb
scaffold_7,3000001,268,Chr7,22643560,3250000,3125000.5,250000,250000,1072,250 kb
scaffold_7,3250001,206,Chr7,22643560,3500000,3375000.5,250000,250000,824,250 kb
scaffold_7,3500001,183,Chr7,22643560,3750000,3625000.5,250000,250000,732,250 kb
scaffold_7,3750001,229,Chr7,22643560,4000000,3875000.5,250000,250000,916,250 kb
scaffold_7,4000001,257,Chr7,22643560,4250000,4125000.5,250000,250000,1028,250 kb
scaffold_7,4250001,230,Chr7,22643560,4500000,4375000.5,250000,250000,920,250 kb
scaffold_7,4500001,226,Chr7,22643560,4750000,4625000.5,250000,250000,904,250 kb
scaffold_7,4750001,236,Chr7,22643560,5000000,4875000.5,250000,250000,944,250 kb
scaffold_7,5000001,143,Chr7,22643560,5250000,5125000.5,250000,250000,572,250 kb
scaffold_7,5250001,170,Chr7,22643560,5500000,5375000.5,250000,250000,680,250 kb
scaffold_7,5500001,217,Chr7,22643560,5750000,5625000.5,250000,250000,868,250 kb
scaffold_7,5750001,237,Chr7,22643560,6000000,5875000.5,250000,250000,948,250 kb
scaffold_7,6000001,245,Chr7,22643560,6250000,6125000.5,250000,250000,980,250 kb
scaffold_7,6250001,196,Chr7,22643560,6500000,6375000.5,250000,250000,784,250 kb
scaffold_7,6500001,95,Chr7,22643560,6750000,6625000.5,250000,250000,380,250 kb
scaffold_7,6750001,115,Chr7,22643560,7000000,6875000.5,250000,250000,460,250 kb
scaffold_7,7000001,177,Chr7,22643560,7250000,7125000.5,250000,250000,708,250 kb
scaffold_7,7250001,116,Chr7,22643560,7500000,7375000.5,250000,250000,464,250 kb
scaffold_7,7500001,138,Chr7,22643560,7750000,7625000.5,250000,250000,552,250 kb
scaffold_7,7750001,123,Chr7,22643560,8000000,7875000.5,250000,250000,492,250 kb
scaffold_7,8000001,188,Chr7,22643560,8250000,8125000.5,250000,250000,752,250 kb
scaffold_7,8250001,41,Chr7,22643560,8500000,8375000.5,250000,250000,164,250 kb
scaffold_7,8500001,157,Chr7,22643560,8750000,8625000.5,250000,250000,628,250 kb
scaffold_7,8750001,131,Chr7,22643560,9000000,8875000.5,250000,250000,524,250 kb
scaffold_7,9000001,136,Chr7,22643560,9250000,9125000.5,250000,250000,544,250 kb
scaffold_7,9250001,127,Chr7,22643560,9500000,9375000.5,250000,250000,508,250 kb
scaffold_7,9500001,166,Chr7,22643560,9750000,9625000.5,250000,250000,664,250 kb
scaffold_7,9750001,181,Chr7,22643560,10000000,9875000.5,250000,250000,724,250 kb
scaffold_7,10000001,122,Chr7,22643560,10250000,10125000.5,250000,250000,488,250 kb
scaffold_7,10250001,193,Chr7,22643560,10500000,10375000.5,250000,250000,772,250 kb
scaffold_7,10500001,170,Chr7,22643560,10750000,10625000.5,250000,250000,680,250 kb
scaffold_7,10750001,80,Chr7,22643560,11000000,10875000.5,250000,250000,320,250 kb
scaffold_7,11000001,211,Chr7,22643560,11250000,11125000.5,250000,250000,844,250 kb
scaffold_7,11250001,130,Chr7,22643560,11500000,11375000.5,250000,250000,520,250 kb
scaffold_7,11500001,73,Chr7,22643560,11750000,11625000.5,250000,250000,292,250 kb
scaffold_7,11750001,37,Chr7,22643560,12000000,11875000.5,250000,250000,148,250 kb
scaffold_7,12000001,109,Chr7,22643560,12250000,12125000.5,250000,250000,436,250 kb
scaffold_7,12250001,90,Chr7,22643560,12500000,12375000.5,250000,250000,360,250 kb
scaffold_7,12500001,118,Chr7,22643560,12750000,12625000.5,250000,250000,472,250 kb
scaffold_7,12750001,188,Chr7,22643560,13000000,12875000.5,250000,250000,752,250 kb
scaffold_7,13000001,93,Chr7,22643560,13250000,13125000.5,250000,250000,372,250 kb
scaffold_7,13250001,138,Chr7,22643560,13500000,13375000.5,250000,250000,552,250 kb
scaffold_7,13500001,233,Chr7,22643560,13750000,13625000.5,250000,250000,932,250 kb
scaffold_7,13750001,69,Chr7,22643560,14000000,13875000.5,250000,250000,276,250 kb
scaffold_7,14000001,108,Chr7,22643560,14250000,14125000.5,250000,250000,432,250 kb
scaffold_7,14250001,70,Chr7,22643560,14500000,14375000.5,250000,250000,280,250 kb
scaffold_7,14500001,49,Chr7,22643560,14750000,14625000.5,250000,250000,196,250 kb
scaffold_7,14750001,135,Chr7,22643560,15000000,14875000.5,250000,250000,540,250 kb
scaffold_7,15000001,64,Chr7,22643560,15250000,15125000.5,250000,250000,256,250 kb
scaffold_7,15250001,63,Chr7,22643560,15500000,15375000.5,250000,250000,252,250 kb
scaffold_7,15500001,90,Chr7,22643560,15750000,15625000.5,250000,250000,360,250 kb
scaffold_7,15750001,67,Chr7,22643560,16000000,15875000.5,250000,250000,268,250 kb
scaffold_7,16000001,41,Chr7,22643560,16250000,16125000.5,250000,250000,164,250 kb
scaffold_7,16250001,80,Chr7,22643560,16500000,16375000.5,250000,250000,320,250 kb
scaffold_7,16500001,72,Chr7,22643560,16750000,16625000.5,250000,250000,288,250 kb
scaffold_7,16750001,62,Chr7,22643560,17000000,16875000.5,250000,250000,248,250 kb
scaffold_7,17000001,104,Chr7,22643560,17250000,17125000.5,250000,250000,416,250 kb
scaffold_7,17250001,87,Chr7,22643560,17500000,17375000.5,250000,250000,348,250 kb
scaffold_7,17500001,88,Chr7,22643560,17750000,17625000.5,250000,250000,352,250 kb
scaffold_7,17750001,68,Chr7,22643560,18000000,17875000.5,250000,250000,272,250 kb
scaffold_7,18000001,47,Chr7,22643560,18250000,18125000.5,250000,250000,188,250 kb
scaffold_7,18250001,65,Chr7,22643560,18500000,18375000.5,250000,250000,260,250 kb
scaffold_7,18500001,63,Chr7,22643560,18750000,18625000.5,250000,250000,252,250 kb
scaffold_7,18750001,49,Chr7,22643560,19000000,18875000.5,250000,250000,196,250 kb
scaffold_7,19000001,78,Chr7,22643560,19250000,19125000.5,250000,250000,312,250 kb
scaffold_7,19250001,90,Chr7,22643560,19500000,19375000.5,250000,250000,360,250 kb
scaffold_7,19500001,31,Chr7,22643560,19750000,19625000.5,250000,250000,124,250 kb
scaffold_7,19750001,31,Chr7,22643560,20000000,19875000.5,250000,250000,124,250 kb
scaffold_7,20000001,50,Chr7,22643560,20250000,20125000.5,250000,250000,200,250 kb
scaffold_7,20250001,63,Chr7,22643560,20500000,20375000.5,250000,250000,252,250 kb
scaffold_7,20500001,84,Chr7,22643560,20750000,20625000.5,250000,250000,336,250 kb
scaffold_7,20750001,73,Chr7,22643560,21000000,20875000.5,250000,250000,292,250 kb
scaffold_7,21000001,80,Chr7,22643560,21250000,21125000.5,250000,250000,320,250 kb
scaffold_7,21250001,60,Chr7,22643560,21500000,21375000.5,250000,250000,240,250 kb
scaffold_7,21500001,54,Chr7,22643560,21750000,21625000.5,250000,250000,216,250 kb
scaffold_7,21750001,35,Chr7,22643560,22000000,21875000.5,250000,250000,140,250 kb
scaffold_7,22000001,34,Chr7,22643560,22250000,22125000.5,250000,250000,136,250 kb
scaffold_7,22250001,19,Chr7,22643560,22500000,22375000.5,250000,250000,76,250 kb
scaffold_7,22500001,27,Chr7,22643560,22643560,22571780.5,143560,250000,188.0746726107551,250 kb
scaffold_8,1,105,Chr8,22139275,250000,125000.5,250000,250000,420,250 kb
scaffold_8,250001,81,Chr8,22139275,500000,375000.5,250000,250000,324,250 kb
scaffold_8,500001,159,Chr8,22139275,750000,625000.5,250000,250000,636,250 kb
scaffold_8,750001,150,Chr8,22139275,1000000,875000.5,250000,250000,600,250 kb
scaffold_8,1000001,222,Chr8,22139275,1250000,1125000.5,250000,250000,888,250 kb
scaffold_8,1250001,160,Chr8,22139275,1500000,1375000.5,250000,250000,640,250 kb
scaffold_8,1500001,144,Chr8,22139275,1750000,1625000.5,250000,250000,576,250 kb
scaffold_8,1750001,201,Chr8,22139275,2000000,1875000.5,250000,250000,804,250 kb
scaffold_8,2000001,95,Chr8,22139275,2250000,2125000.5,250000,250000,380,250 kb
scaffold_8,2250001,157,Chr8,22139275,2500000,2375000.5,250000,250000,628,250 kb
scaffold_8,2500001,116,Chr8,22139275,2750000,2625000.5,250000,250000,464,250 kb
scaffold_8,2750001,159,Chr8,22139275,3000000,2875000.5,250000,250000,636,250 kb
scaffold_8,3000001,147,Chr8,22139275,3250000,3125000.5,250000,250000,588,250 kb
scaffold_8,3250001,43,Chr8,22139275,3500000,3375000.5,250000,250000,172,250 kb
scaffold_8,3500001,61,Chr8,22139275,3750000,3625000.5,250000,250000,244,250 kb
scaffold_8,3750001,83,Chr8,22139275,4000000,3875000.5,250000,250000,332,250 kb
scaffold_8,4000001,104,Chr8,22139275,4250000,4125000.5,250000,250000,416,250 kb
scaffold_8,4250001,128,Chr8,22139275,4500000,4375000.5,250000,250000,512,250 kb
scaffold_8,4500001,125,Chr8,22139275,4750000,4625000.5,250000,250000,500,250 kb
scaffold_8,4750001,193,Chr8,22139275,5000000,4875000.5,250000,250000,772,250 kb
scaffold_8,5000001,179,Chr8,22139275,5250000,5125000.5,250000,250000,716,250 kb
scaffold_8,5250001,216,Chr8,22139275,5500000,5375000.5,250000,250000,864,250 kb
scaffold_8,5500001,120,Chr8,22139275,5750000,5625000.5,250000,250000,480,250 kb
scaffold_8,5750001,135,Chr8,22139275,6000000,5875000.5,250000,250000,540,250 kb
scaffold_8,6000001,188,Chr8,22139275,6250000,6125000.5,250000,250000,752,250 kb
scaffold_8,6250001,216,Chr8,22139275,6500000,6375000.5,250000,250000,864,250 kb
scaffold_8,6500001,188,Chr8,22139275,6750000,6625000.5,250000,250000,752,250 kb
scaffold_8,6750001,132,Chr8,22139275,7000000,6875000.5,250000,250000,528,250 kb
scaffold_8,7000001,174,Chr8,22139275,7250000,7125000.5,250000,250000,696,250 kb
scaffold_8,7250001,223,Chr8,22139275,7500000,7375000.5,250000,250000,892,250 kb
scaffold_8,7500001,180,Chr8,22139275,7750000,7625000.5,250000,250000,720,250 kb
scaffold_8,7750001,184,Chr8,22139275,8000000,7875000.5,250000,250000,736,250 kb
scaffold_8,8000001,254,Chr8,22139275,8250000,8125000.5,250000,250000,1016,250 kb
scaffold_8,8250001,251,Chr8,22139275,8500000,8375000.5,250000,250000,1004,250 kb
scaffold_8,8500001,217,Chr8,22139275,8750000,8625000.5,250000,250000,868,250 kb
scaffold_8,8750001,113,Chr8,22139275,9000000,8875000.5,250000,250000,452,250 kb
scaffold_8,9000001,181,Chr8,22139275,9250000,9125000.5,250000,250000,724,250 kb
scaffold_8,9250001,117,Chr8,22139275,9500000,9375000.5,250000,250000,468,250 kb
scaffold_8,9500001,126,Chr8,22139275,9750000,9625000.5,250000,250000,504,250 kb
scaffold_8,9750001,169,Chr8,22139275,10000000,9875000.5,250000,250000,676,250 kb
scaffold_8,10000001,138,Chr8,22139275,10250000,10125000.5,250000,250000,552,250 kb
scaffold_8,10250001,184,Chr8,22139275,10500000,10375000.5,250000,250000,736,250 kb
scaffold_8,10500001,178,Chr8,22139275,10750000,10625000.5,250000,250000,712,250 kb
scaffold_8,10750001,100,Chr8,22139275,11000000,10875000.5,250000,250000,400,250 kb
scaffold_8,11000001,137,Chr8,22139275,11250000,11125000.5,250000,250000,548,250 kb
scaffold_8,11250001,180,Chr8,22139275,11500000,11375000.5,250000,250000,720,250 kb
scaffold_8,11500001,309,Chr8,22139275,11750000,11625000.5,250000,250000,1236,250 kb
scaffold_8,11750001,128,Chr8,22139275,12000000,11875000.5,250000,250000,512,250 kb
scaffold_8,12000001,127,Chr8,22139275,12250000,12125000.5,250000,250000,508,250 kb
scaffold_8,12250001,213,Chr8,22139275,12500000,12375000.5,250000,250000,852,250 kb
scaffold_8,12500001,181,Chr8,22139275,12750000,12625000.5,250000,250000,724,250 kb
scaffold_8,12750001,169,Chr8,22139275,13000000,12875000.5,250000,250000,676,250 kb
scaffold_8,13000001,216,Chr8,22139275,13250000,13125000.5,250000,250000,864,250 kb
scaffold_8,13250001,208,Chr8,22139275,13500000,13375000.5,250000,250000,832,250 kb
scaffold_8,13500001,208,Chr8,22139275,13750000,13625000.5,250000,250000,832,250 kb
scaffold_8,13750001,248,Chr8,22139275,14000000,13875000.5,250000,250000,992,250 kb
scaffold_8,14000001,209,Chr8,22139275,14250000,14125000.5,250000,250000,836,250 kb
scaffold_8,14250001,210,Chr8,22139275,14500000,14375000.5,250000,250000,840,250 kb
scaffold_8,14500001,162,Chr8,22139275,14750000,14625000.5,250000,250000,648,250 kb
scaffold_8,14750001,245,Chr8,22139275,15000000,14875000.5,250000,250000,980,250 kb
scaffold_8,15000001,286,Chr8,22139275,15250000,15125000.5,250000,250000,1144,250 kb
scaffold_8,15250001,94,Chr8,22139275,15500000,15375000.5,250000,250000,376,250 kb
scaffold_8,15500001,260,Chr8,22139275,15750000,15625000.5,250000,250000,1040,250 kb
scaffold_8,15750001,226,Chr8,22139275,16000000,15875000.5,250000,250000,904,250 kb
scaffold_8,16000001,213,Chr8,22139275,16250000,16125000.5,250000,250000,852,250 kb
scaffold_8,16250001,202,Chr8,22139275,16500000,16375000.5,250000,250000,808,250 kb
scaffold_8,16500001,320,Chr8,22139275,16750000,16625000.5,250000,250000,1280,250 kb
scaffold_8,16750001,181,Chr8,22139275,17000000,16875000.5,250000,250000,724,250 kb
scaffold_8,17000001,304,Chr8,22139275,17250000,17125000.5,250000,250000,1216,250 kb
scaffold_8,17250001,298,Chr8,22139275,17500000,17375000.5,250000,250000,1192,250 kb
scaffold_8,17500001,320,Chr8,22139275,17750000,17625000.5,250000,250000,1280,250 kb
scaffold_8,17750001,405,Chr8,22139275,18000000,17875000.5,250000,250000,1620,250 kb
scaffold_8,18000001,222,Chr8,22139275,18250000,18125000.5,250000,250000,888,250 kb
scaffold_8,18250001,165,Chr8,22139275,18500000,18375000.5,250000,250000,660,250 kb
scaffold_8,18500001,191,Chr8,22139275,18750000,18625000.5,250000,250000,764,250 kb
scaffold_8,18750001,394,Chr8,22139275,19000000,18875000.5,250000,250000,1576,250 kb
scaffold_8,19000001,287,Chr8,22139275,19250000,19125000.5,250000,250000,1148,250 kb
scaffold_8,19250001,263,Chr8,22139275,19500000,19375000.5,250000,250000,1052,250 kb
scaffold_8,19500001,372,Chr8,22139275,19750000,19625000.5,250000,250000,1488,250 kb
scaffold_8,19750001,219,Chr8,22139275,20000000,19875000.5,250000,250000,876,250 kb
scaffold_8,20000001,199,Chr8,22139275,20250000,20125000.5,250000,250000,796,250 kb
scaffold_8,20250001,245,Chr8,22139275,20500000,20375000.5,250000,250000,980,250 kb
scaffold_8,20500001,255,Chr8,22139275,20750000,20625000.5,250000,250000,1020,250 kb
scaffold_8,20750001,185,Chr8,22139275,21000000,20875000.5,250000,250000,740,250 kb
scaffold_8,21000001,270,Chr8,22139275,21250000,21125000.5,250000,250000,1080,250 kb
scaffold_8,21250001,220,Chr8,22139275,21500000,21375000.5,250000,250000,880,250 kb
scaffold_8,21500001,286,Chr8,22139275,21750000,21625000.5,250000,250000,1144,250 kb
scaffold_8,21750001,186,Chr8,22139275,22000000,21875000.5,250000,250000,744,250 kb
scaffold_8,22000001,88,Chr8,22139275,22139275,22069638,139275,250000,631.8434751391133,250 kb
scaffold_9,1,124,Chr9,21681353,250000,125000.5,250000,250000,496,250 kb
scaffold_9,250001,277,Chr9,21681353,500000,375000.5,250000,250000,1108,250 kb
scaffold_9,500001,226,Chr9,21681353,750000,625000.5,250000,250000,904,250 kb
scaffold_9,750001,255,Chr9,21681353,1000000,875000.5,250000,250000,1020,250 kb
scaffold_9,1000001,128,Chr9,21681353,1250000,1125000.5,250000,250000,512,250 kb
scaffold_9,1250001,264,Chr9,21681353,1500000,1375000.5,250000,250000,1056,250 kb
scaffold_9,1500001,161,Chr9,21681353,1750000,1625000.5,250000,250000,644,250 kb
scaffold_9,1750001,210,Chr9,21681353,2000000,1875000.5,250000,250000,840,250 kb
scaffold_9,2000001,380,Chr9,21681353,2250000,2125000.5,250000,250000,1520,250 kb
scaffold_9,2250001,259,Chr9,21681353,2500000,2375000.5,250000,250000,1036,250 kb
scaffold_9,2500001,351,Chr9,21681353,2750000,2625000.5,250000,250000,1404,250 kb
scaffold_9,2750001,127,Chr9,21681353,3000000,2875000.5,250000,250000,508,250 kb
scaffold_9,3000001,275,Chr9,21681353,3250000,3125000.5,250000,250000,1100,250 kb
scaffold_9,3250001,267,Chr9,21681353,3500000,3375000.5,250000,250000,1068,250 kb
scaffold_9,3500001,231,Chr9,21681353,3750000,3625000.5,250000,250000,924,250 kb
scaffold_9,3750001,232,Chr9,21681353,4000000,3875000.5,250000,250000,928,250 kb
scaffold_9,4000001,225,Chr9,21681353,4250000,4125000.5,250000,250000,900,250 kb
scaffold_9,4250001,222,Chr9,21681353,4500000,4375000.5,250000,250000,888,250 kb
scaffold_9,4500001,187,Chr9,21681353,4750000,4625000.5,250000,250000,748,250 kb
scaffold_9,4750001,32,Chr9,21681353,5000000,4875000.5,250000,250000,128,250 kb
scaffold_9,5000001,48,Chr9,21681353,5250000,5125000.5,250000,250000,192,250 kb
scaffold_9,5250001,29,Chr9,21681353,5500000,5375000.5,250000,250000,116,250 kb
scaffold_9,5500001,63,Chr9,21681353,5750000,5625000.5,250000,250000,252,250 kb
scaffold_9,5750001,105,Chr9,21681353,6000000,5875000.5,250000,250000,420,250 kb
scaffold_9,6000001,180,Chr9,21681353,6250000,6125000.5,250000,250000,720,250 kb
scaffold_9,6250001,93,Chr9,21681353,6500000,6375000.5,250000,250000,372,250 kb
scaffold_9,6500001,217,Chr9,21681353,6750000,6625000.5,250000,250000,868,250 kb
scaffold_9,6750001,179,Chr9,21681353,7000000,6875000.5,250000,250000,716,250 kb
scaffold_9,7000001,189,Chr9,21681353,7250000,7125000.5,250000,250000,756,250 kb
scaffold_9,7250001,143,Chr9,21681353,7500000,7375000.5,250000,250000,572,250 kb
scaffold_9,7500001,162,Chr9,21681353,7750000,7625000.5,250000,250000,648,250 kb
scaffold_9,7750001,128,Chr9,21681353,8000000,7875000.5,250000,250000,512,250 kb
scaffold_9,8000001,165,Chr9,21681353,8250000,8125000.5,250000,250000,660,250 kb
scaffold_9,8250001,125,Chr9,21681353,8500000,8375000.5,250000,250000,500,250 kb
scaffold_9,8500001,169,Chr9,21681353,8750000,8625000.5,250000,250000,676,250 kb
scaffold_9,8750001,232,Chr9,21681353,9000000,8875000.5,250000,250000,928,250 kb
scaffold_9,9000001,90,Chr9,21681353,9250000,9125000.5,250000,250000,360,250 kb
scaffold_9,9250001,99,Chr9,21681353,9500000,9375000.5,250000,250000,396,250 kb
scaffold_9,9500001,119,Chr9,21681353,9750000,9625000.5,250000,250000,476,250 kb
scaffold_9,9750001,124,Chr9,21681353,10000000,9875000.5,250000,250000,496,250 kb
scaffold_9,10000001,213,Chr9,21681353,10250000,10125000.5,250000,250000,852,250 kb
scaffold_9,10250001,177,Chr9,21681353,10500000,10375000.5,250000,250000,708,250 kb
scaffold_9,10500001,121,Chr9,21681353,10750000,10625000.5,250000,250000,484,250 kb
scaffold_9,10750001,132,Chr9,21681353,11000000,10875000.5,250000,250000,528,250 kb
scaffold_9,11000001,141,Chr9,21681353,11250000,11125000.5,250000,250000,564,250 kb
scaffold_9,11250001,141,Chr9,21681353,11500000,11375000.5,250000,250000,564,250 kb
scaffold_9,11500001,103,Chr9,21681353,11750000,11625000.5,250000,250000,412,250 kb
scaffold_9,11750001,110,Chr9,21681353,12000000,11875000.5,250000,250000,440,250 kb
scaffold_9,12000001,190,Chr9,21681353,12250000,12125000.5,250000,250000,760,250 kb
scaffold_9,12250001,161,Chr9,21681353,12500000,12375000.5,250000,250000,644,250 kb
scaffold_9,12500001,140,Chr9,21681353,12750000,12625000.5,250000,250000,560,250 kb
scaffold_9,12750001,95,Chr9,21681353,13000000,12875000.5,250000,250000,380,250 kb
scaffold_9,13000001,297,Chr9,21681353,13250000,13125000.5,250000,250000,1188,250 kb
scaffold_9,13250001,161,Chr9,21681353,13500000,13375000.5,250000,250000,644,250 kb
scaffold_9,13500001,97,Chr9,21681353,13750000,13625000.5,250000,250000,388,250 kb
scaffold_9,13750001,245,Chr9,21681353,14000000,13875000.5,250000,250000,980,250 kb
scaffold_9,14000001,137,Chr9,21681353,14250000,14125000.5,250000,250000,548,250 kb
scaffold_9,14250001,184,Chr9,21681353,14500000,14375000.5,250000,250000,736,250 kb
scaffold_9,14500001,110,Chr9,21681353,14750000,14625000.5,250000,250000,440,250 kb
scaffold_9,14750001,70,Chr9,21681353,15000000,14875000.5,250000,250000,280,250 kb
scaffold_9,15000001,173,Chr9,21681353,15250000,15125000.5,250000,250000,692,250 kb
scaffold_9,15250001,48,Chr9,21681353,15500000,15375000.5,250000,250000,192,250 kb
scaffold_9,15500001,201,Chr9,21681353,15750000,15625000.5,250000,250000,804,250 kb
scaffold_9,15750001,180,Chr9,21681353,16000000,15875000.5,250000,250000,720,250 kb
scaffold_9,16000001,101,Chr9,21681353,16250000,16125000.5,250000,250000,404,250 kb
scaffold_9,16250001,170,Chr9,21681353,16500000,16375000.5,250000,250000,680,250 kb
scaffold_9,16500001,286,Chr9,21681353,16750000,16625000.5,250000,250000,1144,250 kb
scaffold_9,16750001,325,Chr9,21681353,17000000,16875000.5,250000,250000,1300,250 kb
scaffold_9,17000001,199,Chr9,21681353,17250000,17125000.5,250000,250000,796,250 kb
scaffold_9,17250001,217,Chr9,21681353,17500000,17375000.5,250000,250000,868,250 kb
scaffold_9,17500001,246,Chr9,21681353,17750000,17625000.5,250000,250000,984,250 kb
scaffold_9,17750001,224,Chr9,21681353,18000000,17875000.5,250000,250000,896,250 kb
scaffold_9,18000001,240,Chr9,21681353,18250000,18125000.5,250000,250000,960,250 kb
scaffold_9,18250001,214,Chr9,21681353,18500000,18375000.5,250000,250000,856,250 kb
scaffold_9,18500001,175,Chr9,21681353,18750000,18625000.5,250000,250000,700,250 kb
scaffold_9,18750001,159,Chr9,21681353,19000000,18875000.5,250000,250000,636,250 kb
scaffold_9,19000001,109,Chr9,21681353,19250000,19125000.5,250000,250000,436,250 kb
scaffold_9,19250001,182,Chr9,21681353,19500000,19375000.5,250000,250000,728,250 kb
scaffold_9,19500001,171,Chr9,21681353,19750000,19625000.5,250000,250000,684,250 kb
scaffold_9,19750001,135,Chr9,21681353,20000000,19875000.5,250000,250000,540,250 kb
scaffold_9,20000001,136,Chr9,21681353,20250000,20125000.5,250000,250000,544,250 kb
scaffold_9,20250001,217,Chr9,21681353,20500000,20375000.5,250000,250000,868,250 kb
scaffold_9,20500001,127,Chr9,21681353,20750000,20625000.5,250000,250000,508,250 kb
scaffold_9,20750001,183,Chr9,21681353,21000000,20875000.5,250000,250000,732,250 kb
scaffold_9,21000001,170,Chr9,21681353,21250000,21125000.5,250000,250000,680,250 kb
scaffold_9,21250001,197,Chr9,21681353,21500000,21375000.5,250000,250000,788,250 kb
scaffold_9,21500001,41,Chr9,21681353,21681353,21590677,181353,250000,226.0784216417705,250 kb
scaffold_10,1,94,Chr10,21286786,250000,125000.5,250000,250000,376,250 kb
scaffold_10,250001,119,Chr10,21286786,500000,375000.5,250000,250000,476,250 kb
scaffold_10,500001,137,Chr10,21286786,750000,625000.5,250000,250000,548,250 kb
scaffold_10,750001,186,Chr10,21286786,1000000,875000.5,250000,250000,744,250 kb
scaffold_10,1000001,135,Chr10,21286786,1250000,1125000.5,250000,250000,540,250 kb
scaffold_10,1250001,134,Chr10,21286786,1500000,1375000.5,250000,250000,536,250 kb
scaffold_10,1500001,145,Chr10,21286786,1750000,1625000.5,250000,250000,580,250 kb
scaffold_10,1750001,164,Chr10,21286786,2000000,1875000.5,250000,250000,656,250 kb
scaffold_10,2000001,155,Chr10,21286786,2250000,2125000.5,250000,250000,620,250 kb
scaffold_10,2250001,176,Chr10,21286786,2500000,2375000.5,250000,250000,704,250 kb
scaffold_10,2500001,84,Chr10,21286786,2750000,2625000.5,250000,250000,336,250 kb
scaffold_10,2750001,27,Chr10,21286786,3000000,2875000.5,250000,250000,108,250 kb
scaffold_10,3000001,52,Chr10,21286786,3250000,3125000.5,250000,250000,208,250 kb
scaffold_10,3250001,169,Chr10,21286786,3500000,3375000.5,250000,250000,676,250 kb
scaffold_10,3500001,138,Chr10,21286786,3750000,3625000.5,250000,250000,552,250 kb
scaffold_10,3750001,136,Chr10,21286786,4000000,3875000.5,250000,250000,544,250 kb
scaffold_10,4000001,154,Chr10,21286786,4250000,4125000.5,250000,250000,616,250 kb
scaffold_10,4250001,115,Chr10,21286786,4500000,4375000.5,250000,250000,460,250 kb
scaffold_10,4500001,238,Chr10,21286786,4750000,4625000.5,250000,250000,952,250 kb
scaffold_10,4750001,114,Chr10,21286786,5000000,4875000.5,250000,250000,456,250 kb
scaffold_10,5000001,233,Chr10,21286786,5250000,5125000.5,250000,250000,932,250 kb
scaffold_10,5250001,206,Chr10,21286786,5500000,5375000.5,250000,250000,824,250 kb
scaffold_10,5500001,268,Chr10,21286786,5750000,5625000.5,250000,250000,1072,250 kb
scaffold_10,5750001,373,Chr10,21286786,6000000,5875000.5,250000,250000,1492,250 kb
scaffold_10,6000001,146,Chr10,21286786,6250000,6125000.5,250000,250000,584,250 kb
scaffold_10,6250001,138,Chr10,21286786,6500000,6375000.5,250000,250000,552,250 kb
scaffold_10,6500001,177,Chr10,21286786,6750000,6625000.5,250000,250000,708,250 kb
scaffold_10,6750001,214,Chr10,21286786,7000000,6875000.5,250000,250000,856,250 kb
scaffold_10,7000001,132,Chr10,21286786,7250000,7125000.5,250000,250000,528,250 kb
scaffold_10,7250001,177,Chr10,21286786,7500000,7375000.5,250000,250000,708,250 kb
scaffold_10,7500001,150,Chr10,21286786,7750000,7625000.5,250000,250000,600,250 kb
scaffold_10,7750001,175,Chr10,21286786,8000000,7875000.5,250000,250000,700,250 kb
scaffold_10,8000001,214,Chr10,21286786,8250000,8125000.5,250000,250000,856,250 kb
scaffold_10,8250001,78,Chr10,21286786,8500000,8375000.5,250000,250000,312,250 kb
scaffold_10,8500001,217,Chr10,21286786,8750000,8625000.5,250000,250000,868,250 kb
scaffold_10,8750001,171,Chr10,21286786,9000000,8875000.5,250000,250000,684,250 kb
scaffold_10,9000001,160,Chr10,21286786,9250000,9125000.5,250000,250000,640,250 kb
scaffold_10,9250001,181,Chr10,21286786,9500000,9375000.5,250000,250000,724,250 kb
scaffold_10,9500001,194,Chr10,21286786,9750000,9625000.5,250000,250000,776,250 kb
scaffold_10,9750001,118,Chr10,21286786,10000000,9875000.5,250000,250000,472,250 kb
scaffold_10,10000001,156,Chr10,21286786,10250000,10125000.5,250000,250000,624,250 kb
scaffold_10,10250001,144,Chr10,21286786,10500000,10375000.5,250000,250000,576,250 kb
scaffold_10,10500001,129,Chr10,21286786,10750000,10625000.5,250000,250000,516,250 kb
scaffold_10,10750001,92,Chr10,21286786,11000000,10875000.5,250000,250000,368,250 kb
scaffold_10,11000001,178,Chr10,21286786,11250000,11125000.5,250000,250000,712,250 kb
scaffold_10,11250001,105,Chr10,21286786,11500000,11375000.5,250000,250000,420,250 kb
scaffold_10,11500001,176,Chr10,21286786,11750000,11625000.5,250000,250000,704,250 kb
scaffold_10,11750001,173,Chr10,21286786,12000000,11875000.5,250000,250000,692,250 kb
scaffold_10,12000001,221,Chr10,21286786,12250000,12125000.5,250000,250000,884,250 kb
scaffold_10,12250001,193,Chr10,21286786,12500000,12375000.5,250000,250000,772,250 kb
scaffold_10,12500001,190,Chr10,21286786,12750000,12625000.5,250000,250000,760,250 kb
scaffold_10,12750001,286,Chr10,21286786,13000000,12875000.5,250000,250000,1144,250 kb
scaffold_10,13000001,190,Chr10,21286786,13250000,13125000.5,250000,250000,760,250 kb
scaffold_10,13250001,227,Chr10,21286786,13500000,13375000.5,250000,250000,908,250 kb
scaffold_10,13500001,193,Chr10,21286786,13750000,13625000.5,250000,250000,772,250 kb
scaffold_10,13750001,254,Chr10,21286786,14000000,13875000.5,250000,250000,1016,250 kb
scaffold_10,14000001,197,Chr10,21286786,14250000,14125000.5,250000,250000,788,250 kb
scaffold_10,14250001,222,Chr10,21286786,14500000,14375000.5,250000,250000,888,250 kb
scaffold_10,14500001,293,Chr10,21286786,14750000,14625000.5,250000,250000,1172,250 kb
scaffold_10,14750001,296,Chr10,21286786,15000000,14875000.5,250000,250000,1184,250 kb
scaffold_10,15000001,203,Chr10,21286786,15250000,15125000.5,250000,250000,812,250 kb
scaffold_10,15250001,291,Chr10,21286786,15500000,15375000.5,250000,250000,1164,250 kb
scaffold_10,15500001,266,Chr10,21286786,15750000,15625000.5,250000,250000,1064,250 kb
scaffold_10,15750001,216,Chr10,21286786,16000000,15875000.5,250000,250000,864,250 kb
scaffold_10,16000001,198,Chr10,21286786,16250000,16125000.5,250000,250000,792,250 kb
scaffold_10,16250001,208,Chr10,21286786,16500000,16375000.5,250000,250000,832,250 kb
scaffold_10,16500001,301,Chr10,21286786,16750000,16625000.5,250000,250000,1204,250 kb
scaffold_10,16750001,173,Chr10,21286786,17000000,16875000.5,250000,250000,692,250 kb
scaffold_10,17000001,341,Chr10,21286786,17250000,17125000.5,250000,250000,1364,250 kb
scaffold_10,17250001,249,Chr10,21286786,17500000,17375000.5,250000,250000,996,250 kb
scaffold_10,17500001,251,Chr10,21286786,17750000,17625000.5,250000,250000,1004,250 kb
scaffold_10,17750001,233,Chr10,21286786,18000000,17875000.5,250000,250000,932,250 kb
scaffold_10,18000001,318,Chr10,21286786,18250000,18125000.5,250000,250000,1272,250 kb
scaffold_10,18250001,174,Chr10,21286786,18500000,18375000.5,250000,250000,696,250 kb
scaffold_10,18500001,297,Chr10,21286786,18750000,18625000.5,250000,250000,1188,250 kb
scaffold_10,18750001,204,Chr10,21286786,19000000,18875000.5,250000,250000,816,250 kb
scaffold_10,19000001,215,Chr10,21286786,19250000,19125000.5,250000,250000,860,250 kb
scaffold_10,19250001,222,Chr10,21286786,19500000,19375000.5,250000,250000,888,250 kb
scaffold_10,19500001,316,Chr10,21286786,19750000,19625000.5,250000,250000,1264,250 kb
scaffold_10,19750001,290,Chr10,21286786,20000000,19875000.5,250000,250000,1160,250 kb
scaffold_10,20000001,238,Chr10,21286786,20250000,20125000.5,250000,250000,952,250 kb
scaffold_10,20250001,201,Chr10,21286786,20500000,20375000.5,250000,250000,804,250 kb
scaffold_10,20500001,212,Chr10,21286786,20750000,20625000.5,250000,250000,848,250 kb
scaffold_10,20750001,212,Chr10,21286786,21000000,20875000.5,250000,250000,848,250 kb
scaffold_10,21000001,278,Chr10,21286786,21250000,21125000.5,250000,250000,1112,250 kb
scaffold_10,21250001,6,Chr10,21286786,21286786,21268393.5,36786,250000,163.1055292774425,250 kb
scaffold_11,1,42,Chr11,19266831,250000,125000.5,250000,250000,168,250 kb
scaffold_11,250001,21,Chr11,19266831,500000,375000.5,250000,250000,84,250 kb
scaffold_11,500001,29,Chr11,19266831,750000,625000.5,250000,250000,116,250 kb
scaffold_11,750001,74,Chr11,19266831,1000000,875000.5,250000,250000,296,250 kb
scaffold_11,1000001,118,Chr11,19266831,1250000,1125000.5,250000,250000,472,250 kb
scaffold_11,1250001,62,Chr11,19266831,1500000,1375000.5,250000,250000,248,250 kb
scaffold_11,1500001,129,Chr11,19266831,1750000,1625000.5,250000,250000,516,250 kb
scaffold_11,1750001,147,Chr11,19266831,2000000,1875000.5,250000,250000,588,250 kb
scaffold_11,2000001,179,Chr11,19266831,2250000,2125000.5,250000,250000,716,250 kb
scaffold_11,2250001,197,Chr11,19266831,2500000,2375000.5,250000,250000,788,250 kb
scaffold_11,2500001,146,Chr11,19266831,2750000,2625000.5,250000,250000,584,250 kb
scaffold_11,2750001,140,Chr11,19266831,3000000,2875000.5,250000,250000,560,250 kb
scaffold_11,3000001,93,Chr11,19266831,3250000,3125000.5,250000,250000,372,250 kb
scaffold_11,3250001,201,Chr11,19266831,3500000,3375000.5,250000,250000,804,250 kb
scaffold_11,3500001,148,Chr11,19266831,3750000,3625000.5,250000,250000,592,250 kb
scaffold_11,3750001,113,Chr11,19266831,4000000,3875000.5,250000,250000,452,250 kb
scaffold_11,4000001,96,Chr11,19266831,4250000,4125000.5,250000,250000,384,250 kb
scaffold_11,4250001,150,Chr11,19266831,4500000,4375000.5,250000,250000,600,250 kb
scaffold_11,4500001,227,Chr11,19266831,4750000,4625000.5,250000,250000,908,250 kb
scaffold_11,4750001,135,Chr11,19266831,5000000,4875000.5,250000,250000,540,250 kb
scaffold_11,5000001,222,Chr11,19266831,5250000,5125000.5,250000,250000,888,250 kb
scaffold_11,5250001,129,Chr11,19266831,5500000,5375000.5,250000,250000,516,250 kb
scaffold_11,5500001,113,Chr11,19266831,5750000,5625000.5,250000,250000,452,250 kb
scaffold_11,5750001,123,Chr11,19266831,6000000,5875000.5,250000,250000,492,250 kb
scaffold_11,6000001,115,Chr11,19266831,6250000,6125000.5,250000,250000,460,250 kb
scaffold_11,6250001,240,Chr11,19266831,6500000,6375000.5,250000,250000,960,250 kb
scaffold_11,6500001,190,Chr11,19266831,6750000,6625000.5,250000,250000,760,250 kb
scaffold_11,6750001,198,Chr11,19266831,7000000,6875000.5,250000,250000,792,250 kb
scaffold_11,7000001,161,Chr11,19266831,7250000,7125000.5,250000,250000,644,250 kb
scaffold_11,7250001,165,Chr11,19266831,7500000,7375000.5,250000,250000,660,250 kb
scaffold_11,7500001,236,Chr11,19266831,7750000,7625000.5,250000,250000,944,250 kb
scaffold_11,7750001,102,Chr11,19266831,8000000,7875000.5,250000,250000,408,250 kb
scaffold_11,8000001,121,Chr11,19266831,8250000,8125000.5,250000,250000,484,250 kb
scaffold_11,8250001,122,Chr11,19266831,8500000,8375000.5,250000,250000,488,250 kb
scaffold_11,8500001,147,Chr11,19266831,8750000,8625000.5,250000,250000,588,250 kb
scaffold_11,8750001,152,Chr11,19266831,9000000,8875000.5,250000,250000,608,250 kb
scaffold_11,9000001,101,Chr11,19266831,9250000,9125000.5,250000,250000,404,250 kb
scaffold_11,9250001,117,Chr11,19266831,9500000,9375000.5,250000,250000,468,250 kb
scaffold_11,9500001,151,Chr11,19266831,9750000,9625000.5,250000,250000,604,250 kb
scaffold_11,9750001,195,Chr11,19266831,10000000,9875000.5,250000,250000,780,250 kb
scaffold_11,10000001,75,Chr11,19266831,10250000,10125000.5,250000,250000,300,250 kb
scaffold_11,10250001,186,Chr11,19266831,10500000,10375000.5,250000,250000,744,250 kb
scaffold_11,10500001,120,Chr11,19266831,10750000,10625000.5,250000,250000,480,250 kb
scaffold_11,10750001,140,Chr11,19266831,11000000,10875000.5,250000,250000,560,250 kb
scaffold_11,11000001,154,Chr11,19266831,11250000,11125000.5,250000,250000,616,250 kb
scaffold_11,11250001,65,Chr11,19266831,11500000,11375000.5,250000,250000,260,250 kb
scaffold_11,11500001,246,Chr11,19266831,11750000,11625000.5,250000,250000,984,250 kb
scaffold_11,11750001,224,Chr11,19266831,12000000,11875000.5,250000,250000,896,250 kb
scaffold_11,12000001,217,Chr11,19266831,12250000,12125000.5,250000,250000,868,250 kb
scaffold_11,12250001,196,Chr11,19266831,12500000,12375000.5,250000,250000,784,250 kb
scaffold_11,12500001,253,Chr11,19266831,12750000,12625000.5,250000,250000,1012,250 kb
scaffold_11,12750001,125,Chr11,19266831,13000000,12875000.5,250000,250000,500,250 kb
scaffold_11,13000001,169,Chr11,19266831,13250000,13125000.5,250000,250000,676,250 kb
scaffold_11,13250001,182,Chr11,19266831,13500000,13375000.5,250000,250000,728,250 kb
scaffold_11,13500001,324,Chr11,19266831,13750000,13625000.5,250000,250000,1296,250 kb
scaffold_11,13750001,159,Chr11,19266831,14000000,13875000.5,250000,250000,636,250 kb
scaffold_11,14000001,234,Chr11,19266831,14250000,14125000.5,250000,250000,936,250 kb
scaffold_11,14250001,144,Chr11,19266831,14500000,14375000.5,250000,250000,576,250 kb
scaffold_11,14500001,92,Chr11,19266831,14750000,14625000.5,250000,250000,368,250 kb
scaffold_11,14750001,284,Chr11,19266831,15000000,14875000.5,250000,250000,1136,250 kb
scaffold_11,15000001,275,Chr11,19266831,15250000,15125000.5,250000,250000,1100,250 kb
scaffold_11,15250001,44,Chr11,19266831,15500000,15375000.5,250000,250000,176,250 kb
scaffold_11,15500001,228,Chr11,19266831,15750000,15625000.5,250000,250000,912,250 kb
scaffold_11,15750001,229,Chr11,19266831,16000000,15875000.5,250000,250000,916,250 kb
scaffold_11,16000001,247,Chr11,19266831,16250000,16125000.5,250000,250000,988,250 kb
scaffold_11,16250001,189,Chr11,19266831,16500000,16375000.5,250000,250000,756,250 kb
scaffold_11,16500001,220,Chr11,19266831,16750000,16625000.5,250000,250000,880,250 kb
scaffold_11,16750001,233,Chr11,19266831,17000000,16875000.5,250000,250000,932,250 kb
scaffold_11,17000001,235,Chr11,19266831,17250000,17125000.5,250000,250000,940,250 kb
scaffold_11,17250001,233,Chr11,19266831,17500000,17375000.5,250000,250000,932,250 kb
scaffold_11,17500001,272,Chr11,19266831,17750000,17625000.5,250000,250000,1088,250 kb
scaffold_11,17750001,327,Chr11,19266831,18000000,17875000.5,250000,250000,1308,250 kb
scaffold_11,18000001,300,Chr11,19266831,18250000,18125000.5,250000,250000,1200,250 kb
scaffold_11,18250001,252,Chr11,19266831,18500000,18375000.5,250000,250000,1008,250 kb
scaffold_11,18500001,226,Chr11,19266831,18750000,18625000.5,250000,250000,904,250 kb
scaffold_11,18750001,245,Chr11,19266831,19000000,18875000.5,250000,250000,980,250 kb
scaffold_11,19000001,108,Chr11,19266831,19250000,19125000.5,250000,250000,432,250 kb
scaffold_12,1,122,Chr12,17831046,250000,125000.5,250000,250000,488,250 kb
scaffold_12,250001,280,Chr12,17831046,500000,375000.5,250000,250000,1120,250 kb
scaffold_12,500001,180,Chr12,17831046,750000,625000.5,250000,250000,720,250 kb
scaffold_12,750001,212,Chr12,17831046,1000000,875000.5,250000,250000,848,250 kb
scaffold_12,1000001,162,Chr12,17831046,1250000,1125000.5,250000,250000,648,250 kb
scaffold_12,1250001,255,Chr12,17831046,1500000,1375000.5,250000,250000,1020,250 kb
scaffold_12,1500001,225,Chr12,17831046,1750000,1625000.5,250000,250000,900,250 kb
scaffold_12,1750001,319,Chr12,17831046,2000000,1875000.5,250000,250000,1276,250 kb
scaffold_12,2000001,69,Chr12,17831046,2250000,2125000.5,250000,250000,276,250 kb
scaffold_12,2250001,115,Chr12,17831046,2500000,2375000.5,250000,250000,460,250 kb
scaffold_12,2500001,159,Chr12,17831046,2750000,2625000.5,250000,250000,636,250 kb
scaffold_12,2750001,138,Chr12,17831046,3000000,2875000.5,250000,250000,552,250 kb
scaffold_12,3000001,208,Chr12,17831046,3250000,3125000.5,250000,250000,832,250 kb
scaffold_12,3250001,214,Chr12,17831046,3500000,3375000.5,250000,250000,856,250 kb
scaffold_12,3500001,211,Chr12,17831046,3750000,3625000.5,250000,250000,844,250 kb
scaffold_12,3750001,210,Chr12,17831046,4000000,3875000.5,250000,250000,840,250 kb
scaffold_12,4000001,223,Chr12,17831046,4250000,4125000.5,250000,250000,892,250 kb
scaffold_12,4250001,182,Chr12,17831046,4500000,4375000.5,250000,250000,728,250 kb
scaffold_12,4500001,325,Chr12,17831046,4750000,4625000.5,250000,250000,1300,250 kb
scaffold_12,4750001,240,Chr12,17831046,5000000,4875000.5,250000,250000,960,250 kb
scaffold_12,5000001,203,Chr12,17831046,5250000,5125000.5,250000,250000,812,250 kb
scaffold_12,5250001,149,Chr12,17831046,5500000,5375000.5,250000,250000,596,250 kb
scaffold_12,5500001,160,Chr12,17831046,5750000,5625000.5,250000,250000,640,250 kb
scaffold_12,5750001,129,Chr12,17831046,6000000,5875000.5,250000,250000,516,250 kb
scaffold_12,6000001,207,Chr12,17831046,6250000,6125000.5,250000,250000,828,250 kb
scaffold_12,6250001,181,Chr12,17831046,6500000,6375000.5,250000,250000,724,250 kb
scaffold_12,6500001,217,Chr12,17831046,6750000,6625000.5,250000,250000,868,250 kb
scaffold_12,6750001,182,Chr12,17831046,7000000,6875000.5,250000,250000,728,250 kb
scaffold_12,7000001,175,Chr12,17831046,7250000,7125000.5,250000,250000,700,250 kb
scaffold_12,7250001,199,Chr12,17831046,7500000,7375000.5,250000,250000,796,250 kb
scaffold_12,7500001,165,Chr12,17831046,7750000,7625000.5,250000,250000,660,250 kb
scaffold_12,7750001,273,Chr12,17831046,8000000,7875000.5,250000,250000,1092,250 kb
scaffold_12,8000001,196,Chr12,17831046,8250000,8125000.5,250000,250000,784,250 kb
scaffold_12,8250001,144,Chr12,17831046,8500000,8375000.5,250000,250000,576,250 kb
scaffold_12,8500001,150,Chr12,17831046,8750000,8625000.5,250000,250000,600,250 kb
scaffold_12,8750001,195,Chr12,17831046,9000000,8875000.5,250000,250000,780,250 kb
scaffold_12,9000001,148,Chr12,17831046,9250000,9125000.5,250000,250000,592,250 kb
scaffold_12,9250001,185,Chr12,17831046,9500000,9375000.5,250000,250000,740,250 kb
scaffold_12,9500001,97,Chr12,17831046,9750000,9625000.5,250000,250000,388,250 kb
scaffold_12,9750001,189,Chr12,17831046,10000000,9875000.5,250000,250000,756,250 kb
scaffold_12,10000001,115,Chr12,17831046,10250000,10125000.5,250000,250000,460,250 kb
scaffold_12,10250001,134,Chr12,17831046,10500000,10375000.5,250000,250000,536,250 kb
scaffold_12,10500001,197,Chr12,17831046,10750000,10625000.5,250000,250000,788,250 kb
scaffold_12,10750001,167,Chr12,17831046,11000000,10875000.5,250000,250000,668,250 kb
scaffold_12,11000001,171,Chr12,17831046,11250000,11125000.5,250000,250000,684,250 kb
scaffold_12,11250001,76,Chr12,17831046,11500000,11375000.5,250000,250000,304,250 kb
scaffold_12,11500001,146,Chr12,17831046,11750000,11625000.5,250000,250000,584,250 kb
scaffold_12,11750001,119,Chr12,17831046,12000000,11875000.5,250000,250000,476,250 kb
scaffold_12,12000001,126,Chr12,17831046,12250000,12125000.5,250000,250000,504,250 kb
scaffold_12,12250001,126,Chr12,17831046,12500000,12375000.5,250000,250000,504,250 kb
scaffold_12,12500001,73,Chr12,17831046,12750000,12625000.5,250000,250000,292,250 kb
scaffold_12,12750001,55,Chr12,17831046,13000000,12875000.5,250000,250000,220,250 kb
scaffold_12,13000001,75,Chr12,17831046,13250000,13125000.5,250000,250000,300,250 kb
scaffold_12,13250001,93,Chr12,17831046,13500000,13375000.5,250000,250000,372,250 kb
scaffold_12,13500001,95,Chr12,17831046,13750000,13625000.5,250000,250000,380,250 kb
scaffold_12,13750001,65,Chr12,17831046,14000000,13875000.5,250000,250000,260,250 kb
scaffold_12,14000001,86,Chr12,17831046,14250000,14125000.5,250000,250000,344,250 kb
scaffold_12,14250001,63,Chr12,17831046,14500000,14375000.5,250000,250000,252,250 kb
scaffold_12,14500001,97,Chr12,17831046,14750000,14625000.5,250000,250000,388,250 kb
scaffold_12,14750001,88,Chr12,17831046,15000000,14875000.5,250000,250000,352,250 kb
scaffold_12,15000001,97,Chr12,17831046,15250000,15125000.5,250000,250000,388,250 kb
scaffold_12,15250001,82,Chr12,17831046,15500000,15375000.5,250000,250000,328,250 kb
scaffold_12,15500001,65,Chr12,17831046,15750000,15625000.5,250000,250000,260,250 kb
scaffold_12,15750001,106,Chr12,17831046,16000000,15875000.5,250000,250000,424,250 kb
scaffold_12,16000001,70,Chr12,17831046,16250000,16125000.5,250000,250000,280,250 kb
scaffold_12,16250001,51,Chr12,17831046,16500000,16375000.5,250000,250000,204,250 kb
scaffold_12,16500001,107,Chr12,17831046,16750000,16625000.5,250000,250000,428,250 kb
scaffold_12,16750001,83,Chr12,17831046,17000000,16875000.5,250000,250000,332,250 kb
scaffold_12,17000001,79,Chr12,17831046,17250000,17125000.5,250000,250000,316,250 kb
scaffold_12,17250001,76,Chr12,17831046,17500000,17375000.5,250000,250000,304,250 kb
scaffold_12,17500001,45,Chr12,17831046,17750000,17625000.5,250000,250000,180,250 kb
scaffold_12,17750001,12,Chr12,17831046,17831046,17790523.5,81046,250000,148.06406238432493,250 kb
scaffold_13,1,34,Chr13,15012242,250000,125000.5,250000,250000,136,250 kb
scaffold_13,250001,66,Chr13,15012242,500000,375000.5,250000,250000,264,250 kb
scaffold_13,500001,255,Chr13,15012242,750000,625000.5,250000,250000,1020,250 kb
scaffold_13,750001,177,Chr13,15012242,1000000,875000.5,250000,250000,708,250 kb
scaffold_13,1000001,189,Chr13,15012242,1250000,1125000.5,250000,250000,756,250 kb
scaffold_13,1250001,93,Chr13,15012242,1500000,1375000.5,250000,250000,372,250 kb
scaffold_13,1500001,117,Chr13,15012242,1750000,1625000.5,250000,250000,468,250 kb
scaffold_13,1750001,154,Chr13,15012242,2000000,1875000.5,250000,250000,616,250 kb
scaffold_13,2000001,147,Chr13,15012242,2250000,2125000.5,250000,250000,588,250 kb
scaffold_13,2250001,204,Chr13,15012242,2500000,2375000.5,250000,250000,816,250 kb
scaffold_13,2500001,158,Chr13,15012242,2750000,2625000.5,250000,250000,632,250 kb
scaffold_13,2750001,201,Chr13,15012242,3000000,2875000.5,250000,250000,804,250 kb
scaffold_13,3000001,211,Chr13,15012242,3250000,3125000.5,250000,250000,844,250 kb
scaffold_13,3250001,124,Chr13,15012242,3500000,3375000.5,250000,250000,496,250 kb
scaffold_13,3500001,271,Chr13,15012242,3750000,3625000.5,250000,250000,1084,250 kb
scaffold_13,3750001,197,Chr13,15012242,4000000,3875000.5,250000,250000,788,250 kb
scaffold_13,4000001,95,Chr13,15012242,4250000,4125000.5,250000,250000,380,250 kb
scaffold_13,4250001,162,Chr13,15012242,4500000,4375000.5,250000,250000,648,250 kb
scaffold_13,4500001,97,Chr13,15012242,4750000,4625000.5,250000,250000,388,250 kb
scaffold_13,4750001,116,Chr13,15012242,5000000,4875000.5,250000,250000,464,250 kb
scaffold_13,5000001,204,Chr13,15012242,5250000,5125000.5,250000,250000,816,250 kb
scaffold_13,5250001,175,Chr13,15012242,5500000,5375000.5,250000,250000,700,250 kb
scaffold_13,5500001,165,Chr13,15012242,5750000,5625000.5,250000,250000,660,250 kb
scaffold_13,5750001,158,Chr13,15012242,6000000,5875000.5,250000,250000,632,250 kb
scaffold_13,6000001,169,Chr13,15012242,6250000,6125000.5,250000,250000,676,250 kb
scaffold_13,6250001,195,Chr13,15012242,6500000,6375000.5,250000,250000,780,250 kb
scaffold_13,6500001,130,Chr13,15012242,6750000,6625000.5,250000,250000,520,250 kb
scaffold_13,6750001,213,Chr13,15012242,7000000,6875000.5,250000,250000,852,250 kb
scaffold_13,7000001,109,Chr13,15012242,7250000,7125000.5,250000,250000,436,250 kb
scaffold_13,7250001,207,Chr13,15012242,7500000,7375000.5,250000,250000,828,250 kb
scaffold_13,7500001,234,Chr13,15012242,7750000,7625000.5,250000,250000,936,250 kb
scaffold_13,7750001,253,Chr13,15012242,8000000,7875000.5,250000,250000,1012,250 kb
scaffold_13,8000001,167,Chr13,15012242,8250000,8125000.5,250000,250000,668,250 kb
scaffold_13,8250001,180,Chr13,15012242,8500000,8375000.5,250000,250000,720,250 kb
scaffold_13,8500001,137,Chr13,15012242,8750000,8625000.5,250000,250000,548,250 kb
scaffold_13,8750001,34,Chr13,15012242,9000000,8875000.5,250000,250000,136,250 kb
scaffold_13,9000001,171,Chr13,15012242,9250000,9125000.5,250000,250000,684,250 kb
scaffold_13,9250001,118,Chr13,15012242,9500000,9375000.5,250000,250000,472,250 kb
scaffold_13,9500001,197,Chr13,15012242,9750000,9625000.5,250000,250000,788,250 kb
scaffold_13,9750001,243,Chr13,15012242,10000000,9875000.5,250000,250000,972,250 kb
scaffold_13,10000001,256,Chr13,15012242,10250000,10125000.5,250000,250000,1024,250 kb
scaffold_13,10250001,152,Chr13,15012242,10500000,10375000.5,250000,250000,608,250 kb
scaffold_13,10500001,164,Chr13,15012242,10750000,10625000.5,250000,250000,656,250 kb
scaffold_13,10750001,262,Chr13,15012242,11000000,10875000.5,250000,250000,1048,250 kb
scaffold_13,11000001,214,Chr13,15012242,11250000,11125000.5,250000,250000,856,250 kb
scaffold_13,11250001,309,Chr13,15012242,11500000,11375000.5,250000,250000,1236,250 kb
scaffold_13,11500001,235,Chr13,15012242,11750000,11625000.5,250000,250000,940,250 kb
scaffold_13,11750001,253,Chr13,15012242,12000000,11875000.5,250000,250000,1012,250 kb
scaffold_13,12000001,246,Chr13,15012242,12250000,12125000.5,250000,250000,984,250 kb
scaffold_13,12250001,234,Chr13,15012242,12500000,12375000.5,250000,250000,936,250 kb
scaffold_13,12500001,279,Chr13,15012242,12750000,12625000.5,250000,250000,1116,250 kb
scaffold_13,12750001,283,Chr13,15012242,13000000,12875000.5,250000,250000,1132,250 kb
scaffold_13,13000001,260,Chr13,15012242,13250000,13125000.5,250000,250000,1040,250 kb
scaffold_13,13250001,233,Chr13,15012242,13500000,13375000.5,250000,250000,932,250 kb
scaffold_13,13500001,216,Chr13,15012242,13750000,13625000.5,250000,250000,864,250 kb
scaffold_13,13750001,338,Chr13,15012242,14000000,13875000.5,250000,250000,1352,250 kb
scaffold_13,14000001,115,Chr13,15012242,14250000,14125000.5,250000,250000,460,250 kb
scaffold_13,14250001,250,Chr13,15012242,14500000,14375000.5,250000,250000,1000,250 kb
scaffold_13,14500001,85,Chr13,15012242,14750000,14625000.5,250000,250000,340,250 kb
scaffold_13,14750001,163,Chr13,15012242,15000000,14875000.5,250000,250000,652,250 kb
scaffold_14,1,55,Chr14,9100013,250000,125000.5,250000,250000,220,250 kb
scaffold_14,250001,74,Chr14,9100013,500000,375000.5,250000,250000,296,250 kb
scaffold_14,500001,55,Chr14,9100013,750000,625000.5,250000,250000,220,250 kb
scaffold_14,750001,34,Chr14,9100013,1000000,875000.5,250000,250000,136,250 kb
scaffold_14,1000001,53,Chr14,9100013,1250000,1125000.5,250000,250000,212,250 kb
scaffold_14,1250001,37,Chr14,9100013,1500000,1375000.5,250000,250000,148,250 kb
scaffold_14,1500001,59,Chr14,9100013,1750000,1625000.5,250000,250000,236,250 kb
scaffold_14,1750001,28,Chr14,9100013,2000000,1875000.5,250000,250000,112,250 kb
scaffold_14,2000001,28,Chr14,9100013,2250000,2125000.5,250000,250000,112,250 kb
scaffold_14,2250001,69,Chr14,9100013,2500000,2375000.5,250000,250000,276,250 kb
scaffold_14,2500001,58,Chr14,9100013,2750000,2625000.5,250000,250000,232,250 kb
scaffold_14,2750001,51,Chr14,9100013,3000000,2875000.5,250000,250000,204,250 kb
scaffold_14,3000001,35,Chr14,9100013,3250000,3125000.5,250000,250000,140,250 kb
scaffold_14,3250001,62,Chr14,9100013,3500000,3375000.5,250000,250000,248,250 kb
scaffold_14,3500001,41,Chr14,9100013,3750000,3625000.5,250000,250000,164,250 kb
scaffold_14,3750001,89,Chr14,9100013,4000000,3875000.5,250000,250000,356,250 kb
scaffold_14,4000001,56,Chr14,9100013,4250000,4125000.5,250000,250000,224,250 kb
scaffold_14,4250001,63,Chr14,9100013,4500000,4375000.5,250000,250000,252,250 kb
scaffold_14,4500001,56,Chr14,9100013,4750000,4625000.5,250000,250000,224,250 kb
scaffold_14,4750001,94,Chr14,9100013,5000000,4875000.5,250000,250000,376,250 kb
scaffold_14,5000001,47,Chr14,9100013,5250000,5125000.5,250000,250000,188,250 kb
scaffold_14,5250001,59,Chr14,9100013,5500000,5375000.5,250000,250000,236,250 kb
scaffold_14,5500001,32,Chr14,9100013,5750000,5625000.5,250000,250000,128,250 kb
scaffold_14,5750001,51,Chr14,9100013,6000000,5875000.5,250000,250000,204,250 kb
scaffold_14,6000001,68,Chr14,9100013,6250000,6125000.5,250000,250000,272,250 kb
scaffold_14,6250001,42,Chr14,9100013,6500000,6375000.5,250000,250000,168,250 kb
scaffold_14,6500001,25,Chr14,9100013,6750000,6625000.5,250000,250000,100,250 kb
scaffold_14,6750001,22,Chr14,9100013,7000000,6875000.5,250000,250000,88,250 kb
scaffold_14,7000001,43,Chr14,9100013,7250000,7125000.5,250000,250000,172,250 kb
scaffold_14,7250001,68,Chr14,9100013,7500000,7375000.5,250000,250000,272,250 kb
scaffold_14,7500001,35,Chr14,9100013,7750000,7625000.5,250000,250000,140,250 kb
scaffold_14,7750001,58,Chr14,9100013,8000000,7875000.5,250000,250000,232,250 kb
scaffold_14,8000001,70,Chr14,9100013,8250000,8125000.5,250000,250000,280,250 kb
scaffold_14,8250001,48,Chr14,9100013,8500000,8375000.5,250000,250000,192,250 kb
scaffold_14,8500001,61,Chr14,9100013,8750000,8625000.5,250000,250000,244,250 kb
scaffold_14,8750001,36,Chr14,9100013,9000000,8875000.5,250000,250000,144,250 kb
scaffold_14,9000001,7,Chr14,9100013,9100013,9050007,100013,250000,69.99090118284623,250 kb
scaffold_15,1,1,Chr15,6213574,250000,125000.5,250000,250000,4,250 kb
scaffold_15,250001,4,Chr15,6213574,500000,375000.5,250000,250000,16,250 kb
scaffold_15,500001,35,Chr15,6213574,750000,625000.5,250000,250000,140,250 kb
scaffold_15,750001,47,Chr15,6213574,1000000,875000.5,250000,250000,188,250 kb
scaffold_15,1000001,42,Chr15,6213574,1250000,1125000.5,250000,250000,168,250 kb
scaffold_15,1250001,34,Chr15,6213574,1500000,1375000.5,250000,250000,136,250 kb
scaffold_15,1500001,43,Chr15,6213574,1750000,1625000.5,250000,250000,172,250 kb
scaffold_15,1750001,44,Chr15,6213574,2000000,1875000.5,250000,250000,176,250 kb
scaffold_15,2000001,40,Chr15,6213574,2250000,2125000.5,250000,250000,160,250 kb
scaffold_15,2250001,31,Chr15,6213574,2500000,2375000.5,250000,250000,124,250 kb
scaffold_15,2500001,45,Chr15,6213574,2750000,2625000.5,250000,250000,180,250 kb
scaffold_15,2750001,25,Chr15,6213574,3000000,2875000.5,250000,250000,100,250 kb
scaffold_15,3000001,27,Chr15,6213574,3250000,3125000.5,250000,250000,108,250 kb
scaffold_15,3250001,30,Chr15,6213574,3500000,3375000.5,250000,250000,120,250 kb
scaffold_15,3500001,38,Chr15,6213574,3750000,3625000.5,250000,250000,152,250 kb
scaffold_15,3750001,34,Chr15,6213574,4000000,3875000.5,250000,250000,136,250 kb
scaffold_15,4000001,27,Chr15,6213574,4250000,4125000.5,250000,250000,108,250 kb
scaffold_15,4250001,63,Chr15,6213574,4500000,4375000.5,250000,250000,252,250 kb
scaffold_15,4500001,54,Chr15,6213574,4750000,4625000.5,250000,250000,216,250 kb
scaffold_15,4750001,28,Chr15,6213574,5000000,4875000.5,250000,250000,112,250 kb
scaffold_15,5000001,34,Chr15,6213574,5250000,5125000.5,250000,250000,136,250 kb
scaffold_15,5250001,35,Chr15,6213574,5500000,5375000.5,250000,250000,140,250 kb
scaffold_15,5500001,35,Chr15,6213574,5750000,5625000.5,250000,250000,140,250 kb
scaffold_15,5750001,15,Chr15,6213574,6000000,5875000.5,250000,250000,60,250 kb
scaffold_15,6000001,11,Chr15,6213574,6213574,6106787.5,213574,250000,51.50439660258271,250 kb
scaffold_16,1,42,Chr16,2846023,250000,125000.5,250000,250000,168,250 kb
scaffold_16,250001,81,Chr16,2846023,500000,375000.5,250000,250000,324,250 kb
scaffold_16,500001,83,Chr16,2846023,750000,625000.5,250000,250000,332,250 kb
scaffold_16,750001,177,Chr16,2846023,1000000,875000.5,250000,250000,708,250 kb
scaffold_16,1000001,112,Chr16,2846023,1250000,1125000.5,250000,250000,448,250 kb
scaffold_16,1250001,158,Chr16,2846023,1500000,1375000.5,250000,250000,632,250 kb
scaffold_16,1500001,198,Chr16,2846023,1750000,1625000.5,250000,250000,792,250 kb
scaffold_16,1750001,143,Chr16,2846023,2000000,1875000.5,250000,250000,572,250 kb
scaffold_16,2000001,107,Chr16,2846023,2250000,2125000.5,250000,250000,428,250 kb
scaffold_16,2250001,180,Chr16,2846023,2500000,2375000.5,250000,250000,720,250 kb
scaffold_16,2500001,79,Chr16,2846023,2750000,2625000.5,250000,250000,316,250 kb
scaffold_16,2750001,16,Chr16,2846023,2846023,2798012,96023,250000,166.62674567551525,250 kb
scaffold_17,1,15,Chr17,2695941,250000,125000.5,250000,250000,60,250 kb
scaffold_17,250001,35,Chr17,2695941,500000,375000.5,250000,250000,140,250 kb
scaffold_17,500001,47,Chr17,2695941,750000,625000.5,250000,250000,188,250 kb
scaffold_17,750001,69,Chr17,2695941,1000000,875000.5,250000,250000,276,250 kb
scaffold_17,1000001,70,Chr17,2695941,1250000,1125000.5,250000,250000,280,250 kb
scaffold_17,1250001,30,Chr17,2695941,1500000,1375000.5,250000,250000,120,250 kb
scaffold_17,1500001,15,Chr17,2695941,1750000,1625000.5,250000,250000,60,250 kb
scaffold_17,1750001,48,Chr17,2695941,2000000,1875000.5,250000,250000,192,250 kb
scaffold_17,2000001,29,Chr17,2695941,2250000,2125000.5,250000,250000,116,250 kb
scaffold_17,2250001,36,Chr17,2695941,2500000,2375000.5,250000,250000,144,250 kb
scaffold_17,2500001,17,Chr17,2695941,2695941,2597971,195941,250000,86.76081065218611,250 kb
scaffold_18,1,29,Chr18,1965232,250000,125000.5,250000,250000,116,250 kb
scaffold_18,250001,52,Chr18,1965232,500000,375000.5,250000,250000,208,250 kb
scaffold_18,500001,55,Chr18,1965232,750000,625000.5,250000,250000,220,250 kb
scaffold_18,750001,28,Chr18,1965232,1000000,875000.5,250000,250000,112,250 kb
scaffold_18,1000001,28,Chr18,1965232,1250000,1125000.5,250000,250000,112,250 kb
scaffold_18,1250001,24,Chr18,1965232,1500000,1375000.5,250000,250000,96,250 kb
scaffold_18,1500001,20,Chr18,1965232,1750000,1625000.5,250000,250000,80,250 kb
scaffold_18,1750001,19,Chr18,1965232,1965232,1857616.5,215232,250000,88.27683615819208,250 kb
scaffold_11,19250001,0,Chr11,19266831,19266831,19258416,16831,250000,0,250 kb
scaffold_13,15000001,0,Chr13,15012242,15012242,15006121.5,12242,250000,0,250 kb
scaffold_1,1,375,Chr1,45697135,500000,250000.5,500000,500000,750,500 kb
scaffold_1,500001,301,Chr1,45697135,1000000,750000.5,500000,500000,602,500 kb
scaffold_1,1000001,459,Chr1,45697135,1500000,1250000.5,500000,500000,918,500 kb
scaffold_1,1500001,395,Chr1,45697135,2000000,1750000.5,500000,500000,790,500 kb
scaffold_1,2000001,378,Chr1,45697135,2500000,2250000.5,500000,500000,756,500 kb
scaffold_1,2500001,510,Chr1,45697135,3000000,2750000.5,500000,500000,1020,500 kb
scaffold_1,3000001,471,Chr1,45697135,3500000,3250000.5,500000,500000,942,500 kb
scaffold_1,3500001,435,Chr1,45697135,4000000,3750000.5,500000,500000,870,500 kb
scaffold_1,4000001,513,Chr1,45697135,4500000,4250000.5,500000,500000,1026,500 kb
scaffold_1,4500001,386,Chr1,45697135,5000000,4750000.5,500000,500000,772,500 kb
scaffold_1,5000001,331,Chr1,45697135,5500000,5250000.5,500000,500000,662,500 kb
scaffold_1,5500001,409,Chr1,45697135,6000000,5750000.5,500000,500000,818,500 kb
scaffold_1,6000001,399,Chr1,45697135,6500000,6250000.5,500000,500000,798,500 kb
scaffold_1,6500001,358,Chr1,45697135,7000000,6750000.5,500000,500000,716,500 kb
scaffold_1,7000001,193,Chr1,45697135,7500000,7250000.5,500000,500000,386,500 kb
scaffold_1,7500001,150,Chr1,45697135,8000000,7750000.5,500000,500000,300,500 kb
scaffold_1,8000001,189,Chr1,45697135,8500000,8250000.5,500000,500000,378,500 kb
scaffold_1,8500001,216,Chr1,45697135,9000000,8750000.5,500000,500000,432,500 kb
scaffold_1,9000001,256,Chr1,45697135,9500000,9250000.5,500000,500000,512,500 kb
scaffold_1,9500001,331,Chr1,45697135,10000000,9750000.5,500000,500000,662,500 kb
scaffold_1,10000001,223,Chr1,45697135,10500000,10250000.5,500000,500000,446,500 kb
scaffold_1,10500001,207,Chr1,45697135,11000000,10750000.5,500000,500000,414,500 kb
scaffold_1,11000001,180,Chr1,45697135,11500000,11250000.5,500000,500000,360,500 kb
scaffold_1,11500001,248,Chr1,45697135,12000000,11750000.5,500000,500000,496,500 kb
scaffold_1,12000001,274,Chr1,45697135,12500000,12250000.5,500000,500000,548,500 kb
scaffold_1,12500001,160,Chr1,45697135,13000000,12750000.5,500000,500000,320,500 kb
scaffold_1,13000001,197,Chr1,45697135,13500000,13250000.5,500000,500000,394,500 kb
scaffold_1,13500001,203,Chr1,45697135,14000000,13750000.5,500000,500000,406,500 kb
scaffold_1,14000001,161,Chr1,45697135,14500000,14250000.5,500000,500000,322,500 kb
scaffold_1,14500001,112,Chr1,45697135,15000000,14750000.5,500000,500000,224,500 kb
scaffold_1,15000001,135,Chr1,45697135,15500000,15250000.5,500000,500000,270,500 kb
scaffold_1,15500001,126,Chr1,45697135,16000000,15750000.5,500000,500000,252,500 kb
scaffold_1,16000001,115,Chr1,45697135,16500000,16250000.5,500000,500000,230,500 kb
scaffold_1,16500001,192,Chr1,45697135,17000000,16750000.5,500000,500000,384,500 kb
scaffold_1,17000001,345,Chr1,45697135,17500000,17250000.5,500000,500000,690,500 kb
scaffold_1,17500001,171,Chr1,45697135,18000000,17750000.5,500000,500000,342,500 kb
scaffold_1,18000001,287,Chr1,45697135,18500000,18250000.5,500000,500000,574,500 kb
scaffold_1,18500001,205,Chr1,45697135,19000000,18750000.5,500000,500000,410,500 kb
scaffold_1,19000001,346,Chr1,45697135,19500000,19250000.5,500000,500000,692,500 kb
scaffold_1,19500001,328,Chr1,45697135,20000000,19750000.5,500000,500000,656,500 kb
scaffold_1,20000001,284,Chr1,45697135,20500000,20250000.5,500000,500000,568,500 kb
scaffold_1,20500001,289,Chr1,45697135,21000000,20750000.5,500000,500000,578,500 kb
scaffold_1,21000001,329,Chr1,45697135,21500000,21250000.5,500000,500000,658,500 kb
scaffold_1,21500001,270,Chr1,45697135,22000000,21750000.5,500000,500000,540,500 kb
scaffold_1,22000001,238,Chr1,45697135,22500000,22250000.5,500000,500000,476,500 kb
scaffold_1,22500001,235,Chr1,45697135,23000000,22750000.5,500000,500000,470,500 kb
scaffold_1,23000001,293,Chr1,45697135,23500000,23250000.5,500000,500000,586,500 kb
scaffold_1,23500001,190,Chr1,45697135,24000000,23750000.5,500000,500000,380,500 kb
scaffold_1,24000001,300,Chr1,45697135,24500000,24250000.5,500000,500000,600,500 kb
scaffold_1,24500001,335,Chr1,45697135,25000000,24750000.5,500000,500000,670,500 kb
scaffold_1,25000001,223,Chr1,45697135,25500000,25250000.5,500000,500000,446,500 kb
scaffold_1,25500001,226,Chr1,45697135,26000000,25750000.5,500000,500000,452,500 kb
scaffold_1,26000001,257,Chr1,45697135,26500000,26250000.5,500000,500000,514,500 kb
scaffold_1,26500001,122,Chr1,45697135,27000000,26750000.5,500000,500000,244,500 kb
scaffold_1,27000001,158,Chr1,45697135,27500000,27250000.5,500000,500000,316,500 kb
scaffold_1,27500001,140,Chr1,45697135,28000000,27750000.5,500000,500000,280,500 kb
scaffold_1,28000001,176,Chr1,45697135,28500000,28250000.5,500000,500000,352,500 kb
scaffold_1,28500001,164,Chr1,45697135,29000000,28750000.5,500000,500000,328,500 kb
scaffold_1,29000001,238,Chr1,45697135,29500000,29250000.5,500000,500000,476,500 kb
scaffold_1,29500001,240,Chr1,45697135,30000000,29750000.5,500000,500000,480,500 kb
scaffold_1,30000001,165,Chr1,45697135,30500000,30250000.5,500000,500000,330,500 kb
scaffold_1,30500001,134,Chr1,45697135,31000000,30750000.5,500000,500000,268,500 kb
scaffold_1,31000001,134,Chr1,45697135,31500000,31250000.5,500000,500000,268,500 kb
scaffold_1,31500001,76,Chr1,45697135,32000000,31750000.5,500000,500000,152,500 kb
scaffold_1,32000001,101,Chr1,45697135,32500000,32250000.5,500000,500000,202,500 kb
scaffold_1,32500001,125,Chr1,45697135,33000000,32750000.5,500000,500000,250,500 kb
scaffold_1,33000001,127,Chr1,45697135,33500000,33250000.5,500000,500000,254,500 kb
scaffold_1,33500001,168,Chr1,45697135,34000000,33750000.5,500000,500000,336,500 kb
scaffold_1,34000001,206,Chr1,45697135,34500000,34250000.5,500000,500000,412,500 kb
scaffold_1,34500001,283,Chr1,45697135,35000000,34750000.5,500000,500000,566,500 kb
scaffold_1,35000001,270,Chr1,45697135,35500000,35250000.5,500000,500000,540,500 kb
scaffold_1,35500001,171,Chr1,45697135,36000000,35750000.5,500000,500000,342,500 kb
scaffold_1,36000001,306,Chr1,45697135,36500000,36250000.5,500000,500000,612,500 kb
scaffold_1,36500001,289,Chr1,45697135,37000000,36750000.5,500000,500000,578,500 kb
scaffold_1,37000001,359,Chr1,45697135,37500000,37250000.5,500000,500000,718,500 kb
scaffold_1,37500001,377,Chr1,45697135,38000000,37750000.5,500000,500000,754,500 kb
scaffold_1,38000001,264,Chr1,45697135,38500000,38250000.5,500000,500000,528,500 kb
scaffold_1,38500001,405,Chr1,45697135,39000000,38750000.5,500000,500000,810,500 kb
scaffold_1,39000001,292,Chr1,45697135,39500000,39250000.5,500000,500000,584,500 kb
scaffold_1,39500001,311,Chr1,45697135,40000000,39750000.5,500000,500000,622,500 kb
scaffold_1,40000001,502,Chr1,45697135,40500000,40250000.5,500000,500000,1004,500 kb
scaffold_1,40500001,398,Chr1,45697135,41000000,40750000.5,500000,500000,796,500 kb
scaffold_1,41000001,480,Chr1,45697135,41500000,41250000.5,500000,500000,960,500 kb
scaffold_1,41500001,311,Chr1,45697135,42000000,41750000.5,500000,500000,622,500 kb
scaffold_1,42000001,504,Chr1,45697135,42500000,42250000.5,500000,500000,1008,500 kb
scaffold_1,42500001,442,Chr1,45697135,43000000,42750000.5,500000,500000,884,500 kb
scaffold_1,43000001,543,Chr1,45697135,43500000,43250000.5,500000,500000,1086,500 kb
scaffold_1,43500001,464,Chr1,45697135,44000000,43750000.5,500000,500000,928,500 kb
scaffold_1,44000001,429,Chr1,45697135,44500000,44250000.5,500000,500000,858,500 kb
scaffold_1,44500001,490,Chr1,45697135,45000000,44750000.5,500000,500000,980,500 kb
scaffold_1,45000001,420,Chr1,45697135,45500000,45250000.5,500000,500000,840,500 kb
scaffold_1,45500001,156,Chr1,45697135,45697135,45598568,197135,500000,791.3358865751895,500 kb
scaffold_2,1,68,Chr2,40817374,500000,250000.5,500000,500000,136,500 kb
scaffold_2,500001,101,Chr2,40817374,1000000,750000.5,500000,500000,202,500 kb
scaffold_2,1000001,189,Chr2,40817374,1500000,1250000.5,500000,500000,378,500 kb
scaffold_2,1500001,70,Chr2,40817374,2000000,1750000.5,500000,500000,140,500 kb
scaffold_2,2000001,79,Chr2,40817374,2500000,2250000.5,500000,500000,158,500 kb
scaffold_2,2500001,69,Chr2,40817374,3000000,2750000.5,500000,500000,138,500 kb
scaffold_2,3000001,62,Chr2,40817374,3500000,3250000.5,500000,500000,124,500 kb
scaffold_2,3500001,81,Chr2,40817374,4000000,3750000.5,500000,500000,162,500 kb
scaffold_2,4000001,61,Chr2,40817374,4500000,4250000.5,500000,500000,122,500 kb
scaffold_2,4500001,64,Chr2,40817374,5000000,4750000.5,500000,500000,128,500 kb
scaffold_2,5000001,48,Chr2,40817374,5500000,5250000.5,500000,500000,96,500 kb
scaffold_2,5500001,100,Chr2,40817374,6000000,5750000.5,500000,500000,200,500 kb
scaffold_2,6000001,111,Chr2,40817374,6500000,6250000.5,500000,500000,222,500 kb
scaffold_2,6500001,73,Chr2,40817374,7000000,6750000.5,500000,500000,146,500 kb
scaffold_2,7000001,62,Chr2,40817374,7500000,7250000.5,500000,500000,124,500 kb
scaffold_2,7500001,78,Chr2,40817374,8000000,7750000.5,500000,500000,156,500 kb
scaffold_2,8000001,63,Chr2,40817374,8500000,8250000.5,500000,500000,126,500 kb
scaffold_2,8500001,93,Chr2,40817374,9000000,8750000.5,500000,500000,186,500 kb
scaffold_2,9000001,95,Chr2,40817374,9500000,9250000.5,500000,500000,190,500 kb
scaffold_2,9500001,96,Chr2,40817374,10000000,9750000.5,500000,500000,192,500 kb
scaffold_2,10000001,72,Chr2,40817374,10500000,10250000.5,500000,500000,144,500 kb
scaffold_2,10500001,100,Chr2,40817374,11000000,10750000.5,500000,500000,200,500 kb
scaffold_2,11000001,69,Chr2,40817374,11500000,11250000.5,500000,500000,138,500 kb
scaffold_2,11500001,89,Chr2,40817374,12000000,11750000.5,500000,500000,178,500 kb
scaffold_2,12000001,101,Chr2,40817374,12500000,12250000.5,500000,500000,202,500 kb
scaffold_2,12500001,74,Chr2,40817374,13000000,12750000.5,500000,500000,148,500 kb
scaffold_2,13000001,65,Chr2,40817374,13500000,13250000.5,500000,500000,130,500 kb
scaffold_2,13500001,93,Chr2,40817374,14000000,13750000.5,500000,500000,186,500 kb
scaffold_2,14000001,64,Chr2,40817374,14500000,14250000.5,500000,500000,128,500 kb
scaffold_2,14500001,53,Chr2,40817374,15000000,14750000.5,500000,500000,106,500 kb
scaffold_2,15000001,27,Chr2,40817374,15500000,15250000.5,500000,500000,54,500 kb
scaffold_2,15500001,73,Chr2,40817374,16000000,15750000.5,500000,500000,146,500 kb
scaffold_2,16000001,103,Chr2,40817374,16500000,16250000.5,500000,500000,206,500 kb
scaffold_2,16500001,104,Chr2,40817374,17000000,16750000.5,500000,500000,208,500 kb
scaffold_2,17000001,81,Chr2,40817374,17500000,17250000.5,500000,500000,162,500 kb
scaffold_2,17500001,40,Chr2,40817374,18000000,17750000.5,500000,500000,80,500 kb
scaffold_2,18000001,95,Chr2,40817374,18500000,18250000.5,500000,500000,190,500 kb
scaffold_2,18500001,93,Chr2,40817374,19000000,18750000.5,500000,500000,186,500 kb
scaffold_2,19000001,188,Chr2,40817374,19500000,19250000.5,500000,500000,376,500 kb
scaffold_2,19500001,201,Chr2,40817374,20000000,19750000.5,500000,500000,402,500 kb
scaffold_2,20000001,203,Chr2,40817374,20500000,20250000.5,500000,500000,406,500 kb
scaffold_2,20500001,112,Chr2,40817374,21000000,20750000.5,500000,500000,224,500 kb
scaffold_2,21000001,130,Chr2,40817374,21500000,21250000.5,500000,500000,260,500 kb
scaffold_2,21500001,164,Chr2,40817374,22000000,21750000.5,500000,500000,328,500 kb
scaffold_2,22000001,161,Chr2,40817374,22500000,22250000.5,500000,500000,322,500 kb
scaffold_2,22500001,154,Chr2,40817374,23000000,22750000.5,500000,500000,308,500 kb
scaffold_2,23000001,177,Chr2,40817374,23500000,23250000.5,500000,500000,354,500 kb
scaffold_2,23500001,133,Chr2,40817374,24000000,23750000.5,500000,500000,266,500 kb
scaffold_2,24000001,221,Chr2,40817374,24500000,24250000.5,500000,500000,442,500 kb
scaffold_2,24500001,192,Chr2,40817374,25000000,24750000.5,500000,500000,384,500 kb
scaffold_2,25000001,216,Chr2,40817374,25500000,25250000.5,500000,500000,432,500 kb
scaffold_2,25500001,324,Chr2,40817374,26000000,25750000.5,500000,500000,648,500 kb
scaffold_2,26000001,268,Chr2,40817374,26500000,26250000.5,500000,500000,536,500 kb
scaffold_2,26500001,289,Chr2,40817374,27000000,26750000.5,500000,500000,578,500 kb
scaffold_2,27000001,293,Chr2,40817374,27500000,27250000.5,500000,500000,586,500 kb
scaffold_2,27500001,262,Chr2,40817374,28000000,27750000.5,500000,500000,524,500 kb
scaffold_2,28000001,227,Chr2,40817374,28500000,28250000.5,500000,500000,454,500 kb
scaffold_2,28500001,247,Chr2,40817374,29000000,28750000.5,500000,500000,494,500 kb
scaffold_2,29000001,256,Chr2,40817374,29500000,29250000.5,500000,500000,512,500 kb
scaffold_2,29500001,318,Chr2,40817374,30000000,29750000.5,500000,500000,636,500 kb
scaffold_2,30000001,449,Chr2,40817374,30500000,30250000.5,500000,500000,898,500 kb
scaffold_2,30500001,354,Chr2,40817374,31000000,30750000.5,500000,500000,708,500 kb
scaffold_2,31000001,320,Chr2,40817374,31500000,31250000.5,500000,500000,640,500 kb
scaffold_2,31500001,372,Chr2,40817374,32000000,31750000.5,500000,500000,744,500 kb
scaffold_2,32000001,271,Chr2,40817374,32500000,32250000.5,500000,500000,542,500 kb
scaffold_2,32500001,344,Chr2,40817374,33000000,32750000.5,500000,500000,688,500 kb
scaffold_2,33000001,386,Chr2,40817374,33500000,33250000.5,500000,500000,772,500 kb
scaffold_2,33500001,278,Chr2,40817374,34000000,33750000.5,500000,500000,556,500 kb
scaffold_2,34000001,279,Chr2,40817374,34500000,34250000.5,500000,500000,558,500 kb
scaffold_2,34500001,416,Chr2,40817374,35000000,34750000.5,500000,500000,832,500 kb
scaffold_2,35000001,384,Chr2,40817374,35500000,35250000.5,500000,500000,768,500 kb
scaffold_2,35500001,471,Chr2,40817374,36000000,35750000.5,500000,500000,942,500 kb
scaffold_2,36000001,367,Chr2,40817374,36500000,36250000.5,500000,500000,734,500 kb
scaffold_2,36500001,418,Chr2,40817374,37000000,36750000.5,500000,500000,836,500 kb
scaffold_2,37000001,469,Chr2,40817374,37500000,37250000.5,500000,500000,938,500 kb
scaffold_2,37500001,407,Chr2,40817374,38000000,37750000.5,500000,500000,814,500 kb
scaffold_2,38000001,560,Chr2,40817374,38500000,38250000.5,500000,500000,1120,500 kb
scaffold_2,38500001,391,Chr2,40817374,39000000,38750000.5,500000,500000,782,500 kb
scaffold_2,39000001,541,Chr2,40817374,39500000,39250000.5,500000,500000,1082,500 kb
scaffold_2,39500001,445,Chr2,40817374,40000000,39750000.5,500000,500000,890,500 kb
scaffold_2,40000001,479,Chr2,40817374,40500000,40250000.5,500000,500000,958,500 kb
scaffold_2,40500001,215,Chr2,40817374,40817374,40658687.5,317374,500000,677.4341943574458,500 kb
scaffold_3,1,77,Chr3,35723232,500000,250000.5,500000,500000,154,500 kb
scaffold_3,500001,90,Chr3,35723232,1000000,750000.5,500000,500000,180,500 kb
scaffold_3,1000001,65,Chr3,35723232,1500000,1250000.5,500000,500000,130,500 kb
scaffold_3,1500001,84,Chr3,35723232,2000000,1750000.5,500000,500000,168,500 kb
scaffold_3,2000001,48,Chr3,35723232,2500000,2250000.5,500000,500000,96,500 kb
scaffold_3,2500001,64,Chr3,35723232,3000000,2750000.5,500000,500000,128,500 kb
scaffold_3,3000001,52,Chr3,35723232,3500000,3250000.5,500000,500000,104,500 kb
scaffold_3,3500001,71,Chr3,35723232,4000000,3750000.5,500000,500000,142,500 kb
scaffold_3,4000001,49,Chr3,35723232,4500000,4250000.5,500000,500000,98,500 kb
scaffold_3,4500001,88,Chr3,35723232,5000000,4750000.5,500000,500000,176,500 kb
scaffold_3,5000001,80,Chr3,35723232,5500000,5250000.5,500000,500000,160,500 kb
scaffold_3,5500001,72,Chr3,35723232,6000000,5750000.5,500000,500000,144,500 kb
scaffold_3,6000001,95,Chr3,35723232,6500000,6250000.5,500000,500000,190,500 kb
scaffold_3,6500001,87,Chr3,35723232,7000000,6750000.5,500000,500000,174,500 kb
scaffold_3,7000001,91,Chr3,35723232,7500000,7250000.5,500000,500000,182,500 kb
scaffold_3,7500001,69,Chr3,35723232,8000000,7750000.5,500000,500000,138,500 kb
scaffold_3,8000001,77,Chr3,35723232,8500000,8250000.5,500000,500000,154,500 kb
scaffold_3,8500001,65,Chr3,35723232,9000000,8750000.5,500000,500000,130,500 kb
scaffold_3,9000001,159,Chr3,35723232,9500000,9250000.5,500000,500000,318,500 kb
scaffold_3,9500001,128,Chr3,35723232,10000000,9750000.5,500000,500000,256,500 kb
scaffold_3,10000001,101,Chr3,35723232,10500000,10250000.5,500000,500000,202,500 kb
scaffold_3,10500001,93,Chr3,35723232,11000000,10750000.5,500000,500000,186,500 kb
scaffold_3,11000001,91,Chr3,35723232,11500000,11250000.5,500000,500000,182,500 kb
scaffold_3,11500001,96,Chr3,35723232,12000000,11750000.5,500000,500000,192,500 kb
scaffold_3,12000001,104,Chr3,35723232,12500000,12250000.5,500000,500000,208,500 kb
scaffold_3,12500001,48,Chr3,35723232,13000000,12750000.5,500000,500000,96,500 kb
scaffold_3,13000001,74,Chr3,35723232,13500000,13250000.5,500000,500000,148,500 kb
scaffold_3,13500001,70,Chr3,35723232,14000000,13750000.5,500000,500000,140,500 kb
scaffold_3,14000001,60,Chr3,35723232,14500000,14250000.5,500000,500000,120,500 kb
scaffold_3,14500001,107,Chr3,35723232,15000000,14750000.5,500000,500000,214,500 kb
scaffold_3,15000001,124,Chr3,35723232,15500000,15250000.5,500000,500000,248,500 kb
scaffold_3,15500001,89,Chr3,35723232,16000000,15750000.5,500000,500000,178,500 kb
scaffold_3,16000001,88,Chr3,35723232,16500000,16250000.5,500000,500000,176,500 kb
scaffold_3,16500001,115,Chr3,35723232,17000000,16750000.5,500000,500000,230,500 kb
scaffold_3,17000001,159,Chr3,35723232,17500000,17250000.5,500000,500000,318,500 kb
scaffold_3,17500001,176,Chr3,35723232,18000000,17750000.5,500000,500000,352,500 kb
scaffold_3,18000001,169,Chr3,35723232,18500000,18250000.5,500000,500000,338,500 kb
scaffold_3,18500001,249,Chr3,35723232,19000000,18750000.5,500000,500000,498,500 kb
scaffold_3,19000001,174,Chr3,35723232,19500000,19250000.5,500000,500000,348,500 kb
scaffold_3,19500001,205,Chr3,35723232,20000000,19750000.5,500000,500000,410,500 kb
scaffold_3,20000001,175,Chr3,35723232,20500000,20250000.5,500000,500000,350,500 kb
scaffold_3,20500001,221,Chr3,35723232,21000000,20750000.5,500000,500000,442,500 kb
scaffold_3,21000001,222,Chr3,35723232,21500000,21250000.5,500000,500000,444,500 kb
scaffold_3,21500001,291,Chr3,35723232,22000000,21750000.5,500000,500000,582,500 kb
scaffold_3,22000001,235,Chr3,35723232,22500000,22250000.5,500000,500000,470,500 kb
scaffold_3,22500001,170,Chr3,35723232,23000000,22750000.5,500000,500000,340,500 kb
scaffold_3,23000001,247,Chr3,35723232,23500000,23250000.5,500000,500000,494,500 kb
scaffold_3,23500001,152,Chr3,35723232,24000000,23750000.5,500000,500000,304,500 kb
scaffold_3,24000001,264,Chr3,35723232,24500000,24250000.5,500000,500000,528,500 kb
scaffold_3,24500001,246,Chr3,35723232,25000000,24750000.5,500000,500000,492,500 kb
scaffold_3,25000001,273,Chr3,35723232,25500000,25250000.5,500000,500000,546,500 kb
scaffold_3,25500001,307,Chr3,35723232,26000000,25750000.5,500000,500000,614,500 kb
scaffold_3,26000001,291,Chr3,35723232,26500000,26250000.5,500000,500000,582,500 kb
scaffold_3,26500001,373,Chr3,35723232,27000000,26750000.5,500000,500000,746,500 kb
scaffold_3,27000001,368,Chr3,35723232,27500000,27250000.5,500000,500000,736,500 kb
scaffold_3,27500001,389,Chr3,35723232,28000000,27750000.5,500000,500000,778,500 kb
scaffold_3,28000001,388,Chr3,35723232,28500000,28250000.5,500000,500000,776,500 kb
scaffold_3,28500001,444,Chr3,35723232,29000000,28750000.5,500000,500000,888,500 kb
scaffold_3,29000001,559,Chr3,35723232,29500000,29250000.5,500000,500000,1118,500 kb
scaffold_3,29500001,554,Chr3,35723232,30000000,29750000.5,500000,500000,1108,500 kb
scaffold_3,30000001,369,Chr3,35723232,30500000,30250000.5,500000,500000,738,500 kb
scaffold_3,30500001,381,Chr3,35723232,31000000,30750000.5,500000,500000,762,500 kb
scaffold_3,31000001,583,Chr3,35723232,31500000,31250000.5,500000,500000,1166,500 kb
scaffold_3,31500001,440,Chr3,35723232,32000000,31750000.5,500000,500000,880,500 kb
scaffold_3,32000001,478,Chr3,35723232,32500000,32250000.5,500000,500000,956,500 kb
scaffold_3,32500001,429,Chr3,35723232,33000000,32750000.5,500000,500000,858,500 kb
scaffold_3,33000001,463,Chr3,35723232,33500000,33250000.5,500000,500000,926,500 kb
scaffold_3,33500001,487,Chr3,35723232,34000000,33750000.5,500000,500000,974,500 kb
scaffold_3,34000001,498,Chr3,35723232,34500000,34250000.5,500000,500000,996,500 kb
scaffold_3,34500001,416,Chr3,35723232,35000000,34750000.5,500000,500000,832,500 kb
scaffold_3,35000001,622,Chr3,35723232,35500000,35250000.5,500000,500000,1244,500 kb
scaffold_3,35500001,230,Chr3,35723232,35723232,35611616.5,223232,500000,1030.318233944954,500 kb
scaffold_4,1,73,Chr4,32323243,500000,250000.5,500000,500000,146,500 kb
scaffold_4,500001,54,Chr4,32323243,1000000,750000.5,500000,500000,108,500 kb
scaffold_4,1000001,62,Chr4,32323243,1500000,1250000.5,500000,500000,124,500 kb
scaffold_4,1500001,76,Chr4,32323243,2000000,1750000.5,500000,500000,152,500 kb
scaffold_4,2000001,54,Chr4,32323243,2500000,2250000.5,500000,500000,108,500 kb
scaffold_4,2500001,75,Chr4,32323243,3000000,2750000.5,500000,500000,150,500 kb
scaffold_4,3000001,79,Chr4,32323243,3500000,3250000.5,500000,500000,158,500 kb
scaffold_4,3500001,96,Chr4,32323243,4000000,3750000.5,500000,500000,192,500 kb
scaffold_4,4000001,75,Chr4,32323243,4500000,4250000.5,500000,500000,150,500 kb
scaffold_4,4500001,79,Chr4,32323243,5000000,4750000.5,500000,500000,158,500 kb
scaffold_4,5000001,54,Chr4,32323243,5500000,5250000.5,500000,500000,108,500 kb
scaffold_4,5500001,54,Chr4,32323243,6000000,5750000.5,500000,500000,108,500 kb
scaffold_4,6000001,86,Chr4,32323243,6500000,6250000.5,500000,500000,172,500 kb
scaffold_4,6500001,44,Chr4,32323243,7000000,6750000.5,500000,500000,88,500 kb
scaffold_4,7000001,48,Chr4,32323243,7500000,7250000.5,500000,500000,96,500 kb
scaffold_4,7500001,62,Chr4,32323243,8000000,7750000.5,500000,500000,124,500 kb
scaffold_4,8000001,73,Chr4,32323243,8500000,8250000.5,500000,500000,146,500 kb
scaffold_4,8500001,59,Chr4,32323243,9000000,8750000.5,500000,500000,118,500 kb
scaffold_4,9000001,75,Chr4,32323243,9500000,9250000.5,500000,500000,150,500 kb
scaffold_4,9500001,63,Chr4,32323243,10000000,9750000.5,500000,500000,126,500 kb
scaffold_4,10000001,83,Chr4,32323243,10500000,10250000.5,500000,500000,166,500 kb
scaffold_4,10500001,80,Chr4,32323243,11000000,10750000.5,500000,500000,160,500 kb
scaffold_4,11000001,63,Chr4,32323243,11500000,11250000.5,500000,500000,126,500 kb
scaffold_4,11500001,61,Chr4,32323243,12000000,11750000.5,500000,500000,122,500 kb
scaffold_4,12000001,77,Chr4,32323243,12500000,12250000.5,500000,500000,154,500 kb
scaffold_4,12500001,72,Chr4,32323243,13000000,12750000.5,500000,500000,144,500 kb
scaffold_4,13000001,106,Chr4,32323243,13500000,13250000.5,500000,500000,212,500 kb
scaffold_4,13500001,97,Chr4,32323243,14000000,13750000.5,500000,500000,194,500 kb
scaffold_4,14000001,76,Chr4,32323243,14500000,14250000.5,500000,500000,152,500 kb
scaffold_4,14500001,63,Chr4,32323243,15000000,14750000.5,500000,500000,126,500 kb
scaffold_4,15000001,105,Chr4,32323243,15500000,15250000.5,500000,500000,210,500 kb
scaffold_4,15500001,105,Chr4,32323243,16000000,15750000.5,500000,500000,210,500 kb
scaffold_4,16000001,80,Chr4,32323243,16500000,16250000.5,500000,500000,160,500 kb
scaffold_4,16500001,158,Chr4,32323243,17000000,16750000.5,500000,500000,316,500 kb
scaffold_4,17000001,95,Chr4,32323243,17500000,17250000.5,500000,500000,190,500 kb
scaffold_4,17500001,95,Chr4,32323243,18000000,17750000.5,500000,500000,190,500 kb
scaffold_4,18000001,85,Chr4,32323243,18500000,18250000.5,500000,500000,170,500 kb
scaffold_4,18500001,143,Chr4,32323243,19000000,18750000.5,500000,500000,286,500 kb
scaffold_4,19000001,130,Chr4,32323243,19500000,19250000.5,500000,500000,260,500 kb
scaffold_4,19500001,191,Chr4,32323243,20000000,19750000.5,500000,500000,382,500 kb
scaffold_4,20000001,222,Chr4,32323243,20500000,20250000.5,500000,500000,444,500 kb
scaffold_4,20500001,177,Chr4,32323243,21000000,20750000.5,500000,500000,354,500 kb
scaffold_4,21000001,273,Chr4,32323243,21500000,21250000.5,500000,500000,546,500 kb
scaffold_4,21500001,294,Chr4,32323243,22000000,21750000.5,500000,500000,588,500 kb
scaffold_4,22000001,180,Chr4,32323243,22500000,22250000.5,500000,500000,360,500 kb
scaffold_4,22500001,272,Chr4,32323243,23000000,22750000.5,500000,500000,544,500 kb
scaffold_4,23000001,254,Chr4,32323243,23500000,23250000.5,500000,500000,508,500 kb
scaffold_4,23500001,243,Chr4,32323243,24000000,23750000.5,500000,500000,486,500 kb
scaffold_4,24000001,337,Chr4,32323243,24500000,24250000.5,500000,500000,674,500 kb
scaffold_4,24500001,314,Chr4,32323243,25000000,24750000.5,500000,500000,628,500 kb
scaffold_4,25000001,236,Chr4,32323243,25500000,25250000.5,500000,500000,472,500 kb
scaffold_4,25500001,289,Chr4,32323243,26000000,25750000.5,500000,500000,578,500 kb
scaffold_4,26000001,281,Chr4,32323243,26500000,26250000.5,500000,500000,562,500 kb
scaffold_4,26500001,325,Chr4,32323243,27000000,26750000.5,500000,500000,650,500 kb
scaffold_4,27000001,493,Chr4,32323243,27500000,27250000.5,500000,500000,986,500 kb
scaffold_4,27500001,309,Chr4,32323243,28000000,27750000.5,500000,500000,618,500 kb
scaffold_4,28000001,404,Chr4,32323243,28500000,28250000.5,500000,500000,808,500 kb
scaffold_4,28500001,440,Chr4,32323243,29000000,28750000.5,500000,500000,880,500 kb
scaffold_4,29000001,507,Chr4,32323243,29500000,29250000.5,500000,500000,1014,500 kb
scaffold_4,29500001,399,Chr4,32323243,30000000,29750000.5,500000,500000,798,500 kb
scaffold_4,30000001,457,Chr4,32323243,30500000,30250000.5,500000,500000,914,500 kb
scaffold_4,30500001,325,Chr4,32323243,31000000,30750000.5,500000,500000,650,500 kb
scaffold_4,31000001,539,Chr4,32323243,31500000,31250000.5,500000,500000,1078,500 kb
scaffold_4,31500001,432,Chr4,32323243,32000000,31750000.5,500000,500000,864,500 kb
scaffold_4,32000001,288,Chr4,32323243,32323243,32161622,323243,500000,890.9705701283555,500 kb
scaffold_5,1,425,Chr5,30106416,500000,250000.5,500000,500000,850,500 kb
scaffold_5,500001,357,Chr5,30106416,1000000,750000.5,500000,500000,714,500 kb
scaffold_5,1000001,373,Chr5,30106416,1500000,1250000.5,500000,500000,746,500 kb
scaffold_5,1500001,532,Chr5,30106416,2000000,1750000.5,500000,500000,1064,500 kb
scaffold_5,2000001,309,Chr5,30106416,2500000,2250000.5,500000,500000,618,500 kb
scaffold_5,2500001,283,Chr5,30106416,3000000,2750000.5,500000,500000,566,500 kb
scaffold_5,3000001,352,Chr5,30106416,3500000,3250000.5,500000,500000,704,500 kb
scaffold_5,3500001,81,Chr5,30106416,4000000,3750000.5,500000,500000,162,500 kb
scaffold_5,4000001,438,Chr5,30106416,4500000,4250000.5,500000,500000,876,500 kb
scaffold_5,4500001,247,Chr5,30106416,5000000,4750000.5,500000,500000,494,500 kb
scaffold_5,5000001,456,Chr5,30106416,5500000,5250000.5,500000,500000,912,500 kb
scaffold_5,5500001,608,Chr5,30106416,6000000,5750000.5,500000,500000,1216,500 kb
scaffold_5,6000001,373,Chr5,30106416,6500000,6250000.5,500000,500000,746,500 kb
scaffold_5,6500001,326,Chr5,30106416,7000000,6750000.5,500000,500000,652,500 kb
scaffold_5,7000001,412,Chr5,30106416,7500000,7250000.5,500000,500000,824,500 kb
scaffold_5,7500001,137,Chr5,30106416,8000000,7750000.5,500000,500000,274,500 kb
scaffold_5,8000001,110,Chr5,30106416,8500000,8250000.5,500000,500000,220,500 kb
scaffold_5,8500001,158,Chr5,30106416,9000000,8750000.5,500000,500000,316,500 kb
scaffold_5,9000001,163,Chr5,30106416,9500000,9250000.5,500000,500000,326,500 kb
scaffold_5,9500001,220,Chr5,30106416,10000000,9750000.5,500000,500000,440,500 kb
scaffold_5,10000001,237,Chr5,30106416,10500000,10250000.5,500000,500000,474,500 kb
scaffold_5,10500001,414,Chr5,30106416,11000000,10750000.5,500000,500000,828,500 kb
scaffold_5,11000001,380,Chr5,30106416,11500000,11250000.5,500000,500000,760,500 kb
scaffold_5,11500001,368,Chr5,30106416,12000000,11750000.5,500000,500000,736,500 kb
scaffold_5,12000001,286,Chr5,30106416,12500000,12250000.5,500000,500000,572,500 kb
scaffold_5,12500001,336,Chr5,30106416,13000000,12750000.5,500000,500000,672,500 kb
scaffold_5,13000001,311,Chr5,30106416,13500000,13250000.5,500000,500000,622,500 kb
scaffold_5,13500001,260,Chr5,30106416,14000000,13750000.5,500000,500000,520,500 kb
scaffold_5,14000001,243,Chr5,30106416,14500000,14250000.5,500000,500000,486,500 kb
scaffold_5,14500001,278,Chr5,30106416,15000000,14750000.5,500000,500000,556,500 kb
scaffold_5,15000001,191,Chr5,30106416,15500000,15250000.5,500000,500000,382,500 kb
scaffold_5,15500001,197,Chr5,30106416,16000000,15750000.5,500000,500000,394,500 kb
scaffold_5,16000001,240,Chr5,30106416,16500000,16250000.5,500000,500000,480,500 kb
scaffold_5,16500001,155,Chr5,30106416,17000000,16750000.5,500000,500000,310,500 kb
scaffold_5,17000001,143,Chr5,30106416,17500000,17250000.5,500000,500000,286,500 kb
scaffold_5,17500001,135,Chr5,30106416,18000000,17750000.5,500000,500000,270,500 kb
scaffold_5,18000001,52,Chr5,30106416,18500000,18250000.5,500000,500000,104,500 kb
scaffold_5,18500001,127,Chr5,30106416,19000000,18750000.5,500000,500000,254,500 kb
scaffold_5,19000001,158,Chr5,30106416,19500000,19250000.5,500000,500000,316,500 kb
scaffold_5,19500001,275,Chr5,30106416,20000000,19750000.5,500000,500000,550,500 kb
scaffold_5,20000001,203,Chr5,30106416,20500000,20250000.5,500000,500000,406,500 kb
scaffold_5,20500001,262,Chr5,30106416,21000000,20750000.5,500000,500000,524,500 kb
scaffold_5,21000001,166,Chr5,30106416,21500000,21250000.5,500000,500000,332,500 kb
scaffold_5,21500001,320,Chr5,30106416,22000000,21750000.5,500000,500000,640,500 kb
scaffold_5,22000001,238,Chr5,30106416,22500000,22250000.5,500000,500000,476,500 kb
scaffold_5,22500001,319,Chr5,30106416,23000000,22750000.5,500000,500000,638,500 kb
scaffold_5,23000001,213,Chr5,30106416,23500000,23250000.5,500000,500000,426,500 kb
scaffold_5,23500001,292,Chr5,30106416,24000000,23750000.5,500000,500000,584,500 kb
scaffold_5,24000001,230,Chr5,30106416,24500000,24250000.5,500000,500000,460,500 kb
scaffold_5,24500001,269,Chr5,30106416,25000000,24750000.5,500000,500000,538,500 kb
scaffold_5,25000001,216,Chr5,30106416,25500000,25250000.5,500000,500000,432,500 kb
scaffold_5,25500001,411,Chr5,30106416,26000000,25750000.5,500000,500000,822,500 kb
scaffold_5,26000001,355,Chr5,30106416,26500000,26250000.5,500000,500000,710,500 kb
scaffold_5,26500001,458,Chr5,30106416,27000000,26750000.5,500000,500000,916,500 kb
scaffold_5,27000001,85,Chr5,30106416,27500000,27250000.5,500000,500000,170,500 kb
scaffold_5,27500001,272,Chr5,30106416,28000000,27750000.5,500000,500000,544,500 kb
scaffold_5,28000001,418,Chr5,30106416,28500000,28250000.5,500000,500000,836,500 kb
scaffold_5,28500001,278,Chr5,30106416,29000000,28750000.5,500000,500000,556,500 kb
scaffold_5,29000001,346,Chr5,30106416,29500000,29250000.5,500000,500000,692,500 kb
scaffold_5,29500001,582,Chr5,30106416,30000000,29750000.5,500000,500000,1164,500 kb
scaffold_5,30000001,45,Chr5,30106416,30106416,30053208.5,106416,500000,422.8687415426252,500 kb
scaffold_6,1,324,Chr6,23938505,500000,250000.5,500000,500000,648,500 kb
scaffold_6,500001,427,Chr6,23938505,1000000,750000.5,500000,500000,854,500 kb
scaffold_6,1000001,467,Chr6,23938505,1500000,1250000.5,500000,500000,934,500 kb
scaffold_6,1500001,440,Chr6,23938505,2000000,1750000.5,500000,500000,880,500 kb
scaffold_6,2000001,543,Chr6,23938505,2500000,2250000.5,500000,500000,1086,500 kb
scaffold_6,2500001,578,Chr6,23938505,3000000,2750000.5,500000,500000,1156,500 kb
scaffold_6,3000001,587,Chr6,23938505,3500000,3250000.5,500000,500000,1174,500 kb
scaffold_6,3500001,501,Chr6,23938505,4000000,3750000.5,500000,500000,1002,500 kb
scaffold_6,4000001,486,Chr6,23938505,4500000,4250000.5,500000,500000,972,500 kb
scaffold_6,4500001,600,Chr6,23938505,5000000,4750000.5,500000,500000,1200,500 kb
scaffold_6,5000001,423,Chr6,23938505,5500000,5250000.5,500000,500000,846,500 kb
scaffold_6,5500001,606,Chr6,23938505,6000000,5750000.5,500000,500000,1212,500 kb
scaffold_6,6000001,542,Chr6,23938505,6500000,6250000.5,500000,500000,1084,500 kb
scaffold_6,6500001,451,Chr6,23938505,7000000,6750000.5,500000,500000,902,500 kb
scaffold_6,7000001,557,Chr6,23938505,7500000,7250000.5,500000,500000,1114,500 kb
scaffold_6,7500001,470,Chr6,23938505,8000000,7750000.5,500000,500000,940,500 kb
scaffold_6,8000001,451,Chr6,23938505,8500000,8250000.5,500000,500000,902,500 kb
scaffold_6,8500001,245,Chr6,23938505,9000000,8750000.5,500000,500000,490,500 kb
scaffold_6,9000001,274,Chr6,23938505,9500000,9250000.5,500000,500000,548,500 kb
scaffold_6,9500001,317,Chr6,23938505,10000000,9750000.5,500000,500000,634,500 kb
scaffold_6,10000001,402,Chr6,23938505,10500000,10250000.5,500000,500000,804,500 kb
scaffold_6,10500001,269,Chr6,23938505,11000000,10750000.5,500000,500000,538,500 kb
scaffold_6,11000001,421,Chr6,23938505,11500000,11250000.5,500000,500000,842,500 kb
scaffold_6,11500001,346,Chr6,23938505,12000000,11750000.5,500000,500000,692,500 kb
scaffold_6,12000001,218,Chr6,23938505,12500000,12250000.5,500000,500000,436,500 kb
scaffold_6,12500001,234,Chr6,23938505,13000000,12750000.5,500000,500000,468,500 kb
scaffold_6,13000001,267,Chr6,23938505,13500000,13250000.5,500000,500000,534,500 kb
scaffold_6,13500001,371,Chr6,23938505,14000000,13750000.5,500000,500000,742,500 kb
scaffold_6,14000001,257,Chr6,23938505,14500000,14250000.5,500000,500000,514,500 kb
scaffold_6,14500001,336,Chr6,23938505,15000000,14750000.5,500000,500000,672,500 kb
scaffold_6,15000001,384,Chr6,23938505,15500000,15250000.5,500000,500000,768,500 kb
scaffold_6,15500001,267,Chr6,23938505,16000000,15750000.5,500000,500000,534,500 kb
scaffold_6,16000001,484,Chr6,23938505,16500000,16250000.5,500000,500000,968,500 kb
scaffold_6,16500001,283,Chr6,23938505,17000000,16750000.5,500000,500000,566,500 kb
scaffold_6,17000001,384,Chr6,23938505,17500000,17250000.5,500000,500000,768,500 kb
scaffold_6,17500001,347,Chr6,23938505,18000000,17750000.5,500000,500000,694,500 kb
scaffold_6,18000001,439,Chr6,23938505,18500000,18250000.5,500000,500000,878,500 kb
scaffold_6,18500001,269,Chr6,23938505,19000000,18750000.5,500000,500000,538,500 kb
scaffold_6,19000001,128,Chr6,23938505,19500000,19250000.5,500000,500000,256,500 kb
scaffold_6,19500001,212,Chr6,23938505,20000000,19750000.5,500000,500000,424,500 kb
scaffold_6,20000001,375,Chr6,23938505,20500000,20250000.5,500000,500000,750,500 kb
scaffold_6,20500001,195,Chr6,23938505,21000000,20750000.5,500000,500000,390,500 kb
scaffold_6,21000001,261,Chr6,23938505,21500000,21250000.5,500000,500000,522,500 kb
scaffold_6,21500001,253,Chr6,23938505,22000000,21750000.5,500000,500000,506,500 kb
scaffold_6,22000001,197,Chr6,23938505,22500000,22250000.5,500000,500000,394,500 kb
scaffold_6,22500001,144,Chr6,23938505,23000000,22750000.5,500000,500000,288,500 kb
scaffold_6,23000001,146,Chr6,23938505,23500000,23250000.5,500000,500000,292,500 kb
scaffold_6,23500001,70,Chr6,23938505,23938505,23719253,438505,500000,159.633299506277,500 kb
scaffold_7,1,338,Chr7,22643560,500000,250000.5,500000,500000,676,500 kb
scaffold_7,500001,460,Chr7,22643560,1000000,750000.5,500000,500000,920,500 kb
scaffold_7,1000001,485,Chr7,22643560,1500000,1250000.5,500000,500000,970,500 kb
scaffold_7,1500001,419,Chr7,22643560,2000000,1750000.5,500000,500000,838,500 kb
scaffold_7,2000001,585,Chr7,22643560,2500000,2250000.5,500000,500000,1170,500 kb
scaffold_7,2500001,460,Chr7,22643560,3000000,2750000.5,500000,500000,920,500 kb
scaffold_7,3000001,474,Chr7,22643560,3500000,3250000.5,500000,500000,948,500 kb
scaffold_7,3500001,412,Chr7,22643560,4000000,3750000.5,500000,500000,824,500 kb
scaffold_7,4000001,487,Chr7,22643560,4500000,4250000.5,500000,500000,974,500 kb
scaffold_7,4500001,462,Chr7,22643560,5000000,4750000.5,500000,500000,924,500 kb
scaffold_7,5000001,313,Chr7,22643560,5500000,5250000.5,500000,500000,626,500 kb
scaffold_7,5500001,454,Chr7,22643560,6000000,5750000.5,500000,500000,908,500 kb
scaffold_7,6000001,441,Chr7,22643560,6500000,6250000.5,500000,500000,882,500 kb
scaffold_7,6500001,210,Chr7,22643560,7000000,6750000.5,500000,500000,420,500 kb
scaffold_7,7000001,293,Chr7,22643560,7500000,7250000.5,500000,500000,586,500 kb
scaffold_7,7500001,261,Chr7,22643560,8000000,7750000.5,500000,500000,522,500 kb
scaffold_7,8000001,229,Chr7,22643560,8500000,8250000.5,500000,500000,458,500 kb
scaffold_7,8500001,288,Chr7,22643560,9000000,8750000.5,500000,500000,576,500 kb
scaffold_7,9000001,263,Chr7,22643560,9500000,9250000.5,500000,500000,526,500 kb
scaffold_7,9500001,347,Chr7,22643560,10000000,9750000.5,500000,500000,694,500 kb
scaffold_7,10000001,315,Chr7,22643560,10500000,10250000.5,500000,500000,630,500 kb
scaffold_7,10500001,250,Chr7,22643560,11000000,10750000.5,500000,500000,500,500 kb
scaffold_7,11000001,341,Chr7,22643560,11500000,11250000.5,500000,500000,682,500 kb
scaffold_7,11500001,110,Chr7,22643560,12000000,11750000.5,500000,500000,220,500 kb
scaffold_7,12000001,199,Chr7,22643560,12500000,12250000.5,500000,500000,398,500 kb
scaffold_7,12500001,306,Chr7,22643560,13000000,12750000.5,500000,500000,612,500 kb
scaffold_7,13000001,231,Chr7,22643560,13500000,13250000.5,500000,500000,462,500 kb
scaffold_7,13500001,302,Chr7,22643560,14000000,13750000.5,500000,500000,604,500 kb
scaffold_7,14000001,178,Chr7,22643560,14500000,14250000.5,500000,500000,356,500 kb
scaffold_7,14500001,184,Chr7,22643560,15000000,14750000.5,500000,500000,368,500 kb
scaffold_7,15000001,127,Chr7,22643560,15500000,15250000.5,500000,500000,254,500 kb
scaffold_7,15500001,157,Chr7,22643560,16000000,15750000.5,500000,500000,314,500 kb
scaffold_7,16000001,121,Chr7,22643560,16500000,16250000.5,500000,500000,242,500 kb
scaffold_7,16500001,134,Chr7,22643560,17000000,16750000.5,500000,500000,268,500 kb
scaffold_7,17000001,191,Chr7,22643560,17500000,17250000.5,500000,500000,382,500 kb
scaffold_7,17500001,156,Chr7,22643560,18000000,17750000.5,500000,500000,312,500 kb
scaffold_7,18000001,112,Chr7,22643560,18500000,18250000.5,500000,500000,224,500 kb
scaffold_7,18500001,112,Chr7,22643560,19000000,18750000.5,500000,500000,224,500 kb
scaffold_7,19000001,168,Chr7,22643560,19500000,19250000.5,500000,500000,336,500 kb
scaffold_7,19500001,62,Chr7,22643560,20000000,19750000.5,500000,500000,124,500 kb
scaffold_7,20000001,113,Chr7,22643560,20500000,20250000.5,500000,500000,226,500 kb
scaffold_7,20500001,157,Chr7,22643560,21000000,20750000.5,500000,500000,314,500 kb
scaffold_7,21000001,140,Chr7,22643560,21500000,21250000.5,500000,500000,280,500 kb
scaffold_7,21500001,89,Chr7,22643560,22000000,21750000.5,500000,500000,178,500 kb
scaffold_7,22000001,53,Chr7,22643560,22500000,22250000.5,500000,500000,106,500 kb
scaffold_7,22500001,27,Chr7,22643560,22643560,22571780.5,143560,500000,188.0746726107551,500 kb
scaffold_8,1,186,Chr8,22139275,500000,250000.5,500000,500000,372,500 kb
scaffold_8,500001,309,Chr8,22139275,1000000,750000.5,500000,500000,618,500 kb
scaffold_8,1000001,382,Chr8,22139275,1500000,1250000.5,500000,500000,764,500 kb
scaffold_8,1500001,345,Chr8,22139275,2000000,1750000.5,500000,500000,690,500 kb
scaffold_8,2000001,252,Chr8,22139275,2500000,2250000.5,500000,500000,504,500 kb
scaffold_8,2500001,275,Chr8,22139275,3000000,2750000.5,500000,500000,550,500 kb
scaffold_8,3000001,190,Chr8,22139275,3500000,3250000.5,500000,500000,380,500 kb
scaffold_8,3500001,144,Chr8,22139275,4000000,3750000.5,500000,500000,288,500 kb
scaffold_8,4000001,232,Chr8,22139275,4500000,4250000.5,500000,500000,464,500 kb
scaffold_8,4500001,318,Chr8,22139275,5000000,4750000.5,500000,500000,636,500 kb
scaffold_8,5000001,395,Chr8,22139275,5500000,5250000.5,500000,500000,790,500 kb
scaffold_8,5500001,255,Chr8,22139275,6000000,5750000.5,500000,500000,510,500 kb
scaffold_8,6000001,404,Chr8,22139275,6500000,6250000.5,500000,500000,808,500 kb
scaffold_8,6500001,320,Chr8,22139275,7000000,6750000.5,500000,500000,640,500 kb
scaffold_8,7000001,397,Chr8,22139275,7500000,7250000.5,500000,500000,794,500 kb
scaffold_8,7500001,364,Chr8,22139275,8000000,7750000.5,500000,500000,728,500 kb
scaffold_8,8000001,505,Chr8,22139275,8500000,8250000.5,500000,500000,1010,500 kb
scaffold_8,8500001,330,Chr8,22139275,9000000,8750000.5,500000,500000,660,500 kb
scaffold_8,9000001,298,Chr8,22139275,9500000,9250000.5,500000,500000,596,500 kb
scaffold_8,9500001,295,Chr8,22139275,10000000,9750000.5,500000,500000,590,500 kb
scaffold_8,10000001,322,Chr8,22139275,10500000,10250000.5,500000,500000,644,500 kb
scaffold_8,10500001,278,Chr8,22139275,11000000,10750000.5,500000,500000,556,500 kb
scaffold_8,11000001,317,Chr8,22139275,11500000,11250000.5,500000,500000,634,500 kb
scaffold_8,11500001,437,Chr8,22139275,12000000,11750000.5,500000,500000,874,500 kb
scaffold_8,12000001,340,Chr8,22139275,12500000,12250000.5,500000,500000,680,500 kb
scaffold_8,12500001,350,Chr8,22139275,13000000,12750000.5,500000,500000,700,500 kb
scaffold_8,13000001,424,Chr8,22139275,13500000,13250000.5,500000,500000,848,500 kb
scaffold_8,13500001,456,Chr8,22139275,14000000,13750000.5,500000,500000,912,500 kb
scaffold_8,14000001,419,Chr8,22139275,14500000,14250000.5,500000,500000,838,500 kb
scaffold_8,14500001,407,Chr8,22139275,15000000,14750000.5,500000,500000,814,500 kb
scaffold_8,15000001,380,Chr8,22139275,15500000,15250000.5,500000,500000,760,500 kb
scaffold_8,15500001,486,Chr8,22139275,16000000,15750000.5,500000,500000,972,500 kb
scaffold_8,16000001,415,Chr8,22139275,16500000,16250000.5,500000,500000,830,500 kb
scaffold_8,16500001,501,Chr8,22139275,17000000,16750000.5,500000,500000,1002,500 kb
scaffold_8,17000001,602,Chr8,22139275,17500000,17250000.5,500000,500000,1204,500 kb
scaffold_8,17500001,725,Chr8,22139275,18000000,17750000.5,500000,500000,1450,500 kb
scaffold_8,18000001,387,Chr8,22139275,18500000,18250000.5,500000,500000,774,500 kb
scaffold_8,18500001,585,Chr8,22139275,19000000,18750000.5,500000,500000,1170,500 kb
scaffold_8,19000001,550,Chr8,22139275,19500000,19250000.5,500000,500000,1100,500 kb
scaffold_8,19500001,591,Chr8,22139275,20000000,19750000.5,500000,500000,1182,500 kb
scaffold_8,20000001,444,Chr8,22139275,20500000,20250000.5,500000,500000,888,500 kb
scaffold_8,20500001,440,Chr8,22139275,21000000,20750000.5,500000,500000,880,500 kb
scaffold_8,21000001,490,Chr8,22139275,21500000,21250000.5,500000,500000,980,500 kb
scaffold_8,21500001,472,Chr8,22139275,22000000,21750000.5,500000,500000,944,500 kb
scaffold_8,22000001,88,Chr8,22139275,22139275,22069638,139275,500000,631.8434751391133,500 kb
scaffold_9,1,401,Chr9,21681353,500000,250000.5,500000,500000,802,500 kb
scaffold_9,500001,481,Chr9,21681353,1000000,750000.5,500000,500000,962,500 kb
scaffold_9,1000001,392,Chr9,21681353,1500000,1250000.5,500000,500000,784,500 kb
scaffold_9,1500001,371,Chr9,21681353,2000000,1750000.5,500000,500000,742,500 kb
scaffold_9,2000001,639,Chr9,21681353,2500000,2250000.5,500000,500000,1278,500 kb
scaffold_9,2500001,478,Chr9,21681353,3000000,2750000.5,500000,500000,956,500 kb
scaffold_9,3000001,542,Chr9,21681353,3500000,3250000.5,500000,500000,1084,500 kb
scaffold_9,3500001,463,Chr9,21681353,4000000,3750000.5,500000,500000,926,500 kb
scaffold_9,4000001,447,Chr9,21681353,4500000,4250000.5,500000,500000,894,500 kb
scaffold_9,4500001,219,Chr9,21681353,5000000,4750000.5,500000,500000,438,500 kb
scaffold_9,5000001,77,Chr9,21681353,5500000,5250000.5,500000,500000,154,500 kb
scaffold_9,5500001,168,Chr9,21681353,6000000,5750000.5,500000,500000,336,500 kb
scaffold_9,6000001,273,Chr9,21681353,6500000,6250000.5,500000,500000,546,500 kb
scaffold_9,6500001,396,Chr9,21681353,7000000,6750000.5,500000,500000,792,500 kb
scaffold_9,7000001,332,Chr9,21681353,7500000,7250000.5,500000,500000,664,500 kb
scaffold_9,7500001,290,Chr9,21681353,8000000,7750000.5,500000,500000,580,500 kb
scaffold_9,8000001,290,Chr9,21681353,8500000,8250000.5,500000,500000,580,500 kb
scaffold_9,8500001,401,Chr9,21681353,9000000,8750000.5,500000,500000,802,500 kb
scaffold_9,9000001,189,Chr9,21681353,9500000,9250000.5,500000,500000,378,500 kb
scaffold_9,9500001,243,Chr9,21681353,10000000,9750000.5,500000,500000,486,500 kb
scaffold_9,10000001,390,Chr9,21681353,10500000,10250000.5,500000,500000,780,500 kb
scaffold_9,10500001,253,Chr9,21681353,11000000,10750000.5,500000,500000,506,500 kb
scaffold_9,11000001,282,Chr9,21681353,11500000,11250000.5,500000,500000,564,500 kb
scaffold_9,11500001,213,Chr9,21681353,12000000,11750000.5,500000,500000,426,500 kb
scaffold_9,12000001,351,Chr9,21681353,12500000,12250000.5,500000,500000,702,500 kb
scaffold_9,12500001,235,Chr9,21681353,13000000,12750000.5,500000,500000,470,500 kb
scaffold_9,13000001,458,Chr9,21681353,13500000,13250000.5,500000,500000,916,500 kb
scaffold_9,13500001,342,Chr9,21681353,14000000,13750000.5,500000,500000,684,500 kb
scaffold_9,14000001,321,Chr9,21681353,14500000,14250000.5,500000,500000,642,500 kb
scaffold_9,14500001,180,Chr9,21681353,15000000,14750000.5,500000,500000,360,500 kb
scaffold_9,15000001,221,Chr9,21681353,15500000,15250000.5,500000,500000,442,500 kb
scaffold_9,15500001,381,Chr9,21681353,16000000,15750000.5,500000,500000,762,500 kb
scaffold_9,16000001,271,Chr9,21681353,16500000,16250000.5,500000,500000,542,500 kb
scaffold_9,16500001,611,Chr9,21681353,17000000,16750000.5,500000,500000,1222,500 kb
scaffold_9,17000001,416,Chr9,21681353,17500000,17250000.5,500000,500000,832,500 kb
scaffold_9,17500001,470,Chr9,21681353,18000000,17750000.5,500000,500000,940,500 kb
scaffold_9,18000001,454,Chr9,21681353,18500000,18250000.5,500000,500000,908,500 kb
scaffold_9,18500001,334,Chr9,21681353,19000000,18750000.5,500000,500000,668,500 kb
scaffold_9,19000001,291,Chr9,21681353,19500000,19250000.5,500000,500000,582,500 kb
scaffold_9,19500001,306,Chr9,21681353,20000000,19750000.5,500000,500000,612,500 kb
scaffold_9,20000001,353,Chr9,21681353,20500000,20250000.5,500000,500000,706,500 kb
scaffold_9,20500001,310,Chr9,21681353,21000000,20750000.5,500000,500000,620,500 kb
scaffold_9,21000001,367,Chr9,21681353,21500000,21250000.5,500000,500000,734,500 kb
scaffold_9,21500001,41,Chr9,21681353,21681353,21590677,181353,500000,226.0784216417705,500 kb
scaffold_10,1,213,Chr10,21286786,500000,250000.5,500000,500000,426,500 kb
scaffold_10,500001,323,Chr10,21286786,1000000,750000.5,500000,500000,646,500 kb
scaffold_10,1000001,269,Chr10,21286786,1500000,1250000.5,500000,500000,538,500 kb
scaffold_10,1500001,309,Chr10,21286786,2000000,1750000.5,500000,500000,618,500 kb
scaffold_10,2000001,331,Chr10,21286786,2500000,2250000.5,500000,500000,662,500 kb
scaffold_10,2500001,111,Chr10,21286786,3000000,2750000.5,500000,500000,222,500 kb
scaffold_10,3000001,221,Chr10,21286786,3500000,3250000.5,500000,500000,442,500 kb
scaffold_10,3500001,274,Chr10,21286786,4000000,3750000.5,500000,500000,548,500 kb
scaffold_10,4000001,269,Chr10,21286786,4500000,4250000.5,500000,500000,538,500 kb
scaffold_10,4500001,352,Chr10,21286786,5000000,4750000.5,500000,500000,704,500 kb
scaffold_10,5000001,439,Chr10,21286786,5500000,5250000.5,500000,500000,878,500 kb
scaffold_10,5500001,641,Chr10,21286786,6000000,5750000.5,500000,500000,1282,500 kb
scaffold_10,6000001,284,Chr10,21286786,6500000,6250000.5,500000,500000,568,500 kb
scaffold_10,6500001,391,Chr10,21286786,7000000,6750000.5,500000,500000,782,500 kb
scaffold_10,7000001,309,Chr10,21286786,7500000,7250000.5,500000,500000,618,500 kb
scaffold_10,7500001,325,Chr10,21286786,8000000,7750000.5,500000,500000,650,500 kb
scaffold_10,8000001,292,Chr10,21286786,8500000,8250000.5,500000,500000,584,500 kb
scaffold_10,8500001,388,Chr10,21286786,9000000,8750000.5,500000,500000,776,500 kb
scaffold_10,9000001,341,Chr10,21286786,9500000,9250000.5,500000,500000,682,500 kb
scaffold_10,9500001,312,Chr10,21286786,10000000,9750000.5,500000,500000,624,500 kb
scaffold_10,10000001,300,Chr10,21286786,10500000,10250000.5,500000,500000,600,500 kb
scaffold_10,10500001,221,Chr10,21286786,11000000,10750000.5,500000,500000,442,500 kb
scaffold_10,11000001,283,Chr10,21286786,11500000,11250000.5,500000,500000,566,500 kb
scaffold_10,11500001,349,Chr10,21286786,12000000,11750000.5,500000,500000,698,500 kb
scaffold_10,12000001,414,Chr10,21286786,12500000,12250000.5,500000,500000,828,500 kb
scaffold_10,12500001,476,Chr10,21286786,13000000,12750000.5,500000,500000,952,500 kb
scaffold_10,13000001,417,Chr10,21286786,13500000,13250000.5,500000,500000,834,500 kb
scaffold_10,13500001,447,Chr10,21286786,14000000,13750000.5,500000,500000,894,500 kb
scaffold_10,14000001,419,Chr10,21286786,14500000,14250000.5,500000,500000,838,500 kb
scaffold_10,14500001,589,Chr10,21286786,15000000,14750000.5,500000,500000,1178,500 kb
scaffold_10,15000001,494,Chr10,21286786,15500000,15250000.5,500000,500000,988,500 kb
scaffold_10,15500001,482,Chr10,21286786,16000000,15750000.5,500000,500000,964,500 kb
scaffold_10,16000001,406,Chr10,21286786,16500000,16250000.5,500000,500000,812,500 kb
scaffold_10,16500001,474,Chr10,21286786,17000000,16750000.5,500000,500000,948,500 kb
scaffold_10,17000001,590,Chr10,21286786,17500000,17250000.5,500000,500000,1180,500 kb
scaffold_10,17500001,484,Chr10,21286786,18000000,17750000.5,500000,500000,968,500 kb
scaffold_10,18000001,492,Chr10,21286786,18500000,18250000.5,500000,500000,984,500 kb
scaffold_10,18500001,501,Chr10,21286786,19000000,18750000.5,500000,500000,1002,500 kb
scaffold_10,19000001,437,Chr10,21286786,19500000,19250000.5,500000,500000,874,500 kb
scaffold_10,19500001,606,Chr10,21286786,20000000,19750000.5,500000,500000,1212,500 kb
scaffold_10,20000001,439,Chr10,21286786,20500000,20250000.5,500000,500000,878,500 kb
scaffold_10,20500001,424,Chr10,21286786,21000000,20750000.5,500000,500000,848,500 kb
scaffold_10,21000001,284,Chr10,21286786,21286786,21143393.5,286786,500000,990.2854393171215,500 kb
scaffold_11,1,63,Chr11,19266831,500000,250000.5,500000,500000,126,500 kb
scaffold_11,500001,103,Chr11,19266831,1000000,750000.5,500000,500000,206,500 kb
scaffold_11,1000001,180,Chr11,19266831,1500000,1250000.5,500000,500000,360,500 kb
scaffold_11,1500001,276,Chr11,19266831,2000000,1750000.5,500000,500000,552,500 kb
scaffold_11,2000001,376,Chr11,19266831,2500000,2250000.5,500000,500000,752,500 kb
scaffold_11,2500001,286,Chr11,19266831,3000000,2750000.5,500000,500000,572,500 kb
scaffold_11,3000001,294,Chr11,19266831,3500000,3250000.5,500000,500000,588,500 kb
scaffold_11,3500001,261,Chr11,19266831,4000000,3750000.5,500000,500000,522,500 kb
scaffold_11,4000001,246,Chr11,19266831,4500000,4250000.5,500000,500000,492,500 kb
scaffold_11,4500001,362,Chr11,19266831,5000000,4750000.5,500000,500000,724,500 kb
scaffold_11,5000001,351,Chr11,19266831,5500000,5250000.5,500000,500000,702,500 kb
scaffold_11,5500001,236,Chr11,19266831,6000000,5750000.5,500000,500000,472,500 kb
scaffold_11,6000001,355,Chr11,19266831,6500000,6250000.5,500000,500000,710,500 kb
scaffold_11,6500001,388,Chr11,19266831,7000000,6750000.5,500000,500000,776,500 kb
scaffold_11,7000001,326,Chr11,19266831,7500000,7250000.5,500000,500000,652,500 kb
scaffold_11,7500001,338,Chr11,19266831,8000000,7750000.5,500000,500000,676,500 kb
scaffold_11,8000001,243,Chr11,19266831,8500000,8250000.5,500000,500000,486,500 kb
scaffold_11,8500001,299,Chr11,19266831,9000000,8750000.5,500000,500000,598,500 kb
scaffold_11,9000001,218,Chr11,19266831,9500000,9250000.5,500000,500000,436,500 kb
scaffold_11,9500001,346,Chr11,19266831,10000000,9750000.5,500000,500000,692,500 kb
scaffold_11,10000001,261,Chr11,19266831,10500000,10250000.5,500000,500000,522,500 kb
scaffold_11,10500001,260,Chr11,19266831,11000000,10750000.5,500000,500000,520,500 kb
scaffold_11,11000001,219,Chr11,19266831,11500000,11250000.5,500000,500000,438,500 kb
scaffold_11,11500001,470,Chr11,19266831,12000000,11750000.5,500000,500000,940,500 kb
scaffold_11,12000001,413,Chr11,19266831,12500000,12250000.5,500000,500000,826,500 kb
scaffold_11,12500001,378,Chr11,19266831,13000000,12750000.5,500000,500000,756,500 kb
scaffold_11,13000001,351,Chr11,19266831,13500000,13250000.5,500000,500000,702,500 kb
scaffold_11,13500001,483,Chr11,19266831,14000000,13750000.5,500000,500000,966,500 kb
scaffold_11,14000001,378,Chr11,19266831,14500000,14250000.5,500000,500000,756,500 kb
scaffold_11,14500001,376,Chr11,19266831,15000000,14750000.5,500000,500000,752,500 kb
scaffold_11,15000001,319,Chr11,19266831,15500000,15250000.5,500000,500000,638,500 kb
scaffold_11,15500001,457,Chr11,19266831,16000000,15750000.5,500000,500000,914,500 kb
scaffold_11,16000001,436,Chr11,19266831,16500000,16250000.5,500000,500000,872,500 kb
scaffold_11,16500001,453,Chr11,19266831,17000000,16750000.5,500000,500000,906,500 kb
scaffold_11,17000001,468,Chr11,19266831,17500000,17250000.5,500000,500000,936,500 kb
scaffold_11,17500001,599,Chr11,19266831,18000000,17750000.5,500000,500000,1198,500 kb
scaffold_11,18000001,552,Chr11,19266831,18500000,18250000.5,500000,500000,1104,500 kb
scaffold_11,18500001,471,Chr11,19266831,19000000,18750000.5,500000,500000,942,500 kb
scaffold_11,19000001,108,Chr11,19266831,19266831,19133416,266831,500000,404.7505724597217,500 kb
scaffold_12,1,402,Chr12,17831046,500000,250000.5,500000,500000,804,500 kb
scaffold_12,500001,392,Chr12,17831046,1000000,750000.5,500000,500000,784,500 kb
scaffold_12,1000001,417,Chr12,17831046,1500000,1250000.5,500000,500000,834,500 kb
scaffold_12,1500001,544,Chr12,17831046,2000000,1750000.5,500000,500000,1088,500 kb
scaffold_12,2000001,184,Chr12,17831046,2500000,2250000.5,500000,500000,368,500 kb
scaffold_12,2500001,297,Chr12,17831046,3000000,2750000.5,500000,500000,594,500 kb
scaffold_12,3000001,422,Chr12,17831046,3500000,3250000.5,500000,500000,844,500 kb
scaffold_12,3500001,421,Chr12,17831046,4000000,3750000.5,500000,500000,842,500 kb
scaffold_12,4000001,405,Chr12,17831046,4500000,4250000.5,500000,500000,810,500 kb
scaffold_12,4500001,565,Chr12,17831046,5000000,4750000.5,500000,500000,1130,500 kb
scaffold_12,5000001,352,Chr12,17831046,5500000,5250000.5,500000,500000,704,500 kb
scaffold_12,5500001,289,Chr12,17831046,6000000,5750000.5,500000,500000,578,500 kb
scaffold_12,6000001,388,Chr12,17831046,6500000,6250000.5,500000,500000,776,500 kb
scaffold_12,6500001,399,Chr12,17831046,7000000,6750000.5,500000,500000,798,500 kb
scaffold_12,7000001,374,Chr12,17831046,7500000,7250000.5,500000,500000,748,500 kb
scaffold_12,7500001,438,Chr12,17831046,8000000,7750000.5,500000,500000,876,500 kb
scaffold_12,8000001,340,Chr12,17831046,8500000,8250000.5,500000,500000,680,500 kb
scaffold_12,8500001,345,Chr12,17831046,9000000,8750000.5,500000,500000,690,500 kb
scaffold_12,9000001,333,Chr12,17831046,9500000,9250000.5,500000,500000,666,500 kb
scaffold_12,9500001,286,Chr12,17831046,10000000,9750000.5,500000,500000,572,500 kb
scaffold_12,10000001,249,Chr12,17831046,10500000,10250000.5,500000,500000,498,500 kb
scaffold_12,10500001,364,Chr12,17831046,11000000,10750000.5,500000,500000,728,500 kb
scaffold_12,11000001,247,Chr12,17831046,11500000,11250000.5,500000,500000,494,500 kb
scaffold_12,11500001,265,Chr12,17831046,12000000,11750000.5,500000,500000,530,500 kb
scaffold_12,12000001,252,Chr12,17831046,12500000,12250000.5,500000,500000,504,500 kb
scaffold_12,12500001,128,Chr12,17831046,13000000,12750000.5,500000,500000,256,500 kb
scaffold_12,13000001,168,Chr12,17831046,13500000,13250000.5,500000,500000,336,500 kb
scaffold_12,13500001,160,Chr12,17831046,14000000,13750000.5,500000,500000,320,500 kb
scaffold_12,14000001,149,Chr12,17831046,14500000,14250000.5,500000,500000,298,500 kb
scaffold_12,14500001,185,Chr12,17831046,15000000,14750000.5,500000,500000,370,500 kb
scaffold_12,15000001,179,Chr12,17831046,15500000,15250000.5,500000,500000,358,500 kb
scaffold_12,15500001,171,Chr12,17831046,16000000,15750000.5,500000,500000,342,500 kb
scaffold_12,16000001,121,Chr12,17831046,16500000,16250000.5,500000,500000,242,500 kb
scaffold_12,16500001,190,Chr12,17831046,17000000,16750000.5,500000,500000,380,500 kb
scaffold_12,17000001,155,Chr12,17831046,17500000,17250000.5,500000,500000,310,500 kb
scaffold_12,17500001,57,Chr12,17831046,17831046,17665523.5,331046,500000,172.18150951831467,500 kb
scaffold_13,1,100,Chr13,15012242,500000,250000.5,500000,500000,200,500 kb
scaffold_13,500001,432,Chr13,15012242,1000000,750000.5,500000,500000,864,500 kb
scaffold_13,1000001,282,Chr13,15012242,1500000,1250000.5,500000,500000,564,500 kb
scaffold_13,1500001,271,Chr13,15012242,2000000,1750000.5,500000,500000,542,500 kb
scaffold_13,2000001,351,Chr13,15012242,2500000,2250000.5,500000,500000,702,500 kb
scaffold_13,2500001,359,Chr13,15012242,3000000,2750000.5,500000,500000,718,500 kb
scaffold_13,3000001,335,Chr13,15012242,3500000,3250000.5,500000,500000,670,500 kb
scaffold_13,3500001,468,Chr13,15012242,4000000,3750000.5,500000,500000,936,500 kb
scaffold_13,4000001,257,Chr13,15012242,4500000,4250000.5,500000,500000,514,500 kb
scaffold_13,4500001,213,Chr13,15012242,5000000,4750000.5,500000,500000,426,500 kb
scaffold_13,5000001,379,Chr13,15012242,5500000,5250000.5,500000,500000,758,500 kb
scaffold_13,5500001,323,Chr13,15012242,6000000,5750000.5,500000,500000,646,500 kb
scaffold_13,6000001,364,Chr13,15012242,6500000,6250000.5,500000,500000,728,500 kb
scaffold_13,6500001,343,Chr13,15012242,7000000,6750000.5,500000,500000,686,500 kb
scaffold_13,7000001,316,Chr13,15012242,7500000,7250000.5,500000,500000,632,500 kb
scaffold_13,7500001,487,Chr13,15012242,8000000,7750000.5,500000,500000,974,500 kb
scaffold_13,8000001,347,Chr13,15012242,8500000,8250000.5,500000,500000,694,500 kb
scaffold_13,8500001,171,Chr13,15012242,9000000,8750000.5,500000,500000,342,500 kb
scaffold_13,9000001,289,Chr13,15012242,9500000,9250000.5,500000,500000,578,500 kb
scaffold_13,9500001,440,Chr13,15012242,10000000,9750000.5,500000,500000,880,500 kb
scaffold_13,10000001,408,Chr13,15012242,10500000,10250000.5,500000,500000,816,500 kb
scaffold_13,10500001,426,Chr13,15012242,11000000,10750000.5,500000,500000,852,500 kb
scaffold_13,11000001,523,Chr13,15012242,11500000,11250000.5,500000,500000,1046,500 kb
scaffold_13,11500001,488,Chr13,15012242,12000000,11750000.5,500000,500000,976,500 kb
scaffold_13,12000001,480,Chr13,15012242,12500000,12250000.5,500000,500000,960,500 kb
scaffold_13,12500001,562,Chr13,15012242,13000000,12750000.5,500000,500000,1124,500 kb
scaffold_13,13000001,493,Chr13,15012242,13500000,13250000.5,500000,500000,986,500 kb
scaffold_13,13500001,554,Chr13,15012242,14000000,13750000.5,500000,500000,1108,500 kb
scaffold_13,14000001,365,Chr13,15012242,14500000,14250000.5,500000,500000,730,500 kb
scaffold_13,14500001,248,Chr13,15012242,15000000,14750000.5,500000,500000,496,500 kb
scaffold_14,1,129,Chr14,9100013,500000,250000.5,500000,500000,258,500 kb
scaffold_14,500001,89,Chr14,9100013,1000000,750000.5,500000,500000,178,500 kb
scaffold_14,1000001,90,Chr14,9100013,1500000,1250000.5,500000,500000,180,500 kb
scaffold_14,1500001,87,Chr14,9100013,2000000,1750000.5,500000,500000,174,500 kb
scaffold_14,2000001,97,Chr14,9100013,2500000,2250000.5,500000,500000,194,500 kb
scaffold_14,2500001,109,Chr14,9100013,3000000,2750000.5,500000,500000,218,500 kb
scaffold_14,3000001,97,Chr14,9100013,3500000,3250000.5,500000,500000,194,500 kb
scaffold_14,3500001,130,Chr14,9100013,4000000,3750000.5,500000,500000,260,500 kb
scaffold_14,4000001,119,Chr14,9100013,4500000,4250000.5,500000,500000,238,500 kb
scaffold_14,4500001,150,Chr14,9100013,5000000,4750000.5,500000,500000,300,500 kb
scaffold_14,5000001,106,Chr14,9100013,5500000,5250000.5,500000,500000,212,500 kb
scaffold_14,5500001,83,Chr14,9100013,6000000,5750000.5,500000,500000,166,500 kb
scaffold_14,6000001,110,Chr14,9100013,6500000,6250000.5,500000,500000,220,500 kb
scaffold_14,6500001,47,Chr14,9100013,7000000,6750000.5,500000,500000,94,500 kb
scaffold_14,7000001,111,Chr14,9100013,7500000,7250000.5,500000,500000,222,500 kb
scaffold_14,7500001,93,Chr14,9100013,8000000,7750000.5,500000,500000,186,500 kb
scaffold_14,8000001,118,Chr14,9100013,8500000,8250000.5,500000,500000,236,500 kb
scaffold_14,8500001,97,Chr14,9100013,9000000,8750000.5,500000,500000,194,500 kb
scaffold_14,9000001,7,Chr14,9100013,9100013,9050007,100013,500000,69.99090118284623,500 kb
scaffold_15,1,5,Chr15,6213574,500000,250000.5,500000,500000,10,500 kb
scaffold_15,500001,82,Chr15,6213574,1000000,750000.5,500000,500000,164,500 kb
scaffold_15,1000001,76,Chr15,6213574,1500000,1250000.5,500000,500000,152,500 kb
scaffold_15,1500001,87,Chr15,6213574,2000000,1750000.5,500000,500000,174,500 kb
scaffold_15,2000001,71,Chr15,6213574,2500000,2250000.5,500000,500000,142,500 kb
scaffold_15,2500001,70,Chr15,6213574,3000000,2750000.5,500000,500000,140,500 kb
scaffold_15,3000001,57,Chr15,6213574,3500000,3250000.5,500000,500000,114,500 kb
scaffold_15,3500001,72,Chr15,6213574,4000000,3750000.5,500000,500000,144,500 kb
scaffold_15,4000001,90,Chr15,6213574,4500000,4250000.5,500000,500000,180,500 kb
scaffold_15,4500001,82,Chr15,6213574,5000000,4750000.5,500000,500000,164,500 kb
scaffold_15,5000001,69,Chr15,6213574,5500000,5250000.5,500000,500000,138,500 kb
scaffold_15,5500001,50,Chr15,6213574,6000000,5750000.5,500000,500000,100,500 kb
scaffold_15,6000001,11,Chr15,6213574,6213574,6106787.5,213574,500000,51.50439660258271,500 kb
scaffold_16,1,123,Chr16,2846023,500000,250000.5,500000,500000,246,500 kb
scaffold_16,500001,260,Chr16,2846023,1000000,750000.5,500000,500000,520,500 kb
scaffold_16,1000001,270,Chr16,2846023,1500000,1250000.5,500000,500000,540,500 kb
scaffold_16,1500001,341,Chr16,2846023,2000000,1750000.5,500000,500000,682,500 kb
scaffold_16,2000001,287,Chr16,2846023,2500000,2250000.5,500000,500000,574,500 kb
scaffold_16,2500001,95,Chr16,2846023,2846023,2673012,346023,500000,274.54822367299283,500 kb
scaffold_17,1,50,Chr17,2695941,500000,250000.5,500000,500000,100,500 kb
scaffold_17,500001,116,Chr17,2695941,1000000,750000.5,500000,500000,232,500 kb
scaffold_17,1000001,100,Chr17,2695941,1500000,1250000.5,500000,500000,200,500 kb
scaffold_17,1500001,63,Chr17,2695941,2000000,1750000.5,500000,500000,126,500 kb
scaffold_17,2000001,65,Chr17,2695941,2500000,2250000.5,500000,500000,130,500 kb
scaffold_17,2500001,17,Chr17,2695941,2695941,2597971,195941,500000,86.76081065218611,500 kb
scaffold_18,1,81,Chr18,1965232,500000,250000.5,500000,500000,162,500 kb
scaffold_18,500001,83,Chr18,1965232,1000000,750000.5,500000,500000,166,500 kb
scaffold_18,1000001,52,Chr18,1965232,1500000,1250000.5,500000,500000,104,500 kb
scaffold_18,1500001,39,Chr18,1965232,1965232,1732616.5,465232,500000,83.82914330914468,500 kb
scaffold_13,15000001,0,Chr13,15012242,15012242,15006121.5,12242,500000,0,500 kb
scaffold_1,1,676,Chr1,45697135,1000000,500000.5,1000000,1000000,676,1 Mb
scaffold_1,1000001,854,Chr1,45697135,2000000,1500000.5,1000000,1000000,854,1 Mb
scaffold_1,2000001,888,Chr1,45697135,3000000,2500000.5,1000000,1000000,888,1 Mb
scaffold_1,3000001,906,Chr1,45697135,4000000,3500000.5,1000000,1000000,906,1 Mb
scaffold_1,4000001,899,Chr1,45697135,5000000,4500000.5,1000000,1000000,899,1 Mb
scaffold_1,5000001,740,Chr1,45697135,6000000,5500000.5,1000000,1000000,740,1 Mb
scaffold_1,6000001,757,Chr1,45697135,7000000,6500000.5,1000000,1000000,757,1 Mb
scaffold_1,7000001,343,Chr1,45697135,8000000,7500000.5,1000000,1000000,343,1 Mb
scaffold_1,8000001,405,Chr1,45697135,9000000,8500000.5,1000000,1000000,405,1 Mb
scaffold_1,9000001,587,Chr1,45697135,10000000,9500000.5,1000000,1000000,587,1 Mb
scaffold_1,10000001,430,Chr1,45697135,11000000,10500000.5,1000000,1000000,430,1 Mb
scaffold_1,11000001,428,Chr1,45697135,12000000,11500000.5,1000000,1000000,428,1 Mb
scaffold_1,12000001,434,Chr1,45697135,13000000,12500000.5,1000000,1000000,434,1 Mb
scaffold_1,13000001,400,Chr1,45697135,14000000,13500000.5,1000000,1000000,400,1 Mb
scaffold_1,14000001,273,Chr1,45697135,15000000,14500000.5,1000000,1000000,273,1 Mb
scaffold_1,15000001,261,Chr1,45697135,16000000,15500000.5,1000000,1000000,261,1 Mb
scaffold_1,16000001,307,Chr1,45697135,17000000,16500000.5,1000000,1000000,307,1 Mb
scaffold_1,17000001,516,Chr1,45697135,18000000,17500000.5,1000000,1000000,516,1 Mb
scaffold_1,18000001,492,Chr1,45697135,19000000,18500000.5,1000000,1000000,492,1 Mb
scaffold_1,19000001,674,Chr1,45697135,20000000,19500000.5,1000000,1000000,674,1 Mb
scaffold_1,20000001,573,Chr1,45697135,21000000,20500000.5,1000000,1000000,573,1 Mb
scaffold_1,21000001,599,Chr1,45697135,22000000,21500000.5,1000000,1000000,599,1 Mb
scaffold_1,22000001,473,Chr1,45697135,23000000,22500000.5,1000000,1000000,473,1 Mb
scaffold_1,23000001,483,Chr1,45697135,24000000,23500000.5,1000000,1000000,483,1 Mb
scaffold_1,24000001,635,Chr1,45697135,25000000,24500000.5,1000000,1000000,635,1 Mb
scaffold_1,25000001,449,Chr1,45697135,26000000,25500000.5,1000000,1000000,449,1 Mb
scaffold_1,26000001,379,Chr1,45697135,27000000,26500000.5,1000000,1000000,379,1 Mb
scaffold_1,27000001,298,Chr1,45697135,28000000,27500000.5,1000000,1000000,298,1 Mb
scaffold_1,28000001,340,Chr1,45697135,29000000,28500000.5,1000000,1000000,340,1 Mb
scaffold_1,29000001,478,Chr1,45697135,30000000,29500000.5,1000000,1000000,478,1 Mb
scaffold_1,30000001,299,Chr1,45697135,31000000,30500000.5,1000000,1000000,299,1 Mb
scaffold_1,31000001,210,Chr1,45697135,32000000,31500000.5,1000000,1000000,210,1 Mb
scaffold_1,32000001,226,Chr1,45697135,33000000,32500000.5,1000000,1000000,226,1 Mb
scaffold_1,33000001,295,Chr1,45697135,34000000,33500000.5,1000000,1000000,295,1 Mb
scaffold_1,34000001,489,Chr1,45697135,35000000,34500000.5,1000000,1000000,489,1 Mb
scaffold_1,35000001,441,Chr1,45697135,36000000,35500000.5,1000000,1000000,441,1 Mb
scaffold_1,36000001,595,Chr1,45697135,37000000,36500000.5,1000000,1000000,595,1 Mb
scaffold_1,37000001,736,Chr1,45697135,38000000,37500000.5,1000000,1000000,736,1 Mb
scaffold_1,38000001,669,Chr1,45697135,39000000,38500000.5,1000000,1000000,669,1 Mb
scaffold_1,39000001,603,Chr1,45697135,40000000,39500000.5,1000000,1000000,603,1 Mb
scaffold_1,40000001,900,Chr1,45697135,41000000,40500000.5,1000000,1000000,900,1 Mb
scaffold_1,41000001,791,Chr1,45697135,42000000,41500000.5,1000000,1000000,791,1 Mb
scaffold_1,42000001,946,Chr1,45697135,43000000,42500000.5,1000000,1000000,946,1 Mb
scaffold_1,43000001,1007,Chr1,45697135,44000000,43500000.5,1000000,1000000,1007,1 Mb
scaffold_1,44000001,919,Chr1,45697135,45000000,44500000.5,1000000,1000000,919,1 Mb
scaffold_1,45000001,576,Chr1,45697135,45697135,45348568,697135,1000000,826.2388203145733,1 Mb
scaffold_2,1,169,Chr2,40817374,1000000,500000.5,1000000,1000000,169,1 Mb
scaffold_2,1000001,259,Chr2,40817374,2000000,1500000.5,1000000,1000000,259,1 Mb
scaffold_2,2000001,148,Chr2,40817374,3000000,2500000.5,1000000,1000000,148,1 Mb
scaffold_2,3000001,143,Chr2,40817374,4000000,3500000.5,1000000,1000000,143,1 Mb
scaffold_2,4000001,125,Chr2,40817374,5000000,4500000.5,1000000,1000000,125,1 Mb
scaffold_2,5000001,148,Chr2,40817374,6000000,5500000.5,1000000,1000000,148,1 Mb
scaffold_2,6000001,184,Chr2,40817374,7000000,6500000.5,1000000,1000000,184,1 Mb
scaffold_2,7000001,140,Chr2,40817374,8000000,7500000.5,1000000,1000000,140,1 Mb
scaffold_2,8000001,156,Chr2,40817374,9000000,8500000.5,1000000,1000000,156,1 Mb
scaffold_2,9000001,191,Chr2,40817374,10000000,9500000.5,1000000,1000000,191,1 Mb
scaffold_2,10000001,172,Chr2,40817374,11000000,10500000.5,1000000,1000000,172,1 Mb
scaffold_2,11000001,158,Chr2,40817374,12000000,11500000.5,1000000,1000000,158,1 Mb
scaffold_2,12000001,175,Chr2,40817374,13000000,12500000.5,1000000,1000000,175,1 Mb
scaffold_2,13000001,158,Chr2,40817374,14000000,13500000.5,1000000,1000000,158,1 Mb
scaffold_2,14000001,117,Chr2,40817374,15000000,14500000.5,1000000,1000000,117,1 Mb
scaffold_2,15000001,100,Chr2,40817374,16000000,15500000.5,1000000,1000000,100,1 Mb
scaffold_2,16000001,207,Chr2,40817374,17000000,16500000.5,1000000,1000000,207,1 Mb
scaffold_2,17000001,121,Chr2,40817374,18000000,17500000.5,1000000,1000000,121,1 Mb
scaffold_2,18000001,188,Chr2,40817374,19000000,18500000.5,1000000,1000000,188,1 Mb
scaffold_2,19000001,389,Chr2,40817374,20000000,19500000.5,1000000,1000000,389,1 Mb
scaffold_2,20000001,315,Chr2,40817374,21000000,20500000.5,1000000,1000000,315,1 Mb
scaffold_2,21000001,294,Chr2,40817374,22000000,21500000.5,1000000,1000000,294,1 Mb
scaffold_2,22000001,315,Chr2,40817374,23000000,22500000.5,1000000,1000000,315,1 Mb
scaffold_2,23000001,310,Chr2,40817374,24000000,23500000.5,1000000,1000000,310,1 Mb
scaffold_2,24000001,413,Chr2,40817374,25000000,24500000.5,1000000,1000000,413,1 Mb
scaffold_2,25000001,540,Chr2,40817374,26000000,25500000.5,1000000,1000000,540,1 Mb
scaffold_2,26000001,557,Chr2,40817374,27000000,26500000.5,1000000,1000000,557,1 Mb
scaffold_2,27000001,555,Chr2,40817374,28000000,27500000.5,1000000,1000000,555,1 Mb
scaffold_2,28000001,474,Chr2,40817374,29000000,28500000.5,1000000,1000000,474,1 Mb
scaffold_2,29000001,574,Chr2,40817374,30000000,29500000.5,1000000,1000000,574,1 Mb
scaffold_2,30000001,803,Chr2,40817374,31000000,30500000.5,1000000,1000000,803,1 Mb
scaffold_2,31000001,692,Chr2,40817374,32000000,31500000.5,1000000,1000000,692,1 Mb
scaffold_2,32000001,615,Chr2,40817374,33000000,32500000.5,1000000,1000000,615,1 Mb
scaffold_2,33000001,664,Chr2,40817374,34000000,33500000.5,1000000,1000000,664,1 Mb
scaffold_2,34000001,695,Chr2,40817374,35000000,34500000.5,1000000,1000000,695,1 Mb
scaffold_2,35000001,855,Chr2,40817374,36000000,35500000.5,1000000,1000000,855,1 Mb
scaffold_2,36000001,785,Chr2,40817374,37000000,36500000.5,1000000,1000000,785,1 Mb
scaffold_2,37000001,876,Chr2,40817374,38000000,37500000.5,1000000,1000000,876,1 Mb
scaffold_2,38000001,951,Chr2,40817374,39000000,38500000.5,1000000,1000000,951,1 Mb
scaffold_2,39000001,986,Chr2,40817374,40000000,39500000.5,1000000,1000000,986,1 Mb
scaffold_2,40000001,694,Chr2,40817374,40817374,40408687.5,817374,1000000,849.0605279835179,1 Mb
scaffold_3,1,167,Chr3,35723232,1000000,500000.5,1000000,1000000,167,1 Mb
scaffold_3,1000001,149,Chr3,35723232,2000000,1500000.5,1000000,1000000,149,1 Mb
scaffold_3,2000001,112,Chr3,35723232,3000000,2500000.5,1000000,1000000,112,1 Mb
scaffold_3,3000001,123,Chr3,35723232,4000000,3500000.5,1000000,1000000,123,1 Mb
scaffold_3,4000001,137,Chr3,35723232,5000000,4500000.5,1000000,1000000,137,1 Mb
scaffold_3,5000001,152,Chr3,35723232,6000000,5500000.5,1000000,1000000,152,1 Mb
scaffold_3,6000001,182,Chr3,35723232,7000000,6500000.5,1000000,1000000,182,1 Mb
scaffold_3,7000001,160,Chr3,35723232,8000000,7500000.5,1000000,1000000,160,1 Mb
scaffold_3,8000001,142,Chr3,35723232,9000000,8500000.5,1000000,1000000,142,1 Mb
scaffold_3,9000001,287,Chr3,35723232,10000000,9500000.5,1000000,1000000,287,1 Mb
scaffold_3,10000001,194,Chr3,35723232,11000000,10500000.5,1000000,1000000,194,1 Mb
scaffold_3,11000001,187,Chr3,35723232,12000000,11500000.5,1000000,1000000,187,1 Mb
scaffold_3,12000001,152,Chr3,35723232,13000000,12500000.5,1000000,1000000,152,1 Mb
scaffold_3,13000001,144,Chr3,35723232,14000000,13500000.5,1000000,1000000,144,1 Mb
scaffold_3,14000001,167,Chr3,35723232,15000000,14500000.5,1000000,1000000,167,1 Mb
scaffold_3,15000001,213,Chr3,35723232,16000000,15500000.5,1000000,1000000,213,1 Mb
scaffold_3,16000001,203,Chr3,35723232,17000000,16500000.5,1000000,1000000,203,1 Mb
scaffold_3,17000001,335,Chr3,35723232,18000000,17500000.5,1000000,1000000,335,1 Mb
scaffold_3,18000001,418,Chr3,35723232,19000000,18500000.5,1000000,1000000,418,1 Mb
scaffold_3,19000001,379,Chr3,35723232,20000000,19500000.5,1000000,1000000,379,1 Mb
scaffold_3,20000001,396,Chr3,35723232,21000000,20500000.5,1000000,1000000,396,1 Mb
scaffold_3,21000001,513,Chr3,35723232,22000000,21500000.5,1000000,1000000,513,1 Mb
scaffold_3,22000001,405,Chr3,35723232,23000000,22500000.5,1000000,1000000,405,1 Mb
scaffold_3,23000001,399,Chr3,35723232,24000000,23500000.5,1000000,1000000,399,1 Mb
scaffold_3,24000001,510,Chr3,35723232,25000000,24500000.5,1000000,1000000,510,1 Mb
scaffold_3,25000001,580,Chr3,35723232,26000000,25500000.5,1000000,1000000,580,1 Mb
scaffold_3,26000001,664,Chr3,35723232,27000000,26500000.5,1000000,1000000,664,1 Mb
scaffold_3,27000001,757,Chr3,35723232,28000000,27500000.5,1000000,1000000,757,1 Mb
scaffold_3,28000001,832,Chr3,35723232,29000000,28500000.5,1000000,1000000,832,1 Mb
scaffold_3,29000001,1113,Chr3,35723232,30000000,29500000.5,1000000,1000000,1113,1 Mb
scaffold_3,30000001,750,Chr3,35723232,31000000,30500000.5,1000000,1000000,750,1 Mb
scaffold_3,31000001,1023,Chr3,35723232,32000000,31500000.5,1000000,1000000,1023,1 Mb
scaffold_3,32000001,907,Chr3,35723232,33000000,32500000.5,1000000,1000000,907,1 Mb
scaffold_3,33000001,950,Chr3,35723232,34000000,33500000.5,1000000,1000000,950,1 Mb
scaffold_3,34000001,914,Chr3,35723232,35000000,34500000.5,1000000,1000000,914,1 Mb
scaffold_3,35000001,852,Chr3,35723232,35723232,35361616.5,723232,1000000,1178.045219238087,1 Mb
scaffold_4,1,127,Chr4,32323243,1000000,500000.5,1000000,1000000,127,1 Mb
scaffold_4,1000001,138,Chr4,32323243,2000000,1500000.5,1000000,1000000,138,1 Mb
scaffold_4,2000001,129,Chr4,32323243,3000000,2500000.5,1000000,1000000,129,1 Mb
scaffold_4,3000001,175,Chr4,32323243,4000000,3500000.5,1000000,1000000,175,1 Mb
scaffold_4,4000001,154,Chr4,32323243,5000000,4500000.5,1000000,1000000,154,1 Mb
scaffold_4,5000001,108,Chr4,32323243,6000000,5500000.5,1000000,1000000,108,1 Mb
scaffold_4,6000001,130,Chr4,32323243,7000000,6500000.5,1000000,1000000,130,1 Mb
scaffold_4,7000001,110,Chr4,32323243,8000000,7500000.5,1000000,1000000,110,1 Mb
scaffold_4,8000001,132,Chr4,32323243,9000000,8500000.5,1000000,1000000,132,1 Mb
scaffold_4,9000001,138,Chr4,32323243,10000000,9500000.5,1000000,1000000,138,1 Mb
scaffold_4,10000001,163,Chr4,32323243,11000000,10500000.5,1000000,1000000,163,1 Mb
scaffold_4,11000001,124,Chr4,32323243,12000000,11500000.5,1000000,1000000,124,1 Mb
scaffold_4,12000001,149,Chr4,32323243,13000000,12500000.5,1000000,1000000,149,1 Mb
scaffold_4,13000001,203,Chr4,32323243,14000000,13500000.5,1000000,1000000,203,1 Mb
scaffold_4,14000001,139,Chr4,32323243,15000000,14500000.5,1000000,1000000,139,1 Mb
scaffold_4,15000001,210,Chr4,32323243,16000000,15500000.5,1000000,1000000,210,1 Mb
scaffold_4,16000001,238,Chr4,32323243,17000000,16500000.5,1000000,1000000,238,1 Mb
scaffold_4,17000001,190,Chr4,32323243,18000000,17500000.5,1000000,1000000,190,1 Mb
scaffold_4,18000001,228,Chr4,32323243,19000000,18500000.5,1000000,1000000,228,1 Mb
scaffold_4,19000001,321,Chr4,32323243,20000000,19500000.5,1000000,1000000,321,1 Mb
scaffold_4,20000001,399,Chr4,32323243,21000000,20500000.5,1000000,1000000,399,1 Mb
scaffold_4,21000001,567,Chr4,32323243,22000000,21500000.5,1000000,1000000,567,1 Mb
scaffold_4,22000001,452,Chr4,32323243,23000000,22500000.5,1000000,1000000,452,1 Mb
scaffold_4,23000001,497,Chr4,32323243,24000000,23500000.5,1000000,1000000,497,1 Mb
scaffold_4,24000001,651,Chr4,32323243,25000000,24500000.5,1000000,1000000,651,1 Mb
scaffold_4,25000001,525,Chr4,32323243,26000000,25500000.5,1000000,1000000,525,1 Mb
scaffold_4,26000001,606,Chr4,32323243,27000000,26500000.5,1000000,1000000,606,1 Mb
scaffold_4,27000001,802,Chr4,32323243,28000000,27500000.5,1000000,1000000,802,1 Mb
scaffold_4,28000001,844,Chr4,32323243,29000000,28500000.5,1000000,1000000,844,1 Mb
scaffold_4,29000001,906,Chr4,32323243,30000000,29500000.5,1000000,1000000,906,1 Mb
scaffold_4,30000001,782,Chr4,32323243,31000000,30500000.5,1000000,1000000,782,1 Mb
scaffold_4,31000001,971,Chr4,32323243,32000000,31500000.5,1000000,1000000,971,1 Mb
scaffold_4,32000001,288,Chr4,32323243,32323243,32161622,323243,1000000,890.9705701283555,1 Mb
scaffold_5,1,782,Chr5,30106416,1000000,500000.5,1000000,1000000,782,1 Mb
scaffold_5,1000001,905,Chr5,30106416,2000000,1500000.5,1000000,1000000,905,1 Mb
scaffold_5,2000001,592,Chr5,30106416,3000000,2500000.5,1000000,1000000,592,1 Mb
scaffold_5,3000001,433,Chr5,30106416,4000000,3500000.5,1000000,1000000,433,1 Mb
scaffold_5,4000001,685,Chr5,30106416,5000000,4500000.5,1000000,1000000,685,1 Mb
scaffold_5,5000001,1064,Chr5,30106416,6000000,5500000.5,1000000,1000000,1064,1 Mb
scaffold_5,6000001,699,Chr5,30106416,7000000,6500000.5,1000000,1000000,699,1 Mb
scaffold_5,7000001,549,Chr5,30106416,8000000,7500000.5,1000000,1000000,549,1 Mb
scaffold_5,8000001,268,Chr5,30106416,9000000,8500000.5,1000000,1000000,268,1 Mb
scaffold_5,9000001,383,Chr5,30106416,10000000,9500000.5,1000000,1000000,383,1 Mb
scaffold_5,10000001,651,Chr5,30106416,11000000,10500000.5,1000000,1000000,651,1 Mb
scaffold_5,11000001,748,Chr5,30106416,12000000,11500000.5,1000000,1000000,748,1 Mb
scaffold_5,12000001,622,Chr5,30106416,13000000,12500000.5,1000000,1000000,622,1 Mb
scaffold_5,13000001,571,Chr5,30106416,14000000,13500000.5,1000000,1000000,571,1 Mb
scaffold_5,14000001,521,Chr5,30106416,15000000,14500000.5,1000000,1000000,521,1 Mb
scaffold_5,15000001,388,Chr5,30106416,16000000,15500000.5,1000000,1000000,388,1 Mb
scaffold_5,16000001,395,Chr5,30106416,17000000,16500000.5,1000000,1000000,395,1 Mb
scaffold_5,17000001,278,Chr5,30106416,18000000,17500000.5,1000000,1000000,278,1 Mb
scaffold_5,18000001,179,Chr5,30106416,19000000,18500000.5,1000000,1000000,179,1 Mb
scaffold_5,19000001,433,Chr5,30106416,20000000,19500000.5,1000000,1000000,433,1 Mb
scaffold_5,20000001,465,Chr5,30106416,21000000,20500000.5,1000000,1000000,465,1 Mb
scaffold_5,21000001,486,Chr5,30106416,22000000,21500000.5,1000000,1000000,486,1 Mb
scaffold_5,22000001,557,Chr5,30106416,23000000,22500000.5,1000000,1000000,557,1 Mb
scaffold_5,23000001,505,Chr5,30106416,24000000,23500000.5,1000000,1000000,505,1 Mb
scaffold_5,24000001,499,Chr5,30106416,25000000,24500000.5,1000000,1000000,499,1 Mb
scaffold_5,25000001,627,Chr5,30106416,26000000,25500000.5,1000000,1000000,627,1 Mb
scaffold_5,26000001,813,Chr5,30106416,27000000,26500000.5,1000000,1000000,813,1 Mb
scaffold_5,27000001,357,Chr5,30106416,28000000,27500000.5,1000000,1000000,357,1 Mb
scaffold_5,28000001,696,Chr5,30106416,29000000,28500000.5,1000000,1000000,696,1 Mb
scaffold_5,29000001,928,Chr5,30106416,30000000,29500000.5,1000000,1000000,928,1 Mb
scaffold_5,30000001,45,Chr5,30106416,30106416,30053208.5,106416,1000000,422.8687415426252,1 Mb
scaffold_6,1,751,Chr6,23938505,1000000,500000.5,1000000,1000000,751,1 Mb
scaffold_6,1000001,907,Chr6,23938505,2000000,1500000.5,1000000,1000000,907,1 Mb
scaffold_6,2000001,1121,Chr6,23938505,3000000,2500000.5,1000000,1000000,1121,1 Mb
scaffold_6,3000001,1088,Chr6,23938505,4000000,3500000.5,1000000,1000000,1088,1 Mb
scaffold_6,4000001,1086,Chr6,23938505,5000000,4500000.5,1000000,1000000,1086,1 Mb
scaffold_6,5000001,1029,Chr6,23938505,6000000,5500000.5,1000000,1000000,1029,1 Mb
scaffold_6,6000001,993,Chr6,23938505,7000000,6500000.5,1000000,1000000,993,1 Mb
scaffold_6,7000001,1027,Chr6,23938505,8000000,7500000.5,1000000,1000000,1027,1 Mb
scaffold_6,8000001,696,Chr6,23938505,9000000,8500000.5,1000000,1000000,696,1 Mb
scaffold_6,9000001,591,Chr6,23938505,10000000,9500000.5,1000000,1000000,591,1 Mb
scaffold_6,10000001,671,Chr6,23938505,11000000,10500000.5,1000000,1000000,671,1 Mb
scaffold_6,11000001,767,Chr6,23938505,12000000,11500000.5,1000000,1000000,767,1 Mb
scaffold_6,12000001,452,Chr6,23938505,13000000,12500000.5,1000000,1000000,452,1 Mb
scaffold_6,13000001,638,Chr6,23938505,14000000,13500000.5,1000000,1000000,638,1 Mb
scaffold_6,14000001,593,Chr6,23938505,15000000,14500000.5,1000000,1000000,593,1 Mb
scaffold_6,15000001,651,Chr6,23938505,16000000,15500000.5,1000000,1000000,651,1 Mb
scaffold_6,16000001,767,Chr6,23938505,17000000,16500000.5,1000000,1000000,767,1 Mb
scaffold_6,17000001,731,Chr6,23938505,18000000,17500000.5,1000000,1000000,731,1 Mb
scaffold_6,18000001,708,Chr6,23938505,19000000,18500000.5,1000000,1000000,708,1 Mb
scaffold_6,19000001,340,Chr6,23938505,20000000,19500000.5,1000000,1000000,340,1 Mb
scaffold_6,20000001,570,Chr6,23938505,21000000,20500000.5,1000000,1000000,570,1 Mb
scaffold_6,21000001,514,Chr6,23938505,22000000,21500000.5,1000000,1000000,514,1 Mb
scaffold_6,22000001,341,Chr6,23938505,23000000,22500000.5,1000000,1000000,341,1 Mb
scaffold_6,23000001,216,Chr6,23938505,23938505,23469253,938505,1000000,230.15327568846197,1 Mb
scaffold_7,1,798,Chr7,22643560,1000000,500000.5,1000000,1000000,798,1 Mb
scaffold_7,1000001,904,Chr7,22643560,2000000,1500000.5,1000000,1000000,904,1 Mb
scaffold_7,2000001,1045,Chr7,22643560,3000000,2500000.5,1000000,1000000,1045,1 Mb
scaffold_7,3000001,886,Chr7,22643560,4000000,3500000.5,1000000,1000000,886,1 Mb
scaffold_7,4000001,949,Chr7,22643560,5000000,4500000.5,1000000,1000000,949,1 Mb
scaffold_7,5000001,767,Chr7,22643560,6000000,5500000.5,1000000,1000000,767,1 Mb
scaffold_7,6000001,651,Chr7,22643560,7000000,6500000.5,1000000,1000000,651,1 Mb
scaffold_7,7000001,554,Chr7,22643560,8000000,7500000.5,1000000,1000000,554,1 Mb
scaffold_7,8000001,517,Chr7,22643560,9000000,8500000.5,1000000,1000000,517,1 Mb
scaffold_7,9000001,610,Chr7,22643560,10000000,9500000.5,1000000,1000000,610,1 Mb
scaffold_7,10000001,565,Chr7,22643560,11000000,10500000.5,1000000,1000000,565,1 Mb
scaffold_7,11000001,451,Chr7,22643560,12000000,11500000.5,1000000,1000000,451,1 Mb
scaffold_7,12000001,505,Chr7,22643560,13000000,12500000.5,1000000,1000000,505,1 Mb
scaffold_7,13000001,533,Chr7,22643560,14000000,13500000.5,1000000,1000000,533,1 Mb
scaffold_7,14000001,362,Chr7,22643560,15000000,14500000.5,1000000,1000000,362,1 Mb
scaffold_7,15000001,284,Chr7,22643560,16000000,15500000.5,1000000,1000000,284,1 Mb
scaffold_7,16000001,255,Chr7,22643560,17000000,16500000.5,1000000,1000000,255,1 Mb
scaffold_7,17000001,347,Chr7,22643560,18000000,17500000.5,1000000,1000000,347,1 Mb
scaffold_7,18000001,224,Chr7,22643560,19000000,18500000.5,1000000,1000000,224,1 Mb
scaffold_7,19000001,230,Chr7,22643560,20000000,19500000.5,1000000,1000000,230,1 Mb
scaffold_7,20000001,270,Chr7,22643560,21000000,20500000.5,1000000,1000000,270,1 Mb
scaffold_7,21000001,229,Chr7,22643560,22000000,21500000.5,1000000,1000000,229,1 Mb
scaffold_7,22000001,80,Chr7,22643560,22643560,22321780.5,643560,1000000,124.30853378084404,1 Mb
scaffold_8,1,495,Chr8,22139275,1000000,500000.5,1000000,1000000,495,1 Mb
scaffold_8,1000001,727,Chr8,22139275,2000000,1500000.5,1000000,1000000,727,1 Mb
scaffold_8,2000001,527,Chr8,22139275,3000000,2500000.5,1000000,1000000,527,1 Mb
scaffold_8,3000001,334,Chr8,22139275,4000000,3500000.5,1000000,1000000,334,1 Mb
scaffold_8,4000001,550,Chr8,22139275,5000000,4500000.5,1000000,1000000,550,1 Mb
scaffold_8,5000001,650,Chr8,22139275,6000000,5500000.5,1000000,1000000,650,1 Mb
scaffold_8,6000001,724,Chr8,22139275,7000000,6500000.5,1000000,1000000,724,1 Mb
scaffold_8,7000001,761,Chr8,22139275,8000000,7500000.5,1000000,1000000,761,1 Mb
scaffold_8,8000001,835,Chr8,22139275,9000000,8500000.5,1000000,1000000,835,1 Mb
scaffold_8,9000001,593,Chr8,22139275,10000000,9500000.5,1000000,1000000,593,1 Mb
scaffold_8,10000001,600,Chr8,22139275,11000000,10500000.5,1000000,1000000,600,1 Mb
scaffold_8,11000001,754,Chr8,22139275,12000000,11500000.5,1000000,1000000,754,1 Mb
scaffold_8,12000001,690,Chr8,22139275,13000000,12500000.5,1000000,1000000,690,1 Mb
scaffold_8,13000001,880,Chr8,22139275,14000000,13500000.5,1000000,1000000,880,1 Mb
scaffold_8,14000001,826,Chr8,22139275,15000000,14500000.5,1000000,1000000,826,1 Mb
scaffold_8,15000001,866,Chr8,22139275,16000000,15500000.5,1000000,1000000,866,1 Mb
scaffold_8,16000001,916,Chr8,22139275,17000000,16500000.5,1000000,1000000,916,1 Mb
scaffold_8,17000001,1327,Chr8,22139275,18000000,17500000.5,1000000,1000000,1327,1 Mb
scaffold_8,18000001,972,Chr8,22139275,19000000,18500000.5,1000000,1000000,972,1 Mb
scaffold_8,19000001,1141,Chr8,22139275,20000000,19500000.5,1000000,1000000,1141,1 Mb
scaffold_8,20000001,884,Chr8,22139275,21000000,20500000.5,1000000,1000000,884,1 Mb
scaffold_8,21000001,962,Chr8,22139275,22000000,21500000.5,1000000,1000000,962,1 Mb
scaffold_8,22000001,88,Chr8,22139275,22139275,22069638,139275,1000000,631.8434751391133,1 Mb
scaffold_9,1,882,Chr9,21681353,1000000,500000.5,1000000,1000000,882,1 Mb
scaffold_9,1000001,763,Chr9,21681353,2000000,1500000.5,1000000,1000000,763,1 Mb
scaffold_9,2000001,1117,Chr9,21681353,3000000,2500000.5,1000000,1000000,1117,1 Mb
scaffold_9,3000001,1005,Chr9,21681353,4000000,3500000.5,1000000,1000000,1005,1 Mb
scaffold_9,4000001,666,Chr9,21681353,5000000,4500000.5,1000000,1000000,666,1 Mb
scaffold_9,5000001,245,Chr9,21681353,6000000,5500000.5,1000000,1000000,245,1 Mb
scaffold_9,6000001,669,Chr9,21681353,7000000,6500000.5,1000000,1000000,669,1 Mb
scaffold_9,7000001,622,Chr9,21681353,8000000,7500000.5,1000000,1000000,622,1 Mb
scaffold_9,8000001,691,Chr9,21681353,9000000,8500000.5,1000000,1000000,691,1 Mb
scaffold_9,9000001,432,Chr9,21681353,10000000,9500000.5,1000000,1000000,432,1 Mb
scaffold_9,10000001,643,Chr9,21681353,11000000,10500000.5,1000000,1000000,643,1 Mb
scaffold_9,11000001,495,Chr9,21681353,12000000,11500000.5,1000000,1000000,495,1 Mb
scaffold_9,12000001,586,Chr9,21681353,13000000,12500000.5,1000000,1000000,586,1 Mb
scaffold_9,13000001,800,Chr9,21681353,14000000,13500000.5,1000000,1000000,800,1 Mb
scaffold_9,14000001,501,Chr9,21681353,15000000,14500000.5,1000000,1000000,501,1 Mb
scaffold_9,15000001,602,Chr9,21681353,16000000,15500000.5,1000000,1000000,602,1 Mb
scaffold_9,16000001,882,Chr9,21681353,17000000,16500000.5,1000000,1000000,882,1 Mb
scaffold_9,17000001,886,Chr9,21681353,18000000,17500000.5,1000000,1000000,886,1 Mb
scaffold_9,18000001,788,Chr9,21681353,19000000,18500000.5,1000000,1000000,788,1 Mb
scaffold_9,19000001,597,Chr9,21681353,20000000,19500000.5,1000000,1000000,597,1 Mb
scaffold_9,20000001,663,Chr9,21681353,21000000,20500000.5,1000000,1000000,663,1 Mb
scaffold_9,21000001,408,Chr9,21681353,21681353,21340677,681353,1000000,598.8085471114092,1 Mb
scaffold_10,1,536,Chr10,21286786,1000000,500000.5,1000000,1000000,536,1 Mb
scaffold_10,1000001,578,Chr10,21286786,2000000,1500000.5,1000000,1000000,578,1 Mb
scaffold_10,2000001,442,Chr10,21286786,3000000,2500000.5,1000000,1000000,442,1 Mb
scaffold_10,3000001,495,Chr10,21286786,4000000,3500000.5,1000000,1000000,495,1 Mb
scaffold_10,4000001,621,Chr10,21286786,5000000,4500000.5,1000000,1000000,621,1 Mb
scaffold_10,5000001,1080,Chr10,21286786,6000000,5500000.5,1000000,1000000,1080,1 Mb
scaffold_10,6000001,675,Chr10,21286786,7000000,6500000.5,1000000,1000000,675,1 Mb
scaffold_10,7000001,634,Chr10,21286786,8000000,7500000.5,1000000,1000000,634,1 Mb
scaffold_10,8000001,680,Chr10,21286786,9000000,8500000.5,1000000,1000000,680,1 Mb
scaffold_10,9000001,653,Chr10,21286786,10000000,9500000.5,1000000,1000000,653,1 Mb
scaffold_10,10000001,521,Chr10,21286786,11000000,10500000.5,1000000,1000000,521,1 Mb
scaffold_10,11000001,632,Chr10,21286786,12000000,11500000.5,1000000,1000000,632,1 Mb
scaffold_10,12000001,890,Chr10,21286786,13000000,12500000.5,1000000,1000000,890,1 Mb
scaffold_10,13000001,864,Chr10,21286786,14000000,13500000.5,1000000,1000000,864,1 Mb
scaffold_10,14000001,1008,Chr10,21286786,15000000,14500000.5,1000000,1000000,1008,1 Mb
scaffold_10,15000001,976,Chr10,21286786,16000000,15500000.5,1000000,1000000,976,1 Mb
scaffold_10,16000001,880,Chr10,21286786,17000000,16500000.5,1000000,1000000,880,1 Mb
scaffold_10,17000001,1074,Chr10,21286786,18000000,17500000.5,1000000,1000000,1074,1 Mb
scaffold_10,18000001,993,Chr10,21286786,19000000,18500000.5,1000000,1000000,993,1 Mb
scaffold_10,19000001,1043,Chr10,21286786,20000000,19500000.5,1000000,1000000,1043,1 Mb
scaffold_10,20000001,863,Chr10,21286786,21000000,20500000.5,1000000,1000000,863,1 Mb
scaffold_10,21000001,284,Chr10,21286786,21286786,21143393.5,286786,1000000,990.2854393171215,1 Mb
scaffold_11,1,166,Chr11,19266831,1000000,500000.5,1000000,1000000,166,1 Mb
scaffold_11,1000001,456,Chr11,19266831,2000000,1500000.5,1000000,1000000,456,1 Mb
scaffold_11,2000001,662,Chr11,19266831,3000000,2500000.5,1000000,1000000,662,1 Mb
scaffold_11,3000001,555,Chr11,19266831,4000000,3500000.5,1000000,1000000,555,1 Mb
scaffold_11,4000001,608,Chr11,19266831,5000000,4500000.5,1000000,1000000,608,1 Mb
scaffold_11,5000001,587,Chr11,19266831,6000000,5500000.5,1000000,1000000,587,1 Mb
scaffold_11,6000001,743,Chr11,19266831,7000000,6500000.5,1000000,1000000,743,1 Mb
scaffold_11,7000001,664,Chr11,19266831,8000000,7500000.5,1000000,1000000,664,1 Mb
scaffold_11,8000001,542,Chr11,19266831,9000000,8500000.5,1000000,1000000,542,1 Mb
scaffold_11,9000001,564,Chr11,19266831,10000000,9500000.5,1000000,1000000,564,1 Mb
scaffold_11,10000001,521,Chr11,19266831,11000000,10500000.5,1000000,1000000,521,1 Mb
scaffold_11,11000001,689,Chr11,19266831,12000000,11500000.5,1000000,1000000,689,1 Mb
scaffold_11,12000001,791,Chr11,19266831,13000000,12500000.5,1000000,1000000,791,1 Mb
scaffold_11,13000001,834,Chr11,19266831,14000000,13500000.5,1000000,1000000,834,1 Mb
scaffold_11,14000001,754,Chr11,19266831,15000000,14500000.5,1000000,1000000,754,1 Mb
scaffold_11,15000001,776,Chr11,19266831,16000000,15500000.5,1000000,1000000,776,1 Mb
scaffold_11,16000001,889,Chr11,19266831,17000000,16500000.5,1000000,1000000,889,1 Mb
scaffold_11,17000001,1067,Chr11,19266831,18000000,17500000.5,1000000,1000000,1067,1 Mb
scaffold_11,18000001,1023,Chr11,19266831,19000000,18500000.5,1000000,1000000,1023,1 Mb
scaffold_11,19000001,108,Chr11,19266831,19266831,19133416,266831,1000000,404.7505724597217,1 Mb
scaffold_12,1,794,Chr12,17831046,1000000,500000.5,1000000,1000000,794,1 Mb
scaffold_12,1000001,961,Chr12,17831046,2000000,1500000.5,1000000,1000000,961,1 Mb
scaffold_12,2000001,481,Chr12,17831046,3000000,2500000.5,1000000,1000000,481,1 Mb
scaffold_12,3000001,843,Chr12,17831046,4000000,3500000.5,1000000,1000000,843,1 Mb
scaffold_12,4000001,970,Chr12,17831046,5000000,4500000.5,1000000,1000000,970,1 Mb
scaffold_12,5000001,641,Chr12,17831046,6000000,5500000.5,1000000,1000000,641,1 Mb
scaffold_12,6000001,787,Chr12,17831046,7000000,6500000.5,1000000,1000000,787,1 Mb
scaffold_12,7000001,812,Chr12,17831046,8000000,7500000.5,1000000,1000000,812,1 Mb
scaffold_12,8000001,685,Chr12,17831046,9000000,8500000.5,1000000,1000000,685,1 Mb
scaffold_12,9000001,619,Chr12,17831046,10000000,9500000.5,1000000,1000000,619,1 Mb
scaffold_12,10000001,613,Chr12,17831046,11000000,10500000.5,1000000,1000000,613,1 Mb
scaffold_12,11000001,512,Chr12,17831046,12000000,11500000.5,1000000,1000000,512,1 Mb
scaffold_12,12000001,380,Chr12,17831046,13000000,12500000.5,1000000,1000000,380,1 Mb
scaffold_12,13000001,328,Chr12,17831046,14000000,13500000.5,1000000,1000000,328,1 Mb
scaffold_12,14000001,334,Chr12,17831046,15000000,14500000.5,1000000,1000000,334,1 Mb
scaffold_12,15000001,350,Chr12,17831046,16000000,15500000.5,1000000,1000000,350,1 Mb
scaffold_12,16000001,311,Chr12,17831046,17000000,16500000.5,1000000,1000000,311,1 Mb
scaffold_12,17000001,212,Chr12,17831046,17831046,17415523.5,831046,1000000,255.10019902628736,1 Mb
scaffold_13,1,532,Chr13,15012242,1000000,500000.5,1000000,1000000,532,1 Mb
scaffold_13,1000001,553,Chr13,15012242,2000000,1500000.5,1000000,1000000,553,1 Mb
scaffold_13,2000001,710,Chr13,15012242,3000000,2500000.5,1000000,1000000,710,1 Mb
scaffold_13,3000001,803,Chr13,15012242,4000000,3500000.5,1000000,1000000,803,1 Mb
scaffold_13,4000001,470,Chr13,15012242,5000000,4500000.5,1000000,1000000,470,1 Mb
scaffold_13,5000001,702,Chr13,15012242,6000000,5500000.5,1000000,1000000,702,1 Mb
scaffold_13,6000001,707,Chr13,15012242,7000000,6500000.5,1000000,1000000,707,1 Mb
scaffold_13,7000001,803,Chr13,15012242,8000000,7500000.5,1000000,1000000,803,1 Mb
scaffold_13,8000001,518,Chr13,15012242,9000000,8500000.5,1000000,1000000,518,1 Mb
scaffold_13,9000001,729,Chr13,15012242,10000000,9500000.5,1000000,1000000,729,1 Mb
scaffold_13,10000001,834,Chr13,15012242,11000000,10500000.5,1000000,1000000,834,1 Mb
scaffold_13,11000001,1011,Chr13,15012242,12000000,11500000.5,1000000,1000000,1011,1 Mb
scaffold_13,12000001,1042,Chr13,15012242,13000000,12500000.5,1000000,1000000,1042,1 Mb
scaffold_13,13000001,1047,Chr13,15012242,14000000,13500000.5,1000000,1000000,1047,1 Mb
scaffold_13,14000001,613,Chr13,15012242,15000000,14500000.5,1000000,1000000,613,1 Mb
scaffold_14,1,218,Chr14,9100013,1000000,500000.5,1000000,1000000,218,1 Mb
scaffold_14,1000001,177,Chr14,9100013,2000000,1500000.5,1000000,1000000,177,1 Mb
scaffold_14,2000001,206,Chr14,9100013,3000000,2500000.5,1000000,1000000,206,1 Mb
scaffold_14,3000001,227,Chr14,9100013,4000000,3500000.5,1000000,1000000,227,1 Mb
scaffold_14,4000001,269,Chr14,9100013,5000000,4500000.5,1000000,1000000,269,1 Mb
scaffold_14,5000001,189,Chr14,9100013,6000000,5500000.5,1000000,1000000,189,1 Mb
scaffold_14,6000001,157,Chr14,9100013,7000000,6500000.5,1000000,1000000,157,1 Mb
scaffold_14,7000001,204,Chr14,9100013,8000000,7500000.5,1000000,1000000,204,1 Mb
scaffold_14,8000001,215,Chr14,9100013,9000000,8500000.5,1000000,1000000,215,1 Mb
scaffold_14,9000001,7,Chr14,9100013,9100013,9050007,100013,1000000,69.99090118284623,1 Mb
scaffold_15,1,87,Chr15,6213574,1000000,500000.5,1000000,1000000,87,1 Mb
scaffold_15,1000001,163,Chr15,6213574,2000000,1500000.5,1000000,1000000,163,1 Mb
scaffold_15,2000001,141,Chr15,6213574,3000000,2500000.5,1000000,1000000,141,1 Mb
scaffold_15,3000001,129,Chr15,6213574,4000000,3500000.5,1000000,1000000,129,1 Mb
scaffold_15,4000001,172,Chr15,6213574,5000000,4500000.5,1000000,1000000,172,1 Mb
scaffold_15,5000001,119,Chr15,6213574,6000000,5500000.5,1000000,1000000,119,1 Mb
scaffold_15,6000001,11,Chr15,6213574,6213574,6106787.5,213574,1000000,51.50439660258271,1 Mb
scaffold_16,1,383,Chr16,2846023,1000000,500000.5,1000000,1000000,383,1 Mb
scaffold_16,1000001,611,Chr16,2846023,2000000,1500000.5,1000000,1000000,611,1 Mb
scaffold_16,2000001,382,Chr16,2846023,2846023,2423012,846023,1000000,451.5243675408352,1 Mb
scaffold_17,1,166,Chr17,2695941,1000000,500000.5,1000000,1000000,166,1 Mb
scaffold_17,1000001,163,Chr17,2695941,2000000,1500000.5,1000000,1000000,163,1 Mb
scaffold_17,2000001,82,Chr17,2695941,2695941,2347971,695941,1000000,117.82608008437496,1 Mb
scaffold_18,1,164,Chr18,1965232,1000000,500000.5,1000000,1000000,164,1 Mb
scaffold_18,1000001,91,Chr18,1965232,1965232,1482616.5,965232,1000000,94.2778523712434,1 Mb
scaffold_13,15000001,0,Chr13,15012242,15012242,15006121.5,12242,1000000,0,1 Mb
